CREATE DATABASE  IF NOT EXISTS `pokedex` /*!40100 DEFAULT CHARACTER SET utf8mb4 COLLATE utf8mb4_0900_ai_ci */ /*!80016 DEFAULT ENCRYPTION='N' */;
USE `pokedex`;
-- MySQL dump 10.13  Distrib 8.0.42, for Win64 (x86_64)
--
-- Host: 127.0.0.1    Database: pokedex
-- ------------------------------------------------------
-- Server version	9.3.0

/*!40101 SET @OLD_CHARACTER_SET_CLIENT=@@CHARACTER_SET_CLIENT */;
/*!40101 SET @OLD_CHARACTER_SET_RESULTS=@@CHARACTER_SET_RESULTS */;
/*!40101 SET @OLD_COLLATION_CONNECTION=@@COLLATION_CONNECTION */;
/*!50503 SET NAMES utf8 */;
/*!40103 SET @OLD_TIME_ZONE=@@TIME_ZONE */;
/*!40103 SET TIME_ZONE='+00:00' */;
/*!40014 SET @OLD_UNIQUE_CHECKS=@@UNIQUE_CHECKS, UNIQUE_CHECKS=0 */;
/*!40014 SET @OLD_FOREIGN_KEY_CHECKS=@@FOREIGN_KEY_CHECKS, FOREIGN_KEY_CHECKS=0 */;
/*!40101 SET @OLD_SQL_MODE=@@SQL_MODE, SQL_MODE='NO_AUTO_VALUE_ON_ZERO' */;
/*!40111 SET @OLD_SQL_NOTES=@@SQL_NOTES, SQL_NOTES=0 */;

--
-- Table structure for table `attacks`
--

DROP TABLE IF EXISTS `attacks`;
/*!40101 SET @saved_cs_client     = @@character_set_client */;
/*!50503 SET character_set_client = utf8mb4 */;
CREATE TABLE `attacks` (
  `aID` int NOT NULL AUTO_INCREMENT,
  `attack_name` varchar(50) NOT NULL,
  `type` varchar(10) NOT NULL,
  `category` varchar(20) DEFAULT NULL,
  `power` int DEFAULT NULL,
  `accuracy` int DEFAULT NULL,
  `PP` int DEFAULT NULL,
  `effect` varchar(100) NOT NULL,
  `tm` bit(1) DEFAULT NULL,
  PRIMARY KEY (`aID`),
  CONSTRAINT `attacks_chk_1` CHECK (((`power` >= 0) and (`accuracy` >= 0) and (`PP` >= 0)))
) ENGINE=InnoDB AUTO_INCREMENT=99 DEFAULT CHARSET=utf8mb4 COLLATE=utf8mb4_0900_ai_ci;
/*!40101 SET character_set_client = @saved_cs_client */;

--
-- Dumping data for table `attacks`
--

LOCK TABLES `attacks` WRITE;
/*!40000 ALTER TABLE `attacks` DISABLE KEYS */;
INSERT INTO `attacks` VALUES (3,'Absorb','Grass','special',20,100,25,'User recovers half the HP inflicted on opponent.',_binary '\0'),(4,'Acid','Poison','special',40,100,30,'May lower opponent\'s Special Defense.',_binary '\0'),(5,'Aurora Beam','Ice','special',65,100,20,'May lower opponent\'s Attack.',_binary '\0'),(6,'Barrage','Normal','physical',15,85,20,'Hits 2-5 times in one turn.',_binary '\0'),(7,'Bind','Normal','physical',15,85,20,'Traps opponent, damaging them for 4-5 turns.',_binary '\0'),(8,'Bite','Dark','physical',60,100,25,'May cause flinching.',_binary '\0'),(9,'Blizzard','Ice','special',110,70,5,'May freeze opponent.',_binary ''),(10,'Body Slam','Normal','physical',85,100,15,'May paralyze opponent.',_binary ''),(11,'Bone Club','Ground','physical',65,85,20,'May cause flinching.',_binary '\0'),(12,'Bonemerang','Ground','physical',50,90,10,'Hits twice in one turn.',_binary '\0'),(13,'Bubble','Water','special',40,100,30,'May lower opponent\'s Speed.',_binary '\0'),(14,'Bubble Beam','Water','special',65,100,20,'May lower opponent\'s Speed.',_binary '\0'),(15,'Clamp','Water','physical',35,85,15,'Traps opponent, damaging them for 4-5 turns.',_binary '\0'),(16,'Comet Punch','Normal','physical',18,85,15,'Hits 2-5 times in one turn.',_binary '\0'),(17,'Confusion','Psychic','special',50,100,25,'May confuse opponent.',_binary '\0'),(18,'Constrict','Normal','physical',10,100,35,'May lower opponent\'s Speed by one stage.',_binary '\0'),(19,'Crabhammer','Water','physical',100,90,10,'High critical hit ratio.',_binary '\0'),(20,'Cut','Normal','physical',50,95,30,'',_binary '\0'),(21,'Dig','Ground','physical',80,100,10,'Digs underground on first turn, attacks on second. Can also escape from caves.',_binary ''),(22,'Dizzy Punch','Normal','physical',70,100,10,'May confuse opponent.',_binary '\0'),(23,'Double Kick','Fighting','physical',30,100,30,'Hits twice in one turn.',_binary '\0'),(24,'Double Slap','Normal','physical',15,85,10,'Hits 2-5 times in one turn.',_binary '\0'),(25,'Double-Edge','Normal','physical',120,100,15,'User receives recoil damage.',_binary ''),(26,'Dream Eater','Psychic','special',100,100,15,'User recovers half the HP inflicted on a sleeping opponent.',_binary ''),(27,'Drill Peck','Flying','physical',80,100,20,'',_binary '\0'),(28,'Earthquake','Ground','physical',100,100,10,'Power is doubled if opponent is underground from using Dig.',_binary ''),(29,'Egg Bomb','Normal','physical',100,75,10,'',_binary ''),(30,'Ember','Fire','special',40,100,25,'May burn opponent.',_binary '\0'),(31,'Explosion','Normal','physical',250,100,5,'User faints.',_binary ''),(32,'Fire Blast','Fire','special',110,85,5,'May burn opponent.',_binary ''),(33,'Fire Punch','Fire','physical',75,100,15,'May burn opponent.',_binary '\0'),(34,'Fire Spin','Fire','special',35,85,15,'Traps opponent, damaging them for 4-5 turns.',_binary '\0'),(35,'Flamethrower','Fire','special',90,100,15,'May burn opponent.',_binary '\0'),(36,'Fly','Flying','physical',90,95,15,'Flies up on first turn, attacks on second turn.',_binary '\0'),(37,'Fury Attack','Normal','physical',15,85,20,'Hits 2-5 times in one turn.',_binary '\0'),(38,'Fury Swipes','Normal','physical',18,80,15,'Hits 2-5 times in one turn.',_binary '\0'),(39,'Gust','Flying','special',40,100,35,'Hits Pokemon using Fly/Bounce/Sky Drop with double power.',_binary '\0'),(40,'Headbutt','Normal','physical',70,100,15,'May cause flinching.',_binary '\0'),(41,'High Jump Kick','Fighting','physical',130,90,10,'If it misses, the user loses half their HP.',_binary '\0'),(42,'Horn Attack','Normal','physical',65,100,25,'',_binary '\0'),(43,'Hydro Pump','Water','special',110,80,5,'',_binary '\0'),(44,'Hyper Beam','Normal','special',150,90,5,'User must recharge next turn.',_binary ''),(45,'Hyper Fang','Normal','physical',80,90,15,'May cause flinching.',_binary '\0'),(46,'Ice Beam','Ice','special',90,100,10,'May freeze opponent.',_binary ''),(47,'Ice Punch','Ice','physical',75,100,15,'May freeze opponent.',_binary '\0'),(48,'Jump Kick','Fighting','physical',100,95,10,'If it misses, the user loses half their HP.',_binary '\0'),(49,'Karate Chop','Fighting','physical',50,100,25,'High critical hit ratio.',_binary '\0'),(50,'Leech Life','Bug','physical',80,100,10,'User recovers half the HP inflicted on opponent.',_binary '\0'),(51,'Lick','Ghost','physical',30,100,30,'May paralyze opponent.',_binary '\0'),(52,'Mega Drain','Grass','special',40,100,15,'User recovers half the HP inflicted on opponent.',_binary ''),(53,'Mega Kick','Normal','physical',120,75,5,'',_binary ''),(54,'Mega Punch','Normal','physical',80,85,20,'',_binary ''),(55,'Pay Day','Normal','physical',40,100,20,'Money is earned after the battle.',_binary ''),(56,'Peck','Flying','physical',35,100,35,'',_binary '\0'),(57,'Petal Dance','Grass','special',120,100,10,'User attacks for 2-3 turns but then becomes confused.',_binary '\0'),(58,'Pin Missile','Bug','physical',25,95,20,'Hits 2-5 times in one turn.',_binary '\0'),(59,'Poison Sting','Poison','physical',15,100,35,'May poison the opponent.',_binary '\0'),(60,'Pound','Normal','physical',40,100,35,'',_binary '\0'),(61,'Psybeam','Psychic','special',65,100,20,'May confuse opponent.',_binary '\0'),(62,'Psychic','Psychic','special',90,100,10,'May lower opponent\'s Special Defense.',_binary ''),(63,'Quick Attack','Normal','physical',40,100,30,'User attacks first.',_binary '\0'),(64,'Rage','Normal','physical',20,100,20,'Raises user\'s Attack when hit.',_binary ''),(65,'Razor Leaf','Grass','physical',55,95,25,'High critical hit ratio.',_binary '\0'),(66,'Razor Wind','Normal','special',80,100,10,'Charges on first turn, attacks on second. High critical hit ratio.',_binary ''),(67,'Rock Slide','Rock','physical',75,90,10,'May cause flinching.',_binary ''),(68,'Rock Throw','Rock','physical',50,90,15,'',_binary '\0'),(69,'Rolling Kick','Fighting','physical',60,85,15,'May cause flinching.',_binary '\0'),(70,'Scratch','Normal','physical',40,100,35,'',_binary '\0'),(71,'Self-Destruct','Normal','physical',200,100,5,'User faints.',_binary '\0'),(72,'Skull Bash','Normal','physical',130,100,10,'Raises Defense on first turn, attacks on second.',_binary ''),(73,'Sky Attack','Flying','physical',140,90,5,'Charges on first turn, attacks on second. May cause flinching. High critical hit ratio.',_binary ''),(74,'Slam','Normal','physical',80,75,20,'',_binary '\0'),(75,'Slash','Normal','physical',70,100,20,'High critical hit ratio.',_binary '\0'),(76,'Sludge','Poison','special',65,100,20,'May poison opponent.',_binary '\0'),(77,'Smog','Poison','special',30,70,20,'May poison opponent.',_binary '\0'),(78,'Solar Beam','Grass','special',120,100,10,'Charges on first turn, attacks on second.',_binary '\0'),(79,'Spike Cannon','Normal','physical',20,100,15,'Hits 2-5 times in one turn.',_binary '\0'),(80,'Stomp','Normal','physical',65,100,20,'May cause flinching.',_binary '\0'),(81,'Strength','Normal','physical',80,100,15,'',_binary '\0'),(82,'Submission','Fighting','physical',80,80,20,'User receives recoil damage.',_binary ''),(83,'Surf','Water','special',90,100,15,'Hits all adjacent Pokï¿½mon.',_binary '\0'),(84,'Tackle','Normal','physical',40,100,35,'',_binary '\0'),(85,'Take Down','Normal','physical',90,85,20,'User receives recoil damage.',_binary ''),(86,'Thrash','Normal','physical',120,100,10,'User attacks for 2-3 turns but then becomes confused.',_binary '\0'),(87,'Thunder','Electric','special',110,70,10,'May paralyze opponent.',_binary ''),(88,'Thunder Punch','Electric','physical',75,100,15,'May paralyze opponent.',_binary '\0'),(89,'Thunder Shock','Electric','special',40,100,30,'May paralyze opponent.',_binary '\0'),(90,'Thunderbolt','Electric','special',90,100,15,'May paralyze opponent.',_binary ''),(91,'Tri Attack','Normal','special',80,100,10,'May paralyze, burn or freeze opponent.',_binary ''),(92,'Twineedle','Bug','physical',25,100,20,'Hits twice in one turn. May poison opponent.',_binary '\0'),(93,'Vine Whip','Grass','physical',45,100,25,'',_binary '\0'),(94,'Vise Grip','Normal','physical',55,100,30,'',_binary '\0'),(95,'Water Gun','Water','special',40,100,25,'',_binary ''),(96,'Waterfall','Water','physical',80,100,15,'May cause flinching.',_binary '\0'),(97,'Wing Attack','Flying','physical',60,100,35,'',_binary '\0'),(98,'Wrap','Normal','physical',15,90,20,'Traps opponent, damaging them for 4-5 turns.',_binary '\0');
/*!40000 ALTER TABLE `attacks` ENABLE KEYS */;
UNLOCK TABLES;

--
-- Table structure for table `currentattacks`
--

DROP TABLE IF EXISTS `currentattacks`;
/*!40101 SET @saved_cs_client     = @@character_set_client */;
/*!50503 SET character_set_client = utf8mb4 */;
CREATE TABLE `currentattacks` (
  `instanceID` int NOT NULL,
  `aID` int NOT NULL,
  PRIMARY KEY (`instanceID`,`aID`),
  CONSTRAINT `currentattacks_ibfk_1` FOREIGN KEY (`instanceID`) REFERENCES `mypokemon` (`instanceID`)
) ENGINE=InnoDB DEFAULT CHARSET=utf8mb4 COLLATE=utf8mb4_0900_ai_ci;
/*!40101 SET character_set_client = @saved_cs_client */;

--
-- Dumping data for table `currentattacks`
--

LOCK TABLES `currentattacks` WRITE;
/*!40000 ALTER TABLE `currentattacks` DISABLE KEYS */;
INSERT INTO `currentattacks` VALUES (4,10),(4,26),(4,34),(4,43),(7,8),(7,40),(7,64);
/*!40000 ALTER TABLE `currentattacks` ENABLE KEYS */;
UNLOCK TABLES;
/*!50003 SET @saved_cs_client      = @@character_set_client */ ;
/*!50003 SET @saved_cs_results     = @@character_set_results */ ;
/*!50003 SET @saved_col_connection = @@collation_connection */ ;
/*!50003 SET character_set_client  = utf8mb4 */ ;
/*!50003 SET character_set_results = utf8mb4 */ ;
/*!50003 SET collation_connection  = utf8mb4_0900_ai_ci */ ;
/*!50003 SET @saved_sql_mode       = @@sql_mode */ ;
/*!50003 SET sql_mode              = 'ONLY_FULL_GROUP_BY,STRICT_TRANS_TABLES,NO_ZERO_IN_DATE,NO_ZERO_DATE,ERROR_FOR_DIVISION_BY_ZERO,NO_ENGINE_SUBSTITUTION' */ ;
DELIMITER ;;
/*!50003 CREATE*/ /*!50017 DEFINER=`root`@`localhost`*/ /*!50003 TRIGGER `limit_attacks` BEFORE INSERT ON `currentattacks` FOR EACH ROW BEGIN
	DECLARE atkCount INT;
    SELECT COUNT(DISTINCT(instanceID)) INTO atkCount
    FROM CurrentAttacks;
    
    IF atkCount >= 4 THEN 
		SIGNAL SQLSTATE '45000'
		SET MESSAGE_TEXT = 'Pokemon cannot learn more than 4 moves';
    END IF;
END */;;
DELIMITER ;
/*!50003 SET sql_mode              = @saved_sql_mode */ ;
/*!50003 SET character_set_client  = @saved_cs_client */ ;
/*!50003 SET character_set_results = @saved_cs_results */ ;
/*!50003 SET collation_connection  = @saved_col_connection */ ;

--
-- Table structure for table `evolutions`
--

DROP TABLE IF EXISTS `evolutions`;
/*!40101 SET @saved_cs_client     = @@character_set_client */;
/*!50503 SET character_set_client = utf8mb4 */;
CREATE TABLE `evolutions` (
  `evolvesFrom` int NOT NULL,
  `evolvesInto` int NOT NULL,
  PRIMARY KEY (`evolvesFrom`,`evolvesInto`)
) ENGINE=InnoDB DEFAULT CHARSET=utf8mb4 COLLATE=utf8mb4_0900_ai_ci;
/*!40101 SET character_set_client = @saved_cs_client */;

--
-- Dumping data for table `evolutions`
--

LOCK TABLES `evolutions` WRITE;
/*!40000 ALTER TABLE `evolutions` DISABLE KEYS */;
INSERT INTO `evolutions` VALUES (1,2),(2,3),(4,5),(5,6),(7,8),(8,9),(10,11),(11,12),(13,14),(14,15),(16,17),(17,18),(19,20),(21,22),(23,24),(25,26),(27,28),(29,30),(30,31),(32,33),(33,34),(35,36),(37,38),(39,40),(41,42),(42,169),(43,44),(44,45),(44,182),(46,47),(48,49),(50,51),(52,53),(54,55),(56,57),(58,59),(60,61),(61,62),(61,186),(63,64),(64,65),(66,67),(67,68),(69,70),(70,71),(72,73),(74,75),(75,76),(77,78),(79,80),(79,199),(81,82),(84,85),(86,87),(88,89),(90,91),(92,93),(93,94),(95,208),(96,97),(98,99),(100,101),(102,103),(104,105),(108,463),(109,110),(111,112),(112,464),(113,242),(114,465),(116,117),(117,230),(118,119),(120,121),(123,212),(125,466),(126,467),(129,130),(133,134),(133,135),(133,136),(133,196),(133,197),(133,470),(133,471),(133,700),(137,233),(138,139),(140,141),(147,148),(148,149),(152,153),(155,156),(156,157),(158,159),(159,160),(161,162),(163,164),(165,166),(167,168),(170,171),(172,25),(173,35),(174,39),(175,176),(176,468),(177,178),(179,180),(180,181),(183,184),(187,188),(188,189),(190,424),(191,192),(193,469),(194,195),(198,430),(200,429),(204,205),(207,472),(209,210),(215,461),(216,217),(218,219),(220,221),(221,473),(223,224),(228,229),(231,232),(233,474),(236,106),(236,107),(236,237),(238,124),(239,125),(240,126),(246,247),(247,248),(252,253),(253,254),(255,256),(256,257),(258,259),(259,260),(261,262),(263,264),(265,266),(265,268),(266,267),(268,269),(270,271),(271,272),(273,274),(274,275),(276,277),(278,279),(280,281),(281,282),(281,475),(283,284),(285,286),(287,288),(288,289),(290,291),(290,292),(293,294),(294,295),(296,297),(298,183),(299,476),(300,301),(304,305),(305,306),(307,308),(309,310),(315,407),(316,317),(318,319),(320,321),(322,323),(325,326),(328,329),(329,330),(331,332),(333,334),(339,340),(341,342),(343,344),(345,346),(347,348),(349,350),(353,354),(355,356),(356,477),(360,202),(361,362),(361,478),(363,364),(364,365),(366,367),(366,368),(371,372),(372,373),(374,375),(375,376),(387,388),(388,389),(390,391),(391,392),(393,394),(394,395),(396,397),(397,398),(399,400),(401,402),(403,404),(404,405),(406,315),(408,409),(410,411),(412,413),(412,414),(415,416),(418,419),(420,421),(422,423),(425,426),(427,428),(431,432),(433,358),(434,435),(436,437),(438,185),(439,122),(443,444),(444,445),(446,143),(447,448),(449,450),(451,452),(453,454),(456,457),(458,226),(459,460),(495,496),(496,497),(498,499),(499,500),(501,502),(502,503),(504,505),(506,507),(507,508),(509,510),(511,512),(513,514),(515,516),(517,518),(519,520),(520,521),(522,523),(524,525),(525,526),(527,528),(529,530),(532,533),(533,534),(535,536),(536,537),(540,541),(541,542),(543,544),(544,545),(546,547),(548,549),(551,552),(552,553),(554,555),(557,558),(559,560),(562,563),(564,565),(566,567),(568,569),(570,571),(572,573),(574,575),(575,576),(577,578),(578,579),(580,581),(582,583),(583,584),(585,586),(588,589),(590,591),(592,593),(595,596),(597,598),(599,600),(600,601),(602,603),(603,604),(605,606),(607,608),(608,609),(610,611),(611,612),(613,614),(616,617),(619,620),(622,623),(624,625),(627,628),(629,630),(633,634),(634,635),(636,637),(650,651),(651,652),(653,654),(654,655),(656,657),(657,658),(659,660),(661,662),(662,663),(664,665),(665,666),(667,668),(669,670),(670,671),(672,673),(674,675),(677,678),(679,680),(680,681),(682,683),(684,685),(686,687),(688,689),(690,691),(692,693),(694,695),(696,697),(698,699),(704,705),(705,706),(708,709),(710,711),(712,713),(714,715);
/*!40000 ALTER TABLE `evolutions` ENABLE KEYS */;
UNLOCK TABLES;

--
-- Table structure for table `group_members`
--

DROP TABLE IF EXISTS `group_members`;
/*!40101 SET @saved_cs_client     = @@character_set_client */;
/*!50503 SET character_set_client = utf8mb4 */;
CREATE TABLE `group_members` (
  `id` int NOT NULL AUTO_INCREMENT,
  `first_name` varchar(45) DEFAULT NULL,
  `last_name` varchar(45) DEFAULT NULL,
  `favourite_colour` varchar(45) DEFAULT NULL,
  UNIQUE KEY `id` (`id`)
) ENGINE=InnoDB AUTO_INCREMENT=5 DEFAULT CHARSET=utf8mb4 COLLATE=utf8mb4_0900_ai_ci;
/*!40101 SET character_set_client = @saved_cs_client */;

--
-- Dumping data for table `group_members`
--

LOCK TABLES `group_members` WRITE;
/*!40000 ALTER TABLE `group_members` DISABLE KEYS */;
INSERT INTO `group_members` VALUES (1,'Mya','Kay','pink'),(2,'Jasmine','Yip','red'),(3,'Lola','James','purple'),(4,'Mahdee','Khandokar','black');
/*!40000 ALTER TABLE `group_members` ENABLE KEYS */;
UNLOCK TABLES;

--
-- Table structure for table `learnableattacks`
--

DROP TABLE IF EXISTS `learnableattacks`;
/*!40101 SET @saved_cs_client     = @@character_set_client */;
/*!50503 SET character_set_client = utf8mb4 */;
CREATE TABLE `learnableattacks` (
  `pID` int NOT NULL,
  `aID` int NOT NULL,
  PRIMARY KEY (`pID`,`aID`)
) ENGINE=InnoDB DEFAULT CHARSET=utf8mb4 COLLATE=utf8mb4_0900_ai_ci;
/*!40101 SET character_set_client = @saved_cs_client */;

--
-- Dumping data for table `learnableattacks`
--

LOCK TABLES `learnableattacks` WRITE;
/*!40000 ALTER TABLE `learnableattacks` DISABLE KEYS */;
INSERT INTO `learnableattacks` VALUES (1,7),(1,10),(1,20),(1,40),(1,52),(1,57),(1,64),(1,65),(1,66),(1,72),(1,76),(1,78),(1,81),(1,84),(1,85),(1,93),(2,7),(2,10),(2,20),(2,40),(2,52),(2,57),(2,64),(2,65),(2,78),(2,81),(2,84),(2,85),(2,93),(3,7),(3,10),(3,20),(3,28),(3,40),(3,44),(3,52),(3,57),(3,64),(3,65),(3,78),(3,81),(3,84),(3,85),(3,93),(4,8),(4,10),(4,20),(4,21),(4,30),(4,32),(4,33),(4,34),(4,35),(4,38),(4,40),(4,53),(4,54),(4,64),(4,67),(4,70),(4,72),(4,75),(4,81),(4,82),(4,85),(4,88),(4,97),(5,8),(5,10),(5,20),(5,21),(5,30),(5,32),(5,33),(5,34),(5,35),(5,38),(5,40),(5,53),(5,54),(5,64),(5,67),(5,70),(5,72),(5,75),(5,81),(5,82),(5,85),(5,88),(6,8),(6,10),(6,20),(6,21),(6,28),(6,30),(6,32),(6,33),(6,34),(6,35),(6,36),(6,38),(6,40),(6,44),(6,53),(6,54),(6,64),(6,67),(6,70),(6,72),(6,75),(6,78),(6,81),(6,82),(6,85),(6,88),(6,97),(7,8),(7,9),(7,10),(7,13),(7,14),(7,17),(7,21),(7,40),(7,43),(7,46),(7,47),(7,53),(7,54),(7,64),(7,67),(7,72),(7,81),(7,82),(7,83),(7,84),(7,85),(7,95),(7,96),(8,8),(8,9),(8,10),(8,13),(8,14),(8,21),(8,40),(8,43),(8,46),(8,47),(8,53),(8,54),(8,64),(8,67),(8,72),(8,81),(8,82),(8,83),(8,84),(8,85),(8,95),(8,96),(9,8),(9,9),(9,10),(9,13),(9,14),(9,21),(9,28),(9,40),(9,43),(9,44),(9,46),(9,47),(9,53),(9,54),(9,64),(9,67),(9,72),(9,81),(9,82),(9,83),(9,84),(9,85),(9,95),(9,96),(10,84),(12,17),(12,26),(12,39),(12,40),(12,44),(12,52),(12,61),(12,62),(12,64),(12,66),(12,78),(12,84),(12,85),(13,59),(15,20),(15,37),(15,40),(15,44),(15,52),(15,56),(15,58),(15,59),(15,64),(15,72),(15,78),(15,85),(15,92),(16,36),(16,39),(16,40),(16,63),(16,64),(16,66),(16,73),(16,84),(16,85),(16,97),(17,36),(17,39),(17,40),(17,63),(17,64),(17,66),(17,73),(17,84),(17,85),(17,97),(18,36),(18,39),(18,40),(18,44),(18,63),(18,64),(18,66),(18,73),(18,84),(18,85),(18,97),(19,8),(19,9),(19,10),(19,14),(19,20),(19,21),(19,38),(19,40),(19,45),(19,46),(19,63),(19,64),(19,72),(19,84),(19,85),(19,87),(19,90),(19,95),(20,8),(20,9),(20,10),(20,14),(20,20),(20,21),(20,38),(20,40),(20,44),(20,45),(20,46),(20,63),(20,64),(20,72),(20,81),(20,84),(20,85),(20,87),(20,90),(20,95),(21,27),(21,36),(21,37),(21,40),(21,56),(21,63),(21,64),(21,66),(21,73),(21,85),(21,91),(21,97),(22,27),(22,36),(22,37),(22,40),(22,44),(22,56),(22,63),(22,64),(22,66),(22,73),(22,85),(22,91),(22,97),(23,4),(23,7),(23,8),(23,10),(23,21),(23,28),(23,40),(23,50),(23,52),(23,59),(23,64),(23,67),(23,72),(23,74),(23,81),(23,85),(23,98),(24,4),(24,7),(24,8),(24,10),(24,21),(24,28),(24,40),(24,44),(24,50),(24,52),(24,59),(24,64),(24,67),(24,72),(24,74),(24,81),(24,85),(24,98),(25,10),(25,21),(25,23),(25,40),(25,53),(25,54),(25,55),(25,63),(25,64),(25,72),(25,74),(25,81),(25,82),(25,83),(25,85),(25,87),(25,88),(25,89),(25,90),(26,10),(26,21),(26,40),(26,44),(26,53),(26,54),(26,55),(26,63),(26,64),(26,72),(26,74),(26,81),(26,82),(26,83),(26,85),(26,87),(26,88),(26,89),(26,90),(27,10),(27,20),(27,21),(27,28),(27,38),(27,40),(27,50),(27,59),(27,64),(27,67),(27,70),(27,72),(27,75),(27,81),(27,82),(27,85),(28,10),(28,20),(28,21),(28,28),(28,38),(28,40),(28,44),(28,50),(28,58),(28,59),(28,64),(28,67),(28,70),(28,72),(28,75),(28,81),(28,82),(28,85),(30,8),(30,9),(30,10),(30,14),(30,20),(30,21),(30,23),(30,38),(30,40),(30,46),(30,59),(30,64),(30,70),(30,72),(30,81),(30,84),(30,85),(30,87),(30,90),(30,95),(31,8),(31,9),(31,10),(31,14),(31,20),(31,21),(31,23),(31,28),(31,32),(31,33),(31,35),(31,38),(31,40),(31,44),(31,46),(31,47),(31,53),(31,54),(31,55),(31,59),(31,64),(31,67),(31,70),(31,72),(31,81),(31,82),(31,83),(31,84),(31,85),(31,87),(31,88),(31,90),(31,95),(33,9),(33,10),(33,14),(33,20),(33,21),(33,23),(33,37),(33,40),(33,42),(33,46),(33,56),(33,59),(33,64),(33,72),(33,81),(33,84),(33,85),(33,87),(33,90),(33,95),(34,9),(34,10),(34,14),(34,20),(34,21),(34,23),(34,28),(34,32),(34,33),(34,35),(34,37),(34,40),(34,42),(34,44),(34,46),(34,47),(34,53),(34,54),(34,55),(34,56),(34,59),(34,64),(34,67),(34,72),(34,81),(34,82),(34,83),(34,84),(34,85),(34,86),(34,87),(34,88),(34,90),(34,95),(35,9),(35,10),(35,14),(35,21),(35,24),(35,26),(35,32),(35,33),(35,35),(35,40),(35,46),(35,47),(35,53),(35,54),(35,60),(35,61),(35,62),(35,64),(35,72),(35,78),(35,81),(35,82),(35,84),(35,85),(35,87),(35,88),(35,90),(35,91),(35,95),(36,9),(36,10),(36,14),(36,21),(36,24),(36,26),(36,32),(36,33),(36,35),(36,40),(36,44),(36,46),(36,47),(36,53),(36,54),(36,60),(36,61),(36,62),(36,64),(36,72),(36,78),(36,81),(36,82),(36,84),(36,85),(36,87),(36,88),(36,90),(36,91),(36,95),(37,10),(37,21),(37,30),(37,32),(37,34),(37,35),(37,40),(37,63),(37,64),(37,72),(37,84),(37,85),(38,10),(38,21),(38,26),(38,30),(38,32),(38,34),(38,35),(38,40),(38,44),(38,63),(38,64),(38,72),(38,78),(38,84),(38,85),(39,9),(39,10),(39,14),(39,21),(39,24),(39,26),(39,32),(39,33),(39,35),(39,40),(39,46),(39,47),(39,53),(39,54),(39,60),(39,62),(39,64),(39,72),(39,78),(39,81),(39,82),(39,85),(39,87),(39,88),(39,90),(39,91),(39,95),(40,9),(40,10),(40,14),(40,21),(40,24),(40,26),(40,32),(40,33),(40,35),(40,40),(40,44),(40,46),(40,47),(40,53),(40,54),(40,60),(40,62),(40,64),(40,72),(40,78),(40,81),(40,82),(40,85),(40,87),(40,88),(40,90),(40,91),(40,95),(41,3),(41,8),(41,36),(41,39),(41,40),(41,50),(41,52),(41,63),(41,64),(41,66),(41,85),(41,97),(42,3),(42,8),(42,36),(42,39),(42,40),(42,44),(42,50),(42,52),(42,63),(42,64),(42,66),(42,85),(42,97),(43,3),(43,4),(43,20),(43,40),(43,52),(43,57),(43,64),(43,65),(43,78),(43,85),(44,3),(44,4),(44,20),(44,40),(44,52),(44,57),(44,64),(44,65),(44,78),(44,85),(45,3),(45,4),(45,10),(45,20),(45,40),(45,44),(45,52),(45,57),(45,64),(45,65),(45,78),(45,85),(46,3),(46,10),(46,20),(46,21),(46,38),(46,40),(46,50),(46,52),(46,61),(46,64),(46,70),(46,72),(46,75),(46,78),(46,85),(47,3),(47,10),(47,20),(47,21),(47,38),(47,40),(47,44),(47,50),(47,52),(47,64),(47,70),(47,72),(47,75),(47,78),(47,85),(48,17),(48,40),(48,50),(48,52),(48,61),(48,62),(48,64),(48,78),(48,84),(48,85),(49,17),(49,26),(49,39),(49,40),(49,44),(49,50),(49,52),(49,61),(49,62),(49,64),(49,66),(49,78),(49,84),(49,85),(50,10),(50,20),(50,21),(50,28),(50,38),(50,40),(50,64),(50,67),(50,70),(50,75),(50,85),(51,10),(51,20),(51,21),(51,28),(51,38),(51,40),(51,44),(51,64),(51,67),(51,70),(51,75),(51,85),(51,91),(52,8),(52,10),(52,14),(52,20),(52,21),(52,26),(52,38),(52,40),(52,55),(52,64),(52,70),(52,72),(52,75),(52,85),(52,87),(52,90),(52,95),(53,8),(53,10),(53,14),(53,20),(53,21),(53,26),(53,38),(53,40),(53,44),(53,55),(53,64),(53,70),(53,72),(53,75),(53,85),(53,87),(53,90),(53,95),(54,9),(54,10),(54,13),(54,14),(54,17),(54,21),(54,38),(54,40),(54,43),(54,46),(54,47),(54,53),(54,54),(54,55),(54,61),(54,62),(54,64),(54,70),(54,72),(54,81),(54,82),(54,83),(54,85),(54,95),(54,96),(55,9),(55,10),(55,13),(55,14),(55,17),(55,21),(55,38),(55,40),(55,43),(55,44),(55,46),(55,47),(55,53),(55,54),(55,55),(55,61),(55,62),(55,64),(55,70),(55,72),(55,81),(55,82),(55,83),(55,85),(55,95),(55,96),(56,10),(56,21),(56,28),(56,33),(56,38),(56,40),(56,47),(56,49),(56,53),(56,54),(56,55),(56,64),(56,67),(56,70),(56,72),(56,81),(56,82),(56,85),(56,86),(56,87),(56,88),(56,90),(57,10),(57,21),(57,28),(57,33),(57,38),(57,40),(57,44),(57,47),(57,49),(57,53),(57,54),(57,55),(57,64),(57,67),(57,70),(57,72),(57,81),(57,82),(57,85),(57,86),(57,87),(57,88),(57,90),(58,8),(58,10),(58,21),(58,23),(58,30),(58,32),(58,34),(58,35),(58,40),(58,64),(58,72),(58,81),(58,85),(58,86),(59,8),(59,10),(59,21),(59,30),(59,32),(59,34),(59,35),(59,40),(59,44),(59,64),(59,72),(59,78),(59,81),(59,85),(60,9),(60,10),(60,13),(60,14),(60,21),(60,24),(60,40),(60,43),(60,46),(60,60),(60,62),(60,64),(60,72),(60,83),(60,85),(60,95),(60,96),(61,9),(61,10),(61,13),(61,14),(61,21),(61,24),(61,28),(61,40),(61,43),(61,46),(61,47),(61,53),(61,54),(61,60),(61,62),(61,64),(61,72),(61,81),(61,82),(61,83),(61,85),(61,95),(61,96),(62,9),(62,10),(62,13),(62,14),(62,21),(62,24),(62,28),(62,40),(62,43),(62,44),(62,46),(62,47),(62,53),(62,54),(62,60),(62,62),(62,64),(62,67),(62,72),(62,81),(62,82),(62,83),(62,85),(62,95),(62,96),(63,10),(63,17),(63,26),(63,33),(63,40),(63,47),(63,53),(63,54),(63,62),(63,64),(63,72),(63,82),(63,85),(63,88),(63,91),(64,10),(64,17),(64,21),(64,26),(64,33),(64,40),(64,47),(64,53),(64,54),(64,61),(64,62),(64,64),(64,72),(64,82),(64,85),(64,88),(64,91),(65,10),(65,17),(65,21),(65,26),(65,33),(65,40),(65,44),(65,47),(65,53),(65,54),(65,61),(65,62),(65,64),(65,72),(65,82),(65,85),(65,88),(65,91),(66,10),(66,21),(66,28),(66,32),(66,33),(66,35),(66,40),(66,47),(66,49),(66,53),(66,54),(66,64),(66,67),(66,69),(66,72),(66,81),(66,82),(66,84),(66,85),(66,88),(67,10),(67,21),(67,28),(67,32),(67,33),(67,35),(67,40),(67,47),(67,49),(67,53),(67,54),(67,64),(67,67),(67,72),(67,81),(67,82),(67,84),(67,85),(67,88),(68,10),(68,21),(68,28),(68,32),(68,33),(68,35),(68,40),(68,44),(68,47),(68,49),(68,53),(68,54),(68,64),(68,67),(68,72),(68,81),(68,82),(68,84),(68,85),(68,88),(69,4),(69,7),(69,20),(69,40),(69,50),(69,52),(69,64),(69,65),(69,74),(69,78),(69,85),(69,93),(69,98),(70,4),(70,7),(70,10),(70,20),(70,40),(70,50),(70,52),(70,64),(70,65),(70,74),(70,78),(70,85),(70,93),(70,98),(71,4),(71,7),(71,10),(71,20),(71,40),(71,44),(71,50),(71,52),(71,64),(71,65),(71,74),(71,78),(71,85),(71,93),(71,98),(72,4),(72,5),(72,7),(72,9),(72,13),(72,14),(72,18),(72,20),(72,40),(72,43),(72,46),(72,52),(72,59),(72,64),(72,72),(72,83),(72,85),(72,95),(72,96),(72,98),(73,4),(73,5),(73,7),(73,9),(73,13),(73,14),(73,18),(73,20),(73,40),(73,43),(73,44),(73,46),(73,52),(73,59),(73,64),(73,72),(73,83),(73,85),(73,95),(73,96),(73,98),(74,10),(74,21),(74,28),(74,31),(74,32),(74,33),(74,35),(74,40),(74,54),(74,64),(74,67),(74,68),(74,81),(74,82),(74,84),(74,85),(74,88),(75,10),(75,21),(75,28),(75,31),(75,32),(75,33),(75,35),(75,40),(75,54),(75,64),(75,67),(75,68),(75,81),(75,82),(75,84),(75,85),(75,88),(76,10),(76,21),(76,28),(76,31),(76,32),(76,33),(76,35),(76,40),(76,44),(76,53),(76,54),(76,64),(76,67),(76,68),(76,81),(76,82),(76,84),(76,85),(76,88),(77,10),(77,23),(77,30),(77,32),(77,34),(77,35),(77,40),(77,63),(77,64),(77,72),(77,78),(77,80),(77,81),(77,84),(77,85),(77,86),(78,10),(78,23),(78,30),(78,32),(78,34),(78,35),(78,37),(78,40),(78,44),(78,55),(78,63),(78,64),(78,72),(78,78),(78,80),(78,81),(78,84),(78,85),(79,9),(79,10),(79,14),(79,17),(79,21),(79,26),(79,28),(79,32),(79,35),(79,40),(79,43),(79,46),(79,55),(79,61),(79,62),(79,64),(79,72),(79,80),(79,81),(79,83),(79,84),(79,85),(79,91),(79,95),(79,96),(80,9),(80,10),(80,14),(80,17),(80,21),(80,26),(80,28),(80,32),(80,35),(80,40),(80,43),(80,44),(80,46),(80,47),(80,53),(80,54),(80,55),(80,61),(80,62),(80,64),(80,72),(80,80),(80,81),(80,82),(80,83),(80,84),(80,85),(80,91),(80,95),(80,96),(81,31),(81,40),(81,64),(81,84),(81,85),(81,87),(81,89),(81,90),(82,31),(82,40),(82,44),(82,64),(82,84),(82,85),(82,87),(82,89),(82,90),(82,91),(84,10),(84,27),(84,36),(84,37),(84,40),(84,48),(84,56),(84,63),(84,64),(84,72),(84,73),(84,85),(84,86),(84,91),(84,97),(85,10),(85,27),(85,36),(85,37),(85,40),(85,44),(85,48),(85,56),(85,63),(85,64),(85,72),(85,73),(85,85),(85,86),(85,91),(85,97),(86,5),(86,9),(86,10),(86,14),(86,40),(86,43),(86,46),(86,51),(86,55),(86,56),(86,64),(86,72),(86,74),(86,81),(86,83),(86,85),(86,95),(86,96),(87,5),(87,9),(87,10),(87,14),(87,40),(87,43),(87,44),(87,46),(87,51),(87,55),(87,64),(87,72),(87,81),(87,83),(87,85),(87,95),(87,96),(88,10),(88,21),(88,31),(88,32),(88,33),(88,35),(88,40),(88,47),(88,51),(88,52),(88,60),(88,64),(88,67),(88,76),(88,77),(88,81),(88,85),(88,87),(88,88),(88,90),(89,10),(89,21),(89,31),(89,32),(89,33),(89,35),(89,40),(89,44),(89,47),(89,52),(89,60),(89,64),(89,67),(89,76),(89,77),(89,81),(89,85),(89,87),(89,88),(89,90),(90,5),(90,9),(90,14),(90,15),(90,31),(90,40),(90,43),(90,46),(90,64),(90,83),(90,84),(90,85),(90,91),(90,92),(90,95),(90,96),(91,5),(91,9),(91,10),(91,14),(91,15),(91,31),(91,40),(91,43),(91,44),(91,46),(91,58),(91,64),(91,79),(91,83),(91,84),(91,85),(91,91),(91,92),(91,95),(91,96),(92,26),(92,31),(92,33),(92,40),(92,47),(92,51),(92,52),(92,62),(92,64),(92,77),(92,87),(92,88),(92,90),(93,26),(93,31),(93,33),(93,40),(93,47),(93,51),(93,52),(93,62),(93,64),(93,77),(93,87),(93,88),(93,90),(94,10),(94,26),(94,31),(94,33),(94,40),(94,44),(94,47),(94,51),(94,52),(94,53),(94,54),(94,62),(94,64),(94,72),(94,77),(94,81),(94,82),(94,85),(94,87),(94,88),(94,90),(95,7),(95,10),(95,21),(95,28),(95,31),(95,40),(95,64),(95,67),(95,68),(95,72),(95,74),(95,81),(95,84),(95,85),(96,10),(96,17),(96,26),(96,33),(96,40),(96,47),(96,53),(96,54),(96,60),(96,61),(96,62),(96,64),(96,72),(96,82),(96,85),(96,88),(96,91),(97,10),(97,17),(97,26),(97,33),(97,40),(97,44),(97,47),(97,53),(97,54),(97,60),(97,61),(97,62),(97,64),(97,72),(97,82),(97,85),(97,88),(97,91),(98,9),(98,10),(98,13),(98,14),(98,19),(98,20),(98,21),(98,40),(98,46),(98,64),(98,67),(98,74),(98,75),(98,80),(98,81),(98,83),(98,85),(98,95),(99,9),(99,10),(99,13),(99,14),(99,19),(99,20),(99,21),(99,40),(99,43),(99,44),(99,46),(99,64),(99,67),(99,74),(99,80),(99,81),(99,83),(99,85),(99,95),(100,31),(100,40),(100,64),(100,84),(100,85),(100,87),(100,89),(100,90),(101,31),(101,40),(101,44),(101,64),(101,72),(101,84),(101,85),(101,87),(101,89),(101,90),(102,3),(102,6),(102,17),(102,26),(102,29),(102,31),(102,40),(102,52),(102,61),(102,62),(102,64),(102,78),(102,81),(102,85),(103,3),(103,6),(103,10),(103,17),(103,26),(103,28),(103,29),(103,31),(103,40),(103,44),(103,52),(103,61),(103,62),(103,64),(103,78),(103,80),(103,81),(103,85),(104,9),(104,10),(104,11),(104,12),(104,14),(104,21),(104,23),(104,28),(104,32),(104,33),(104,35),(104,40),(104,46),(104,53),(104,54),(104,64),(104,67),(104,72),(104,81),(104,82),(104,85),(104,86),(104,88),(104,95),(105,9),(105,10),(105,11),(105,12),(105,14),(105,21),(105,28),(105,32),(105,33),(105,35),(105,40),(105,44),(105,46),(105,53),(105,54),(105,64),(105,67),(105,72),(105,81),(105,82),(105,85),(105,86),(105,88),(105,95),(106,10),(106,23),(106,28),(106,40),(106,41),(106,48),(106,53),(106,54),(106,64),(106,67),(106,69),(106,72),(106,81),(106,82),(106,84),(106,85),(107,10),(107,16),(107,22),(107,28),(107,33),(107,40),(107,41),(107,47),(107,53),(107,54),(107,64),(107,67),(107,72),(107,81),(107,82),(107,84),(107,85),(107,88),(108,4),(108,7),(108,9),(108,10),(108,14),(108,20),(108,21),(108,26),(108,28),(108,32),(108,33),(108,35),(108,40),(108,43),(108,44),(108,46),(108,47),(108,51),(108,53),(108,54),(108,64),(108,67),(108,72),(108,74),(108,78),(108,80),(108,81),(108,82),(108,83),(108,84),(108,85),(108,86),(108,87),(108,88),(108,90),(108,95),(108,98),(109,10),(109,31),(109,32),(109,35),(109,40),(109,61),(109,64),(109,76),(109,77),(109,84),(109,85),(109,87),(109,90),(110,10),(110,31),(110,32),(110,35),(110,40),(110,44),(110,61),(110,64),(110,76),(110,77),(110,84),(110,85),(110,87),(110,90),(111,9),(111,10),(111,21),(111,28),(111,32),(111,35),(111,37),(111,40),(111,42),(111,46),(111,64),(111,67),(111,68),(111,72),(111,80),(111,81),(111,84),(111,85),(111,86),(111,87),(111,90),(112,9),(112,10),(112,14),(112,20),(112,21),(112,28),(112,32),(112,33),(112,35),(112,37),(112,40),(112,42),(112,43),(112,44),(112,46),(112,47),(112,53),(112,54),(112,55),(112,64),(112,67),(112,68),(112,72),(112,80),(112,81),(112,82),(112,83),(112,84),(112,85),(112,87),(112,88),(112,90),(112,95),(113,9),(113,10),(113,14),(113,24),(113,26),(113,28),(113,29),(113,32),(113,33),(113,35),(113,40),(113,44),(113,46),(113,47),(113,53),(113,54),(113,60),(113,62),(113,64),(113,67),(113,72),(113,78),(113,81),(113,82),(113,84),(113,85),(113,87),(113,88),(113,90),(113,91),(113,95),(114,3),(114,7),(114,10),(114,17),(114,18),(114,20),(114,40),(114,44),(114,52),(114,64),(114,72),(114,74),(114,78),(114,85),(114,93),(115,8),(115,9),(115,10),(115,14),(115,16),(115,20),(115,21),(115,22),(115,28),(115,32),(115,33),(115,35),(115,40),(115,43),(115,44),(115,46),(115,47),(115,53),(115,54),(115,60),(115,64),(115,67),(115,72),(115,78),(115,80),(115,81),(115,82),(115,83),(115,85),(115,87),(115,88),(115,90),(115,95),(116,5),(116,9),(116,13),(116,14),(116,40),(116,43),(116,46),(116,64),(116,66),(116,72),(116,83),(116,85),(116,95),(116,96),(117,5),(117,9),(117,13),(117,14),(117,40),(117,43),(117,44),(117,46),(117,64),(117,72),(117,83),(117,85),(117,95),(117,96),(118,9),(118,10),(118,14),(118,37),(118,40),(118,42),(118,43),(118,46),(118,56),(118,61),(118,63),(118,64),(118,72),(118,83),(118,85),(118,95),(118,96),(119,9),(119,10),(119,14),(119,37),(119,40),(119,42),(119,43),(119,44),(119,46),(119,56),(119,61),(119,63),(119,64),(119,72),(119,83),(119,85),(119,95),(119,96),(120,5),(120,9),(120,14),(120,40),(120,43),(120,46),(120,61),(120,62),(120,64),(120,72),(120,83),(120,84),(120,85),(120,87),(120,90),(120,91),(120,95),(120,96),(121,9),(121,14),(121,26),(121,40),(121,43),(121,44),(121,46),(121,61),(121,62),(121,64),(121,72),(121,83),(121,84),(121,85),(121,87),(121,90),(121,91),(121,95),(121,96),(123,20),(123,40),(123,44),(123,63),(123,64),(123,66),(123,72),(123,75),(123,85),(123,97),(124,9),(124,10),(124,14),(124,17),(124,24),(124,26),(124,40),(124,44),(124,46),(124,47),(124,51),(124,53),(124,54),(124,60),(124,62),(124,64),(124,72),(124,82),(124,85),(124,86),(124,95),(125,10),(125,33),(125,40),(125,44),(125,47),(125,53),(125,54),(125,62),(125,63),(125,64),(125,72),(125,81),(125,82),(125,85),(125,87),(125,88),(125,89),(125,90),(126,10),(126,30),(126,32),(126,33),(126,34),(126,35),(126,40),(126,44),(126,53),(126,54),(126,62),(126,64),(126,72),(126,77),(126,81),(126,82),(126,84),(126,85),(126,88),(127,7),(127,10),(127,20),(127,21),(127,28),(127,37),(127,40),(127,44),(127,63),(127,64),(127,67),(127,75),(127,81),(127,82),(127,85),(127,86),(128,9),(128,10),(128,21),(128,28),(128,32),(128,35),(128,40),(128,42),(128,44),(128,46),(128,64),(128,67),(128,72),(128,78),(128,80),(128,81),(128,83),(128,84),(128,85),(128,86),(128,87),(128,90),(129,43),(129,84),(130,7),(130,8),(130,9),(130,10),(130,14),(130,28),(130,32),(130,35),(130,40),(130,43),(130,44),(130,46),(130,64),(130,72),(130,81),(130,83),(130,84),(130,85),(130,86),(130,87),(130,90),(130,95),(130,96),(131,5),(131,9),(131,10),(131,14),(131,26),(131,28),(131,40),(131,43),(131,44),(131,46),(131,62),(131,64),(131,72),(131,78),(131,81),(131,83),(131,85),(131,87),(131,90),(131,95),(131,96),(133,8),(133,10),(133,21),(133,23),(133,40),(133,55),(133,63),(133,64),(133,72),(133,84),(133,85),(134,5),(134,8),(134,9),(134,10),(134,13),(134,14),(134,21),(134,23),(134,40),(134,43),(134,44),(134,46),(134,55),(134,63),(134,64),(134,72),(134,81),(134,83),(134,84),(134,85),(134,95),(134,96),(135,8),(135,10),(135,21),(135,23),(135,40),(135,44),(135,55),(135,58),(135,63),(135,64),(135,72),(135,81),(135,84),(135,85),(135,87),(135,89),(135,90),(136,8),(136,10),(136,21),(136,23),(136,30),(136,32),(136,34),(136,35),(136,40),(136,44),(136,55),(136,63),(136,64),(136,72),(136,77),(136,81),(136,84),(136,85),(137,9),(137,26),(137,40),(137,44),(137,46),(137,61),(137,62),(137,64),(137,72),(137,78),(137,84),(137,85),(137,87),(137,89),(137,90),(137,91),(138,5),(138,7),(138,8),(138,9),(138,10),(138,14),(138,18),(138,40),(138,42),(138,43),(138,46),(138,64),(138,67),(138,68),(138,74),(138,79),(138,83),(138,85),(138,95),(138,96),(139,7),(139,8),(139,9),(139,10),(139,14),(139,18),(139,40),(139,42),(139,43),(139,44),(139,46),(139,58),(139,64),(139,67),(139,68),(139,72),(139,79),(139,82),(139,83),(139,85),(139,95),(139,96),(140,3),(140,5),(140,9),(140,10),(140,14),(140,21),(140,40),(140,43),(140,46),(140,50),(140,52),(140,64),(140,67),(140,68),(140,70),(140,75),(140,83),(140,85),(140,95),(140,96),(141,3),(141,9),(141,10),(141,14),(141,20),(141,21),(141,40),(141,43),(141,44),(141,46),(141,50),(141,52),(141,53),(141,64),(141,66),(141,67),(141,68),(141,70),(141,72),(141,75),(141,82),(141,83),(141,85),(141,95),(141,96),(142,8),(142,28),(142,32),(142,35),(142,36),(142,40),(142,44),(142,64),(142,66),(142,67),(142,68),(142,73),(142,81),(142,85),(142,97),(143,8),(143,9),(143,10),(143,14),(143,21),(143,28),(143,32),(143,33),(143,35),(143,40),(143,43),(143,44),(143,46),(143,47),(143,51),(143,53),(143,54),(143,55),(143,62),(143,64),(143,67),(143,72),(143,78),(143,81),(143,82),(143,83),(143,84),(143,85),(143,87),(143,88),(143,90),(143,95),(144,9),(144,14),(144,36),(144,39),(144,40),(144,44),(144,46),(144,56),(144,64),(144,66),(144,73),(144,85),(144,95),(145,27),(145,36),(145,40),(145,44),(145,56),(145,64),(145,66),(145,73),(145,85),(145,87),(145,89),(145,90),(146,30),(146,32),(146,34),(146,35),(146,36),(146,39),(146,40),(146,44),(146,56),(146,64),(146,66),(146,73),(146,78),(146,85),(146,97),(147,7),(147,9),(147,10),(147,14),(147,32),(147,34),(147,35),(147,40),(147,43),(147,44),(147,46),(147,64),(147,72),(147,74),(147,83),(147,85),(147,87),(147,90),(147,95),(147,96),(147,98),(148,7),(148,9),(148,10),(148,14),(148,32),(148,34),(148,35),(148,40),(148,43),(148,44),(148,46),(148,64),(148,72),(148,74),(148,83),(148,85),(148,87),(148,90),(148,95),(148,96),(148,98),(149,7),(149,9),(149,10),(149,14),(149,20),(149,28),(149,32),(149,33),(149,34),(149,35),(149,36),(149,40),(149,43),(149,44),(149,46),(149,47),(149,53),(149,54),(149,64),(149,66),(149,67),(149,72),(149,74),(149,81),(149,83),(149,85),(149,87),(149,88),(149,90),(149,95),(149,96),(149,97),(149,98),(150,9),(150,10),(150,14),(150,17),(150,26),(150,28),(150,32),(150,33),(150,35),(150,40),(150,44),(150,46),(150,47),(150,53),(150,54),(150,55),(150,61),(150,62),(150,64),(150,67),(150,72),(150,78),(150,81),(150,82),(150,85),(150,87),(150,88),(150,90),(150,91),(150,95),(151,7),(151,9),(151,10),(151,14),(151,17),(151,20),(151,21),(151,26),(151,28),(151,29),(151,31),(151,32),(151,33),(151,34),(151,35),(151,36),(151,40),(151,43),(151,44),(151,46),(151,47),(151,50),(151,52),(151,53),(151,54),(151,55),(151,58),(151,60),(151,61),(151,62),(151,64),(151,66),(151,67),(151,72),(151,73),(151,78),(151,81),(151,82),(151,83),(151,85),(151,87),(151,88),(151,90),(151,91),(151,95),(151,96);
/*!40000 ALTER TABLE `learnableattacks` ENABLE KEYS */;
UNLOCK TABLES;

--
-- Table structure for table `listing`
--

DROP TABLE IF EXISTS `listing`;
/*!40101 SET @saved_cs_client     = @@character_set_client */;
/*!50503 SET character_set_client = utf8mb4 */;
CREATE TABLE `listing` (
  `listingID` int NOT NULL AUTO_INCREMENT,
  `instanceID` int NOT NULL,
  `sellerID` int NOT NULL,
  `description` varchar(100) DEFAULT NULL,
  `postedTime` datetime DEFAULT '2000-01-01 00:00:00',
  PRIMARY KEY (`listingID`)
) ENGINE=InnoDB DEFAULT CHARSET=utf8mb4 COLLATE=utf8mb4_0900_ai_ci;
/*!40101 SET character_set_client = @saved_cs_client */;

--
-- Dumping data for table `listing`
--

LOCK TABLES `listing` WRITE;
/*!40000 ALTER TABLE `listing` DISABLE KEYS */;
/*!40000 ALTER TABLE `listing` ENABLE KEYS */;
UNLOCK TABLES;

--
-- Table structure for table `mypokemon`
--

DROP TABLE IF EXISTS `mypokemon`;
/*!40101 SET @saved_cs_client     = @@character_set_client */;
/*!50503 SET character_set_client = utf8mb4 */;
CREATE TABLE `mypokemon` (
  `pID` int NOT NULL,
  `uID` int NOT NULL,
  `instanceID` int NOT NULL AUTO_INCREMENT,
  `nickname` varchar(30) DEFAULT NULL,
  `level` int DEFAULT NULL,
  `favourite` bit(1) DEFAULT b'0',
  `onteam` bit(1) DEFAULT b'0',
  `showcase` bit(1) DEFAULT b'0',
  `dateAdded` datetime DEFAULT '2000-01-01 00:00:00',
  PRIMARY KEY (`instanceID`),
  CONSTRAINT `mypokemon_chk_1` CHECK ((`level` > 0))
) ENGINE=InnoDB AUTO_INCREMENT=10 DEFAULT CHARSET=utf8mb4 COLLATE=utf8mb4_0900_ai_ci;
/*!40101 SET character_set_client = @saved_cs_client */;

--
-- Dumping data for table `mypokemon`
--

LOCK TABLES `mypokemon` WRITE;
/*!40000 ALTER TABLE `mypokemon` DISABLE KEYS */;
INSERT INTO `mypokemon` VALUES (151,101,1,'Kitty',67,_binary '\0',_binary '',_binary '','2025-07-15 16:46:33'),(59,101,2,'Jaws',15,_binary '\0',_binary '',_binary '\0','2025-07-15 16:46:54'),(381,101,3,'Gent',40,_binary '\0',_binary '',_binary '','2025-07-15 16:47:09'),(151,1,4,'Kitty',67,_binary '',_binary '\0',_binary '','2025-07-15 16:49:03'),(381,1,5,'Gent',50,_binary '\0',_binary '\0',_binary '\0','2025-07-15 16:49:24'),(381,1,6,'Gent',50,_binary '\0',_binary '\0',_binary '','2025-07-15 16:49:24'),(59,1,7,'Jaws',34,_binary '\0',_binary '\0',_binary '\0','2025-07-15 16:49:38'),(571,1,8,'Lad',37,_binary '',_binary '',_binary '\0','2025-07-15 19:21:53'),(571,3,9,'Lad',47,_binary '\0',_binary '\0',_binary '\0','2025-07-21 21:42:29');
/*!40000 ALTER TABLE `mypokemon` ENABLE KEYS */;
UNLOCK TABLES;
/*!50003 SET @saved_cs_client      = @@character_set_client */ ;
/*!50003 SET @saved_cs_results     = @@character_set_results */ ;
/*!50003 SET @saved_col_connection = @@collation_connection */ ;
/*!50003 SET character_set_client  = utf8mb4 */ ;
/*!50003 SET character_set_results = utf8mb4 */ ;
/*!50003 SET collation_connection  = utf8mb4_0900_ai_ci */ ;
/*!50003 SET @saved_sql_mode       = @@sql_mode */ ;
/*!50003 SET sql_mode              = 'ONLY_FULL_GROUP_BY,STRICT_TRANS_TABLES,NO_ZERO_IN_DATE,NO_ZERO_DATE,ERROR_FOR_DIVISION_BY_ZERO,NO_ENGINE_SUBSTITUTION' */ ;
DELIMITER ;;
/*!50003 CREATE*/ /*!50017 DEFINER=`root`@`localhost`*/ /*!50003 TRIGGER `max_6_showcase` BEFORE UPDATE ON `mypokemon` FOR EACH ROW BEGIN
	DECLARE numShowcased INT;
	IF OLD.showcase = 0 AND NEW.showcase = 1 THEN
		SELECT COUNT(instanceID) INTO numShowcased 
			FROM MyPokemon 
			WHERE uid = OLD.uid AND showcase = 1;

		IF numShowcased >= 6 THEN
			SIGNAL SQLSTATE '45000'
			SET MESSAGE_TEXT = 'A user cannot showcase more than 6 pokemon at a time';
		END IF;
	END IF;
END */;;
DELIMITER ;
/*!50003 SET sql_mode              = @saved_sql_mode */ ;
/*!50003 SET character_set_client  = @saved_cs_client */ ;
/*!50003 SET character_set_results = @saved_cs_results */ ;
/*!50003 SET collation_connection  = @saved_col_connection */ ;
/*!50003 SET @saved_cs_client      = @@character_set_client */ ;
/*!50003 SET @saved_cs_results     = @@character_set_results */ ;
/*!50003 SET @saved_col_connection = @@collation_connection */ ;
/*!50003 SET character_set_client  = utf8mb4 */ ;
/*!50003 SET character_set_results = utf8mb4 */ ;
/*!50003 SET collation_connection  = utf8mb4_0900_ai_ci */ ;
/*!50003 SET @saved_sql_mode       = @@sql_mode */ ;
/*!50003 SET sql_mode              = 'ONLY_FULL_GROUP_BY,STRICT_TRANS_TABLES,NO_ZERO_IN_DATE,NO_ZERO_DATE,ERROR_FOR_DIVISION_BY_ZERO,NO_ENGINE_SUBSTITUTION' */ ;
DELIMITER ;;
/*!50003 CREATE*/ /*!50017 DEFINER=`root`@`localhost`*/ /*!50003 TRIGGER `max_6_onTeam` BEFORE UPDATE ON `mypokemon` FOR EACH ROW BEGIN
	DECLARE numTeam INT;
    IF OLD.onTeam = 0 AND NEW.onTeam = 1 THEN
		SELECT COUNT(instanceID) INTO numTeam 
			FROM MyPokemon 
			WHERE uid = OLD.uid AND onTeam = 1;
			
		IF numTeam >= 6 AND NEW.onTeam = 1 THEN
			SIGNAL SQLSTATE '45000'
			SET MESSAGE_TEXT = 'The maximum team size is 6.';
		END IF;
	END IF;
END */;;
DELIMITER ;
/*!50003 SET sql_mode              = @saved_sql_mode */ ;
/*!50003 SET character_set_client  = @saved_cs_client */ ;
/*!50003 SET character_set_results = @saved_cs_results */ ;
/*!50003 SET collation_connection  = @saved_col_connection */ ;

--
-- Table structure for table `pokedex`
--

DROP TABLE IF EXISTS `pokedex`;
/*!40101 SET @saved_cs_client     = @@character_set_client */;
/*!50503 SET character_set_client = utf8mb4 */;
CREATE TABLE `pokedex` (
  `pID` int NOT NULL AUTO_INCREMENT,
  `name` varchar(40) NOT NULL,
  `type1` varchar(10) NOT NULL,
  `type2` varchar(10) DEFAULT NULL,
  `hp` int NOT NULL,
  `atk` int NOT NULL,
  `def` int NOT NULL,
  `spAtk` int NOT NULL,
  `spDef` int NOT NULL,
  `speed` int NOT NULL,
  `legendary` bit(1) NOT NULL,
  `description` varchar(200) DEFAULT NULL,
  PRIMARY KEY (`pID`),
  CONSTRAINT `pokedex_chk_1` CHECK (((`HP` >= 0) and (`atk` >= 0) and (`def` >= 0) and (`spAtk` >= 0) and (`spDef` >= 0) and (`speed` >= 0)))
) ENGINE=InnoDB AUTO_INCREMENT=722 DEFAULT CHARSET=utf8mb4 COLLATE=utf8mb4_0900_ai_ci;
/*!40101 SET character_set_client = @saved_cs_client */;

--
-- Dumping data for table `pokedex`
--

LOCK TABLES `pokedex` WRITE;
/*!40000 ALTER TABLE `pokedex` DISABLE KEYS */;
INSERT INTO `pokedex` VALUES (1,'Bulbasaur','Grass','Poison',45,49,49,65,65,45,_binary '\0',NULL),(2,'Ivysaur','Grass','Poison',60,62,63,80,80,60,_binary '\0',NULL),(3,'Venusaur','Grass','Poison',80,82,83,100,100,80,_binary '\0',NULL),(4,'Charmander','Fire','',39,52,43,60,50,65,_binary '\0',NULL),(5,'Charmeleon','Fire','',58,64,58,80,65,80,_binary '\0',NULL),(6,'Charizard','Fire','Flying',78,84,78,109,85,100,_binary '\0',NULL),(7,'Squirtle','Water','',44,48,65,50,64,43,_binary '\0',NULL),(8,'Wartortle','Water','',59,63,80,65,80,58,_binary '\0',NULL),(9,'Blastoise','Water','',79,83,100,85,105,78,_binary '\0',NULL),(10,'Caterpie','Bug','',45,30,35,20,20,45,_binary '\0',NULL),(11,'Metapod','Bug','',50,20,55,25,25,30,_binary '\0',NULL),(12,'Butterfree','Bug','Flying',60,45,50,90,80,70,_binary '\0',NULL),(13,'Weedle','Bug','Poison',40,35,30,20,20,50,_binary '\0',NULL),(14,'Kakuna','Bug','Poison',45,25,50,25,25,35,_binary '\0',NULL),(15,'Beedrill','Bug','Poison',65,90,40,45,80,75,_binary '\0',NULL),(16,'Pidgey','Normal','Flying',40,45,40,35,35,56,_binary '\0',NULL),(17,'Pidgeotto','Normal','Flying',63,60,55,50,50,71,_binary '\0',NULL),(18,'Pidgeot','Normal','Flying',83,80,75,70,70,101,_binary '\0',NULL),(19,'Rattata','Normal','',30,56,35,25,35,72,_binary '\0',NULL),(20,'Raticate','Normal','',55,81,60,50,70,97,_binary '\0',NULL),(21,'Spearow','Normal','Flying',40,60,30,31,31,70,_binary '\0',NULL),(22,'Fearow','Normal','Flying',65,90,65,61,61,100,_binary '\0',NULL),(23,'Ekans','Poison','',35,60,44,40,54,55,_binary '\0',NULL),(24,'Arbok','Poison','',60,85,69,65,79,80,_binary '\0',NULL),(25,'Pikachu','Electric','',35,55,40,50,50,90,_binary '\0',NULL),(26,'Raichu','Electric','',60,90,55,90,80,110,_binary '\0',NULL),(27,'Sandshrew','Ground','',50,75,85,20,30,40,_binary '\0',NULL),(28,'Sandslash','Ground','',75,100,110,45,55,65,_binary '\0',NULL),(29,'Nidoran♀','Poison','',55,47,52,40,40,41,_binary '\0',NULL),(30,'Nidorina','Poison','',70,62,67,55,55,56,_binary '\0',NULL),(31,'Nidoqueen','Poison','Ground',90,92,87,75,85,76,_binary '\0',NULL),(32,'Nidoran♂','Poison','',46,57,40,40,40,50,_binary '\0',NULL),(33,'Nidorino','Poison','',61,72,57,55,55,65,_binary '\0',NULL),(34,'Nidoking','Poison','Ground',81,102,77,85,75,85,_binary '\0',NULL),(35,'Clefairy','Fairy','',70,45,48,60,65,35,_binary '\0',NULL),(36,'Clefable','Fairy','',95,70,73,95,90,60,_binary '\0',NULL),(37,'Vulpix','Fire','',38,41,40,50,65,65,_binary '\0',NULL),(38,'Ninetales','Fire','',73,76,75,81,100,100,_binary '\0',NULL),(39,'Jigglypuff','Normal','Fairy',115,45,20,45,25,20,_binary '\0',NULL),(40,'Wigglytuff','Normal','Fairy',140,70,45,85,50,45,_binary '\0',NULL),(41,'Zubat','Poison','Flying',40,45,35,30,40,55,_binary '\0',NULL),(42,'Golbat','Poison','Flying',75,80,70,65,75,90,_binary '\0',NULL),(43,'Oddish','Grass','Poison',45,50,55,75,65,30,_binary '\0',NULL),(44,'Gloom','Grass','Poison',60,65,70,85,75,40,_binary '\0',NULL),(45,'Vileplume','Grass','Poison',75,80,85,110,90,50,_binary '\0',NULL),(46,'Paras','Bug','Grass',35,70,55,45,55,25,_binary '\0',NULL),(47,'Parasect','Bug','Grass',60,95,80,60,80,30,_binary '\0',NULL),(48,'Venonat','Bug','Poison',60,55,50,40,55,45,_binary '\0',NULL),(49,'Venomoth','Bug','Poison',70,65,60,90,75,90,_binary '\0',NULL),(50,'Diglett','Ground','',10,55,25,35,45,95,_binary '\0',NULL),(51,'Dugtrio','Ground','',35,80,50,50,70,120,_binary '\0',NULL),(52,'Meowth','Normal','',40,45,35,40,40,90,_binary '\0',NULL),(53,'Persian','Normal','',65,70,60,65,65,115,_binary '\0',NULL),(54,'Psyduck','Water','',50,52,48,65,50,55,_binary '\0',NULL),(55,'Golduck','Water','',80,82,78,95,80,85,_binary '\0',NULL),(56,'Mankey','Fighting','',40,80,35,35,45,70,_binary '\0',NULL),(57,'Primeape','Fighting','',65,105,60,60,70,95,_binary '\0',NULL),(58,'Growlithe','Fire','',55,70,45,70,50,60,_binary '\0',NULL),(59,'Arcanine','Fire','',90,110,80,100,80,95,_binary '\0',NULL),(60,'Poliwag','Water','',40,50,40,40,40,90,_binary '\0',NULL),(61,'Poliwhirl','Water','',65,65,65,50,50,90,_binary '\0',NULL),(62,'Poliwrath','Water','Fighting',90,95,95,70,90,70,_binary '\0',NULL),(63,'Abra','Psychic','',25,20,15,105,55,90,_binary '\0',NULL),(64,'Kadabra','Psychic','',40,35,30,120,70,105,_binary '\0',NULL),(65,'Alakazam','Psychic','',55,50,45,135,95,120,_binary '\0',NULL),(66,'Machop','Fighting','',70,80,50,35,35,35,_binary '\0',NULL),(67,'Machoke','Fighting','',80,100,70,50,60,45,_binary '\0',NULL),(68,'Machamp','Fighting','',90,130,80,65,85,55,_binary '\0',NULL),(69,'Bellsprout','Grass','Poison',50,75,35,70,30,40,_binary '\0',NULL),(70,'Weepinbell','Grass','Poison',65,90,50,85,45,55,_binary '\0',NULL),(71,'Victreebel','Grass','Poison',80,105,65,100,70,70,_binary '\0',NULL),(72,'Tentacool','Water','Poison',40,40,35,50,100,70,_binary '\0',NULL),(73,'Tentacruel','Water','Poison',80,70,65,80,120,100,_binary '\0',NULL),(74,'Geodude','Rock','Ground',40,80,100,30,30,20,_binary '\0',NULL),(75,'Graveler','Rock','Ground',55,95,115,45,45,35,_binary '\0',NULL),(76,'Golem','Rock','Ground',80,120,130,55,65,45,_binary '\0',NULL),(77,'Ponyta','Fire','',50,85,55,65,65,90,_binary '\0',NULL),(78,'Rapidash','Fire','',65,100,70,80,80,105,_binary '\0',NULL),(79,'Slowpoke','Water','Psychic',90,65,65,40,40,15,_binary '\0',NULL),(80,'Slowbro','Water','Psychic',95,75,110,100,80,30,_binary '\0',NULL),(81,'Magnemite','Electric','Steel',25,35,70,95,55,45,_binary '\0',NULL),(82,'Magneton','Electric','Steel',50,60,95,120,70,70,_binary '\0',NULL),(83,'Farfetch\'d','Normal','Flying',52,65,55,58,62,60,_binary '\0',NULL),(84,'Doduo','Normal','Flying',35,85,45,35,35,75,_binary '\0',NULL),(85,'Dodrio','Normal','Flying',60,110,70,60,60,100,_binary '\0',NULL),(86,'Seel','Water','',65,45,55,45,70,45,_binary '\0',NULL),(87,'Dewgong','Water','Ice',90,70,80,70,95,70,_binary '\0',NULL),(88,'Grimer','Poison','',80,80,50,40,50,25,_binary '\0',NULL),(89,'Muk','Poison','',105,105,75,65,100,50,_binary '\0',NULL),(90,'Shellder','Water','',30,65,100,45,25,40,_binary '\0',NULL),(91,'Cloyster','Water','Ice',50,95,180,85,45,70,_binary '\0',NULL),(92,'Gastly','Ghost','Poison',30,35,30,100,35,80,_binary '\0',NULL),(93,'Haunter','Ghost','Poison',45,50,45,115,55,95,_binary '\0',NULL),(94,'Gengar','Ghost','Poison',60,65,60,130,75,110,_binary '\0',NULL),(95,'Onix','Rock','Ground',35,45,160,30,45,70,_binary '\0',NULL),(96,'Drowzee','Psychic','',60,48,45,43,90,42,_binary '\0',NULL),(97,'Hypno','Psychic','',85,73,70,73,115,67,_binary '\0',NULL),(98,'Krabby','Water','',30,105,90,25,25,50,_binary '\0',NULL),(99,'Kingler','Water','',55,130,115,50,50,75,_binary '\0',NULL),(100,'Voltorb','Electric','',40,30,50,55,55,100,_binary '\0',NULL),(101,'Electrode','Electric','',60,50,70,80,80,140,_binary '\0',NULL),(102,'Exeggcute','Grass','Psychic',60,40,80,60,45,40,_binary '\0',NULL),(103,'Exeggutor','Grass','Psychic',95,95,85,125,65,55,_binary '\0',NULL),(104,'Cubone','Ground','',50,50,95,40,50,35,_binary '\0',NULL),(105,'Marowak','Ground','',60,80,110,50,80,45,_binary '\0',NULL),(106,'Hitmonlee','Fighting','',50,120,53,35,110,87,_binary '\0',NULL),(107,'Hitmonchan','Fighting','',50,105,79,35,110,76,_binary '\0',NULL),(108,'Lickitung','Normal','',90,55,75,60,75,30,_binary '\0',NULL),(109,'Koffing','Poison','',40,65,95,60,45,35,_binary '\0',NULL),(110,'Weezing','Poison','',65,90,120,85,70,60,_binary '\0',NULL),(111,'Rhyhorn','Ground','Rock',80,85,95,30,30,25,_binary '\0',NULL),(112,'Rhydon','Ground','Rock',105,130,120,45,45,40,_binary '\0',NULL),(113,'Chansey','Normal','',250,5,5,35,105,50,_binary '\0',NULL),(114,'Tangela','Grass','',65,55,115,100,40,60,_binary '\0',NULL),(115,'Kangaskhan','Normal','',105,95,80,40,80,90,_binary '\0',NULL),(116,'Horsea','Water','',30,40,70,70,25,60,_binary '\0',NULL),(117,'Seadra','Water','',55,65,95,95,45,85,_binary '\0',NULL),(118,'Goldeen','Water','',45,67,60,35,50,63,_binary '\0',NULL),(119,'Seaking','Water','',80,92,65,65,80,68,_binary '\0',NULL),(120,'Staryu','Water','',30,45,55,70,55,85,_binary '\0',NULL),(121,'Starmie','Water','Psychic',60,75,85,100,85,115,_binary '\0',NULL),(122,'Mr. Mime','Psychic','Fairy',40,45,65,100,120,90,_binary '\0',NULL),(123,'Scyther','Bug','Flying',70,110,80,55,80,105,_binary '\0',NULL),(124,'Jynx','Ice','Psychic',65,50,35,115,95,95,_binary '\0',NULL),(125,'Electabuzz','Electric','',65,83,57,95,85,105,_binary '\0',NULL),(126,'Magmar','Fire','',65,95,57,100,85,93,_binary '\0',NULL),(127,'Pinsir','Bug','',65,125,100,55,70,85,_binary '\0',NULL),(128,'Tauros','Normal','',75,100,95,40,70,110,_binary '\0',NULL),(129,'Magikarp','Water','',20,10,55,15,20,80,_binary '\0',NULL),(130,'Gyarados','Water','Flying',95,125,79,60,100,81,_binary '\0',NULL),(131,'Lapras','Water','Ice',130,85,80,85,95,60,_binary '\0',NULL),(132,'Ditto','Normal','',48,48,48,48,48,48,_binary '\0',NULL),(133,'Eevee','Normal','',55,55,50,45,65,55,_binary '\0',NULL),(134,'Vaporeon','Water','',130,65,60,110,95,65,_binary '\0',NULL),(135,'Jolteon','Electric','',65,65,60,110,95,130,_binary '\0',NULL),(136,'Flareon','Fire','',65,130,60,95,110,65,_binary '\0',NULL),(137,'Porygon','Normal','',65,60,70,85,75,40,_binary '\0',NULL),(138,'Omanyte','Rock','Water',35,40,100,90,55,35,_binary '\0',NULL),(139,'Omastar','Rock','Water',70,60,125,115,70,55,_binary '\0',NULL),(140,'Kabuto','Rock','Water',30,80,90,55,45,55,_binary '\0',NULL),(141,'Kabutops','Rock','Water',60,115,105,65,70,80,_binary '\0',NULL),(142,'Aerodactyl','Rock','Flying',80,105,65,60,75,130,_binary '\0',NULL),(143,'Snorlax','Normal','',160,110,65,65,110,30,_binary '\0',NULL),(144,'Articuno','Ice','Flying',90,85,100,95,125,85,_binary '',NULL),(145,'Zapdos','Electric','Flying',90,90,85,125,90,100,_binary '',NULL),(146,'Moltres','Fire','Flying',90,100,90,125,85,90,_binary '',NULL),(147,'Dratini','Dragon','',41,64,45,50,50,50,_binary '\0',NULL),(148,'Dragonair','Dragon','',61,84,65,70,70,70,_binary '\0',NULL),(149,'Dragonite','Dragon','Flying',91,134,95,100,100,80,_binary '\0',NULL),(150,'Mewtwo','Psychic','',106,110,90,154,90,130,_binary '',NULL),(151,'Mew','Psychic','',100,100,100,100,100,100,_binary '\0',NULL),(152,'Chikorita','Grass','',45,49,65,49,65,45,_binary '\0',NULL),(153,'Bayleef','Grass','',60,62,80,63,80,60,_binary '\0',NULL),(154,'Maganium','Grass','',80,82,100,83,100,80,_binary '\0',NULL),(155,'Cyndaquil','Fire','',39,52,43,60,50,65,_binary '\0',NULL),(156,'Quilava','Fire','',58,64,58,80,65,80,_binary '\0',NULL),(157,'Typhlosion','Fire','',78,84,78,109,85,100,_binary '\0',NULL),(158,'Totodile','Water','',50,65,64,44,48,43,_binary '\0',NULL),(159,'Croconaw','Water','',65,80,80,59,63,58,_binary '\0',NULL),(160,'Feraligatr','Water','',85,105,100,79,83,78,_binary '\0',NULL),(161,'Sentret','Normal','',35,46,34,35,45,20,_binary '\0',NULL),(162,'Furret','Normal','',85,76,64,45,55,90,_binary '\0',NULL),(163,'Hoothoot','Normal','Flying',60,30,30,36,56,50,_binary '\0',NULL),(164,'Noctowl','Normal','Flying',100,50,50,76,96,70,_binary '\0',NULL),(165,'Ledyba','Bug','Flying',40,20,30,40,80,55,_binary '\0',NULL),(166,'Ledian','Bug','Flying',55,35,50,55,110,85,_binary '\0',NULL),(167,'Spinarak','Bug','Poison',40,60,40,40,40,30,_binary '\0',NULL),(168,'Ariados','Bug','Poison',70,90,70,60,60,40,_binary '\0',NULL),(169,'Crobat','Poison','Flying',85,90,80,70,80,130,_binary '\0',NULL),(170,'Chinchou','Water','Electric',75,38,38,56,56,67,_binary '\0',NULL),(171,'Lanturn','Water','Electric',125,58,58,76,76,67,_binary '\0',NULL),(172,'Pichu','Electric','',20,40,15,35,35,60,_binary '\0',NULL),(173,'Cleffa','Fairy','',50,25,28,45,55,15,_binary '\0',NULL),(174,'Igglybuff','Normal','Fairy',90,30,15,40,20,15,_binary '\0',NULL),(175,'Togepi','Fairy','',35,20,65,40,65,20,_binary '\0',NULL),(176,'Togetic','Fairy','Flying',55,40,85,80,105,40,_binary '\0',NULL),(177,'Natu','Psychic','Flying',40,50,45,70,45,70,_binary '\0',NULL),(178,'Xatu','Psychic','Flying',65,75,70,95,70,95,_binary '\0',NULL),(179,'Mareep','Electric','',55,40,40,65,45,35,_binary '\0',NULL),(180,'Flaaffy','Electric','',70,55,55,80,60,45,_binary '\0',NULL),(181,'Ampharos','Electric','',90,75,85,115,90,55,_binary '\0',NULL),(182,'Bellossom','Grass','',75,80,95,90,100,50,_binary '\0',NULL),(183,'Marill','Water','Fairy',70,20,50,20,50,40,_binary '\0',NULL),(184,'Azumarill','Water','Fairy',100,50,80,60,80,50,_binary '\0',NULL),(185,'Sudowoodo','Rock','',70,100,115,30,65,30,_binary '\0',NULL),(186,'Politoed','Water','',90,75,75,90,100,70,_binary '\0',NULL),(187,'Hoppip','Grass','Flying',35,35,40,35,55,50,_binary '\0',NULL),(188,'Skiploom','Grass','Flying',55,45,50,45,65,80,_binary '\0',NULL),(189,'Jumpluff','Grass','Flying',75,55,70,55,95,110,_binary '\0',NULL),(190,'Aipom','Normal','',55,70,55,40,55,85,_binary '\0',NULL),(191,'Sunkern','Grass','',30,30,30,30,30,30,_binary '\0',NULL),(192,'Sunflora','Grass','',75,75,55,105,85,30,_binary '\0',NULL),(193,'Yanma','Bug','Flying',65,65,45,75,45,95,_binary '\0',NULL),(194,'Wooper','Water','Ground',55,45,45,25,25,15,_binary '\0',NULL),(195,'Quagsire','Water','Ground',95,85,85,65,65,35,_binary '\0',NULL),(196,'Espeon','Psychic','',65,65,60,130,95,110,_binary '\0',NULL),(197,'Umbreon','Dark','',95,65,110,60,130,65,_binary '\0',NULL),(198,'Murkrow','Dark','Flying',60,85,42,85,42,91,_binary '\0',NULL),(199,'Slowking','Water','Psychic',95,75,80,100,110,30,_binary '\0',NULL),(200,'Misdreavus','Ghost','',60,60,60,85,85,85,_binary '\0',NULL),(201,'Unown','Psychic','',48,72,48,72,48,48,_binary '\0',NULL),(202,'Wobbuffet','Psychic','',190,33,58,33,58,33,_binary '\0',NULL),(203,'Girafarig','Normal','Psychic',70,80,65,90,65,85,_binary '\0',NULL),(204,'Pineco','Bug','',50,65,90,35,35,15,_binary '\0',NULL),(205,'Forretress','Bug','Steel',75,90,140,60,60,40,_binary '\0',NULL),(206,'Dunsparce','Normal','',100,70,70,65,65,45,_binary '\0',NULL),(207,'Gligar','Ground','Flying',65,75,105,35,65,85,_binary '\0',NULL),(208,'Steelix','Steel','Ground',75,85,200,55,65,30,_binary '\0',NULL),(209,'Snubbull','Fairy','',60,80,50,40,40,30,_binary '\0',NULL),(210,'Granbull','Fairy','',90,120,75,60,60,45,_binary '\0',NULL),(211,'Qwilfish','Water','Poison',65,95,75,55,55,85,_binary '\0',NULL),(212,'Scizor','Bug','Steel',70,130,100,55,80,65,_binary '\0',NULL),(213,'Shuckle','Bug','Rock',20,10,230,10,230,5,_binary '\0',NULL),(214,'Heracross','Bug','Fighting',80,125,75,40,95,85,_binary '\0',NULL),(215,'Sneasel','Dark','Ice',55,95,55,35,75,115,_binary '\0',NULL),(216,'Teddiursa','Normal','',60,80,50,50,50,40,_binary '\0',NULL),(217,'Ursaring','Normal','',90,130,75,75,75,55,_binary '\0',NULL),(218,'Slugma','Fire','',40,40,40,70,40,20,_binary '\0',NULL),(219,'Magcargo','Fire','Rock',50,50,120,80,80,30,_binary '\0',NULL),(220,'Swinub','Ice','Ground',50,50,40,30,30,50,_binary '\0',NULL),(221,'Piloswine','Ice','Ground',100,100,80,60,60,50,_binary '\0',NULL),(222,'Corsola','Water','Rock',55,55,85,65,85,35,_binary '\0',NULL),(223,'Remoraid','Water','',35,65,35,65,35,65,_binary '\0',NULL),(224,'Octillery','Water','',75,105,75,105,75,45,_binary '\0',NULL),(225,'Delibird','Ice','Flying',45,55,45,65,45,75,_binary '\0',NULL),(226,'Mantine','Water','Flying',65,40,70,80,140,70,_binary '\0',NULL),(227,'Skarmory','Steel','Flying',65,80,140,40,70,70,_binary '\0',NULL),(228,'Houndour','Dark','Fire',45,60,30,80,50,65,_binary '\0',NULL),(229,'Houndoom','Dark','Fire',75,90,50,110,80,95,_binary '\0',NULL),(230,'Kingdra','Water','Dragon',75,95,95,95,95,85,_binary '\0',NULL),(231,'Phanpy','Ground','',90,60,60,40,40,40,_binary '\0',NULL),(232,'Donphan','Ground','',90,120,120,60,60,50,_binary '\0',NULL),(233,'Porygon2','Normal','',85,80,90,105,95,60,_binary '\0',NULL),(234,'Stantler','Normal','',73,95,62,85,65,85,_binary '\0',NULL),(235,'Smeargle','Normal','',55,20,35,20,45,75,_binary '\0',NULL),(236,'Tyrogue','Fighting','',35,35,35,35,35,35,_binary '\0',NULL),(237,'Hitmontop','Fighting','',50,95,95,35,110,70,_binary '\0',NULL),(238,'Smoochum','Ice','Psychic',45,30,15,85,65,65,_binary '\0',NULL),(239,'Elekid','Electric','',45,63,37,65,55,95,_binary '\0',NULL),(240,'Magby','Fire','',45,75,37,70,55,83,_binary '\0',NULL),(241,'Miltank','Normal','',95,80,105,40,70,100,_binary '\0',NULL),(242,'Blissey','Normal','',255,10,10,75,135,55,_binary '\0',NULL),(243,'Raikou','Electric','',90,85,75,115,100,115,_binary '',NULL),(244,'Entei','Fire','',115,115,85,90,75,100,_binary '',NULL),(245,'Suicune','Water','',100,75,115,90,115,85,_binary '',NULL),(246,'Larvitar','Rock','Ground',50,64,50,45,50,41,_binary '\0',NULL),(247,'Pupitar','Rock','Ground',70,84,70,65,70,51,_binary '\0',NULL),(248,'Tyranitar','Rock','Dark',100,134,110,95,100,61,_binary '\0',NULL),(249,'Lugia','Psychic','Flying',106,90,130,90,154,110,_binary '',NULL),(250,'Ho-oh','Fire','Flying',106,130,90,110,154,90,_binary '',NULL),(251,'Celebi','Psychic','Grass',100,100,100,100,100,100,_binary '\0',NULL),(252,'Treecko','Grass','',40,45,35,65,55,70,_binary '\0',NULL),(253,'Grovyle','Grass','',50,65,45,85,65,95,_binary '\0',NULL),(254,'Sceptile','Grass','',70,85,65,105,85,120,_binary '\0',NULL),(255,'Torchic','Fire','',45,60,40,70,50,45,_binary '\0',NULL),(256,'Combusken','Fire','Fighting',60,85,60,85,60,55,_binary '\0',NULL),(257,'Blaziken','Fire','Fighting',80,120,70,110,70,80,_binary '\0',NULL),(258,'Mudkip','Water','',50,70,50,50,50,40,_binary '\0',NULL),(259,'Marshtomp','Water','Ground',70,85,70,60,70,50,_binary '\0',NULL),(260,'Swampert','Water','Ground',100,110,90,85,90,60,_binary '\0',NULL),(261,'Poochyena','Dark','',35,55,35,30,30,35,_binary '\0',NULL),(262,'Mightyena','Dark','',70,90,70,60,60,70,_binary '\0',NULL),(263,'Zigzagoon','Normal','',38,30,41,30,41,60,_binary '\0',NULL),(264,'Linoone','Normal','',78,70,61,50,61,100,_binary '\0',NULL),(265,'Wurmple','Bug','',45,45,35,20,30,20,_binary '\0',NULL),(266,'Silcoon','Bug','',50,35,55,25,25,15,_binary '\0',NULL),(267,'Beautifly','Bug','Flying',60,70,50,100,50,65,_binary '\0',NULL),(268,'Cascoon','Bug','',50,35,55,25,25,15,_binary '\0',NULL),(269,'Dustox','Bug','Poison',60,50,70,50,90,65,_binary '\0',NULL),(270,'Lotad','Water','Grass',40,30,30,40,50,30,_binary '\0',NULL),(271,'Lombre','Water','Grass',60,50,50,60,70,50,_binary '\0',NULL),(272,'Ludicolo','Water','Grass',80,70,70,90,100,70,_binary '\0',NULL),(273,'Seedot','Grass','',40,40,50,30,30,30,_binary '\0',NULL),(274,'Nuzleaf','Grass','Dark',70,70,40,60,40,60,_binary '\0',NULL),(275,'Shiftry','Grass','Dark',90,100,60,90,60,80,_binary '\0',NULL),(276,'Taillow','Normal','Flying',40,55,30,30,30,85,_binary '\0',NULL),(277,'Swellow','Normal','Flying',60,85,60,50,50,125,_binary '\0',NULL),(278,'Wingull','Water','Flying',40,30,30,55,30,85,_binary '\0',NULL),(279,'Pelipper','Water','Flying',60,50,100,85,70,65,_binary '\0',NULL),(280,'Ralts','Psychic','Fairy',28,25,25,45,35,40,_binary '\0',NULL),(281,'Kirlia','Psychic','Fairy',38,35,35,65,55,50,_binary '\0',NULL),(282,'Gardevoir','Psychic','Fairy',68,65,65,125,115,80,_binary '\0',NULL),(283,'Surskit','Bug','Water',40,30,32,50,52,65,_binary '\0',NULL),(284,'Masquerain','Bug','Flying',70,60,62,80,82,60,_binary '\0',NULL),(285,'Shroomish','Grass','',60,40,60,40,60,35,_binary '\0',NULL),(286,'Breloom','Grass','Fighting',60,130,80,60,60,70,_binary '\0',NULL),(287,'Slakoth','Normal','',60,60,60,35,35,30,_binary '\0',NULL),(288,'Vigoroth','Normal','',80,80,80,55,55,90,_binary '\0',NULL),(289,'Slaking','Normal','',150,160,100,95,65,100,_binary '\0',NULL),(290,'Nincada','Bug','Ground',31,45,90,30,30,40,_binary '\0',NULL),(291,'Ninjask','Bug','Flying',61,90,45,50,50,160,_binary '\0',NULL),(292,'Shedinja','Bug','Ghost',1,90,45,30,30,40,_binary '\0',NULL),(293,'Whismur','Normal','',64,51,23,51,23,28,_binary '\0',NULL),(294,'Loudred','Normal','',84,71,43,71,43,48,_binary '\0',NULL),(295,'Exploud','Normal','',104,91,63,91,73,68,_binary '\0',NULL),(296,'Makuhita','Fighting','',72,60,30,20,30,25,_binary '\0',NULL),(297,'Hariyama','Fighting','',144,120,60,40,60,50,_binary '\0',NULL),(298,'Azurill','Normal','Fairy',50,20,40,20,40,20,_binary '\0',NULL),(299,'Nosepass','Rock','',30,45,135,45,90,30,_binary '\0',NULL),(300,'Skitty','Normal','',50,45,45,35,35,50,_binary '\0',NULL),(301,'Delcatty','Normal','',70,65,65,55,55,70,_binary '\0',NULL),(302,'Sableye','Dark','Ghost',50,75,75,65,65,50,_binary '\0',NULL),(303,'Mawile','Steel','Fairy',50,85,85,55,55,50,_binary '\0',NULL),(304,'Aron','Steel','Rock',50,70,100,40,40,30,_binary '\0',NULL),(305,'Lairon','Steel','Rock',60,90,140,50,50,40,_binary '\0',NULL),(306,'Aggron','Steel','Rock',70,110,180,60,60,50,_binary '\0',NULL),(307,'Meditite','Fighting','Psychic',30,40,55,40,55,60,_binary '\0',NULL),(308,'Medicham','Fighting','Psychic',60,60,75,60,75,80,_binary '\0',NULL),(309,'Electrike','Electric','',40,45,40,65,40,65,_binary '\0',NULL),(310,'Manectric','Electric','',70,75,60,105,60,105,_binary '\0',NULL),(311,'Plusle','Electric','',60,50,40,85,75,95,_binary '\0',NULL),(312,'Minun','Electric','',60,40,50,75,85,95,_binary '\0',NULL),(313,'Volbeat','Bug','',65,73,55,47,75,85,_binary '\0',NULL),(314,'Illumise','Bug','',65,47,55,73,75,85,_binary '\0',NULL),(315,'Roselia','Grass','Poison',50,60,45,100,80,65,_binary '\0',NULL),(316,'Gulpin','Poison','',70,43,53,43,53,40,_binary '\0',NULL),(317,'Swalot','Poison','',100,73,83,73,83,55,_binary '\0',NULL),(318,'Carvanha','Water','Dark',45,90,20,65,20,65,_binary '\0',NULL),(319,'Sharpedo','Water','Dark',70,120,40,95,40,95,_binary '\0',NULL),(320,'Wailmer','Water','',130,70,35,70,35,60,_binary '\0',NULL),(321,'Wailord','Water','',170,90,45,90,45,60,_binary '\0',NULL),(322,'Numel','Fire','Ground',60,60,40,65,45,35,_binary '\0',NULL),(323,'Camerupt','Fire','Ground',70,100,70,105,75,40,_binary '\0',NULL),(324,'Torkoal','Fire','',70,85,140,85,70,20,_binary '\0',NULL),(325,'Spoink','Psychic','',60,25,35,70,80,60,_binary '\0',NULL),(326,'Grumpig','Psychic','',80,45,65,90,110,80,_binary '\0',NULL),(327,'Spinda','Normal','',60,60,60,60,60,60,_binary '\0',NULL),(328,'Trapinch','Ground','',45,100,45,45,45,10,_binary '\0',NULL),(329,'Vibrava','Ground','Dragon',50,70,50,50,50,70,_binary '\0',NULL),(330,'Flygon','Ground','Dragon',80,100,80,80,80,100,_binary '\0',NULL),(331,'Cacnea','Grass','',50,85,40,85,40,35,_binary '\0',NULL),(332,'Cacturne','Grass','Dark',70,115,60,115,60,55,_binary '\0',NULL),(333,'Swablu','Normal','Flying',45,40,60,40,75,50,_binary '\0',NULL),(334,'Altaria','Dragon','Flying',75,70,90,70,105,80,_binary '\0',NULL),(335,'Zangoose','Normal','',73,115,60,60,60,90,_binary '\0',NULL),(336,'Seviper','Poison','',73,100,60,100,60,65,_binary '\0',NULL),(337,'Lunatone','Rock','Psychic',70,55,65,95,85,70,_binary '\0',NULL),(338,'Solrock','Rock','Psychic',70,95,85,55,65,70,_binary '\0',NULL),(339,'Barboach','Water','Ground',50,48,43,46,41,60,_binary '\0',NULL),(340,'Whiscash','Water','Ground',110,78,73,76,71,60,_binary '\0',NULL),(341,'Corphish','Water','',43,80,65,50,35,35,_binary '\0',NULL),(342,'Crawdaunt','Water','Dark',63,120,85,90,55,55,_binary '\0',NULL),(343,'Baltoy','Ground','Psychic',40,40,55,40,70,55,_binary '\0',NULL),(344,'Claydol','Ground','Psychic',60,70,105,70,120,75,_binary '\0',NULL),(345,'Lileep','Rock','Grass',66,41,77,61,87,23,_binary '\0',NULL),(346,'Cradily','Rock','Grass',86,81,97,81,107,43,_binary '\0',NULL),(347,'Anorith','Rock','Bug',45,95,50,40,50,75,_binary '\0',NULL),(348,'Armaldo','Rock','Bug',75,125,100,70,80,45,_binary '\0',NULL),(349,'Feebas','Water','',20,15,20,10,55,80,_binary '\0',NULL),(350,'Milotic','Water','',95,60,79,100,125,81,_binary '\0',NULL),(351,'Castform','Normal','',70,70,70,70,70,70,_binary '\0',NULL),(352,'Kecleon','Normal','',60,90,70,60,120,40,_binary '\0',NULL),(353,'Shuppet','Ghost','',44,75,35,63,33,45,_binary '\0',NULL),(354,'Banette','Ghost','',64,115,65,83,63,65,_binary '\0',NULL),(355,'Duskull','Ghost','',20,40,90,30,90,25,_binary '\0',NULL),(356,'Dusclops','Ghost','',40,70,130,60,130,25,_binary '\0',NULL),(357,'Tropius','Grass','Flying',99,68,83,72,87,51,_binary '\0',NULL),(358,'Chimecho','Psychic','',65,50,70,95,80,65,_binary '\0',NULL),(359,'Absol','Dark','',65,130,60,75,60,75,_binary '\0',NULL),(360,'Wynaut','Psychic','',95,23,48,23,48,23,_binary '\0',NULL),(361,'Snorunt','Ice','',50,50,50,50,50,50,_binary '\0',NULL),(362,'Glalie','Ice','',80,80,80,80,80,80,_binary '\0',NULL),(363,'Spheal','Ice','Water',70,40,50,55,50,25,_binary '\0',NULL),(364,'Sealeo','Ice','Water',90,60,70,75,70,45,_binary '\0',NULL),(365,'Walrein','Ice','Water',110,80,90,95,90,65,_binary '\0',NULL),(366,'Clamperl','Water','',35,64,85,74,55,32,_binary '\0',NULL),(367,'Huntail','Water','',55,104,105,94,75,52,_binary '\0',NULL),(368,'Gorebyss','Water','',55,84,105,114,75,52,_binary '\0',NULL),(369,'Relicanth','Water','Rock',100,90,130,45,65,55,_binary '\0',NULL),(370,'Luvdisc','Water','',43,30,55,40,65,97,_binary '\0',NULL),(371,'Bagon','Dragon','',45,75,60,40,30,50,_binary '\0',NULL),(372,'Shelgon','Dragon','',65,95,100,60,50,50,_binary '\0',NULL),(373,'Salamence','Dragon','Flying',95,135,80,110,80,100,_binary '\0',NULL),(374,'Beldum','Steel','Psychic',40,55,80,35,60,30,_binary '\0',NULL),(375,'Metang','Steel','Psychic',60,75,100,55,80,50,_binary '\0',NULL),(376,'Metagross','Steel','Psychic',80,135,130,95,90,70,_binary '\0',NULL),(377,'Regirock','Rock','',80,100,200,50,100,50,_binary '',NULL),(378,'Regice','Ice','',80,50,100,100,200,50,_binary '',NULL),(379,'Registeel','Steel','',80,75,150,75,150,50,_binary '',NULL),(380,'Latias','Dragon','Psychic',80,80,90,110,130,110,_binary '',NULL),(381,'Latios','Dragon','Psychic',80,90,80,130,110,110,_binary '',NULL),(382,'Kyogre','Water','',100,100,90,150,140,90,_binary '',NULL),(383,'Groudon','Ground','',100,150,140,100,90,90,_binary '',NULL),(384,'Rayquaza','Dragon','Flying',105,150,90,150,90,95,_binary '',NULL),(385,'Jirachi','Steel','Psychic',100,100,100,100,100,100,_binary '',NULL),(386,'Deoxys','Psychic','',50,150,50,150,50,150,_binary '',NULL),(387,'Turtwig','Grass','',55,68,64,45,55,31,_binary '\0',NULL),(388,'Grotle','Grass','',75,89,85,55,65,36,_binary '\0',NULL),(389,'Torterra','Grass','Ground',95,109,105,75,85,56,_binary '\0',NULL),(390,'Chimchar','Fire','',44,58,44,58,44,61,_binary '\0',NULL),(391,'Monferno','Fire','Fighting',64,78,52,78,52,81,_binary '\0',NULL),(392,'Infernape','Fire','Fighting',76,104,71,104,71,108,_binary '\0',NULL),(393,'Piplup','Water','',53,51,53,61,56,40,_binary '\0',NULL),(394,'Prinplup','Water','',64,66,68,81,76,50,_binary '\0',NULL),(395,'Empoleon','Water','Steel',84,86,88,111,101,60,_binary '\0',NULL),(396,'Starly','Normal','Flying',40,55,30,30,30,60,_binary '\0',NULL),(397,'Staravia','Normal','Flying',55,75,50,40,40,80,_binary '\0',NULL),(398,'Staraptor','Normal','Flying',85,120,70,50,60,100,_binary '\0',NULL),(399,'Bidoof','Normal','',59,45,40,35,40,31,_binary '\0',NULL),(400,'Bibarel','Normal','Water',79,85,60,55,60,71,_binary '\0',NULL),(401,'Kricketot','Bug','',37,25,41,25,41,25,_binary '\0',NULL),(402,'Kricketune','Bug','',77,85,51,55,51,65,_binary '\0',NULL),(403,'Shinx','Electric','',45,65,34,40,34,45,_binary '\0',NULL),(404,'Luxio','Electric','',60,85,49,60,49,60,_binary '\0',NULL),(405,'Luxray','Electric','',80,120,79,95,79,70,_binary '\0',NULL),(406,'Budew','Grass','Poison',40,30,35,50,70,55,_binary '\0',NULL),(407,'Roserade','Grass','Poison',60,70,65,125,105,90,_binary '\0',NULL),(408,'Cranidos','Rock','',67,125,40,30,30,58,_binary '\0',NULL),(409,'Rampardos','Rock','',97,165,60,65,50,58,_binary '\0',NULL),(410,'Shieldon','Rock','Steel',30,42,118,42,88,30,_binary '\0',NULL),(411,'Bastiodon','Rock','Steel',60,52,168,47,138,30,_binary '\0',NULL),(412,'Burmy','Bug','',40,29,45,29,45,36,_binary '\0',NULL),(413,'Wormadam','Bug','Grass',60,59,85,79,105,36,_binary '\0',NULL),(414,'Mothim','Bug','Flying',70,94,50,94,50,66,_binary '\0',NULL),(415,'Combee','Bug','Flying',30,30,42,30,42,70,_binary '\0',NULL),(416,'Vespiquen','Bug','Flying',70,80,102,80,102,40,_binary '\0',NULL),(417,'Pachirisu','Electric','',60,45,70,45,90,95,_binary '\0',NULL),(418,'Buizel','Water','',55,65,35,60,30,85,_binary '\0',NULL),(419,'Floatzel','Water','',85,105,55,85,50,115,_binary '\0',NULL),(420,'Cherubi','Grass','',45,35,45,62,53,35,_binary '\0',NULL),(421,'Cherrim','Grass','',70,60,70,87,78,85,_binary '\0',NULL),(422,'Shellos','Water','',76,48,48,57,62,34,_binary '\0',NULL),(423,'Gastrodon','Water','Ground',111,83,68,92,82,39,_binary '\0',NULL),(424,'Ambipom','Normal','',75,100,66,60,66,115,_binary '\0',NULL),(425,'Drifloon','Ghost','Flying',90,50,34,60,44,70,_binary '\0',NULL),(426,'Drifblim','Ghost','Flying',150,80,44,90,54,80,_binary '\0',NULL),(427,'Buneary','Normal','',55,66,44,44,56,85,_binary '\0',NULL),(428,'Lopunny','Normal','',65,76,84,54,96,105,_binary '\0',NULL),(429,'Mismagius','Ghost','',60,60,60,105,105,105,_binary '\0',NULL),(430,'Honchkrow','Dark','Flying',100,125,52,105,52,71,_binary '\0',NULL),(431,'Glameow','Normal','',49,55,42,42,37,85,_binary '\0',NULL),(432,'Purugly','Normal','',71,82,64,64,59,112,_binary '\0',NULL),(433,'Chingling','Psychic','',45,30,50,65,50,45,_binary '\0',NULL),(434,'Stunky','Poison','Dark',63,63,47,41,41,74,_binary '\0',NULL),(435,'Skuntank','Poison','Dark',103,93,67,71,61,84,_binary '\0',NULL),(436,'Bronzor','Steel','Psychic',57,24,86,24,86,23,_binary '\0',NULL),(437,'Bronzong','Steel','Psychic',67,89,116,79,116,33,_binary '\0',NULL),(438,'Bonsly','Rock','',50,80,95,10,45,10,_binary '\0',NULL),(439,'Mime Jr.','Psychic','Fairy',20,25,45,70,90,60,_binary '\0',NULL),(440,'Happiny','Normal','',100,5,5,15,65,30,_binary '\0',NULL),(441,'Chatot','Normal','Flying',76,65,45,92,42,91,_binary '\0',NULL),(442,'Spiritomb','Ghost','Dark',50,92,108,92,108,35,_binary '\0',NULL),(443,'Gible','Dragon','Ground',58,70,45,40,45,42,_binary '\0',NULL),(444,'Gabite','Dragon','Ground',68,90,65,50,55,82,_binary '\0',NULL),(445,'Garchomp','Dragon','Ground',108,130,95,80,85,102,_binary '\0',NULL),(446,'Munchlax','Normal','',135,85,40,40,85,5,_binary '\0',NULL),(447,'Riolu','Fighting','',40,70,40,35,40,60,_binary '\0',NULL),(448,'Lucario','Fighting','Steel',70,110,70,115,70,90,_binary '\0',NULL),(449,'Hippopotas','Ground','',68,72,78,38,42,32,_binary '\0',NULL),(450,'Hippowdon','Ground','',108,112,118,68,72,47,_binary '\0',NULL),(451,'Skorupi','Poison','Bug',40,50,90,30,55,65,_binary '\0',NULL),(452,'Drapion','Poison','Dark',70,90,110,60,75,95,_binary '\0',NULL),(453,'Croagunk','Poison','Fighting',48,61,40,61,40,50,_binary '\0',NULL),(454,'Toxicroak','Poison','Fighting',83,106,65,86,65,85,_binary '\0',NULL),(455,'Carnivine','Grass','',74,100,72,90,72,46,_binary '\0',NULL),(456,'Finneon','Water','',49,49,56,49,61,66,_binary '\0',NULL),(457,'Lumineon','Water','',69,69,76,69,86,91,_binary '\0',NULL),(458,'Mantyke','Water','Flying',45,20,50,60,120,50,_binary '\0',NULL),(459,'Snover','Grass','Ice',60,62,50,62,60,40,_binary '\0',NULL),(460,'Abomasnow','Grass','Ice',90,92,75,92,85,60,_binary '\0',NULL),(461,'Weavile','Dark','Ice',70,120,65,45,85,125,_binary '\0',NULL),(462,'Magnezone','Electric','Steel',70,70,115,130,90,60,_binary '\0',NULL),(463,'Lickilicky','Normal','',110,85,95,80,95,50,_binary '\0',NULL),(464,'Rhyperior','Ground','Rock',115,140,130,55,55,40,_binary '\0',NULL),(465,'Tangrowth','Grass','',100,100,125,110,50,50,_binary '\0',NULL),(466,'Electivire','Electric','',75,123,67,95,85,95,_binary '\0',NULL),(467,'Magmortar','Fire','',75,95,67,125,95,83,_binary '\0',NULL),(468,'Togekiss','Fairy','Flying',85,50,95,120,115,80,_binary '\0',NULL),(469,'Yanmega','Bug','Flying',86,76,86,116,56,95,_binary '\0',NULL),(470,'Leafeon','Grass','',65,110,130,60,65,95,_binary '\0',NULL),(471,'Glaceon','Ice','',65,60,110,130,95,65,_binary '\0',NULL),(472,'Gliscor','Ground','Flying',75,95,125,45,75,95,_binary '\0',NULL),(473,'Mamoswine','Ice','Ground',110,130,80,70,60,80,_binary '\0',NULL),(474,'Porygon-Z','Normal','',85,80,70,135,75,90,_binary '\0',NULL),(475,'Gallade','Psychic','Fighting',68,125,65,65,115,80,_binary '\0',NULL),(476,'Probopass','Rock','Steel',60,55,145,75,150,40,_binary '\0',NULL),(477,'Dusknoir','Ghost','',45,100,135,65,135,45,_binary '\0',NULL),(478,'Froslass','Ice','Ghost',70,80,70,80,70,110,_binary '\0',NULL),(479,'Rotom','Electric','Ghost',50,50,77,95,77,91,_binary '\0',NULL),(480,'Uxie','Psychic','',75,75,130,75,130,95,_binary '',NULL),(481,'Mesprit','Psychic','',80,105,105,105,105,80,_binary '',NULL),(482,'Azelf','Psychic','',75,125,70,125,70,115,_binary '',NULL),(483,'Dialga','Steel','Dragon',100,120,120,150,100,90,_binary '',NULL),(484,'Palkia','Water','Dragon',90,120,100,150,120,100,_binary '',NULL),(485,'Heatran','Fire','Steel',91,90,106,130,106,77,_binary '',NULL),(486,'Regigigas','Normal','',110,160,110,80,110,100,_binary '',NULL),(487,'Giratina','Ghost','Dragon',150,100,120,100,120,90,_binary '',NULL),(488,'Cresselia','Psychic','',120,70,120,75,130,85,_binary '\0',NULL),(489,'Phione','Water','',80,80,80,80,80,80,_binary '\0',NULL),(490,'Manaphy','Water','',100,100,100,100,100,100,_binary '\0',NULL),(491,'Darkrai','Dark','',70,90,90,135,90,125,_binary '',NULL),(492,'Shaymin','Grass','',100,100,100,100,100,100,_binary '',NULL),(493,'Arceus','Normal','',120,120,120,120,120,120,_binary '',NULL),(494,'Victini','Psychic','Fire',100,100,100,100,100,100,_binary '',NULL),(495,'Snivy','Grass','',45,45,55,45,55,63,_binary '\0',NULL),(496,'Servine','Grass','',60,60,75,60,75,83,_binary '\0',NULL),(497,'Serperior','Grass','',75,75,95,75,95,113,_binary '\0',NULL),(498,'Tepig','Fire','',65,63,45,45,45,45,_binary '\0',NULL),(499,'Pignite','Fire','Fighting',90,93,55,70,55,55,_binary '\0',NULL),(500,'Emboar','Fire','Fighting',110,123,65,100,65,65,_binary '\0',NULL),(501,'Oshawott','Water','',55,55,45,63,45,45,_binary '\0',NULL),(502,'Dewott','Water','',75,75,60,83,60,60,_binary '\0',NULL),(503,'Samurott','Water','',95,100,85,108,70,70,_binary '\0',NULL),(504,'Patrat','Normal','',45,55,39,35,39,42,_binary '\0',NULL),(505,'Watchog','Normal','',60,85,69,60,69,77,_binary '\0',NULL),(506,'Lillipup','Normal','',45,60,45,25,45,55,_binary '\0',NULL),(507,'Herdier','Normal','',65,80,65,35,65,60,_binary '\0',NULL),(508,'Stoutland','Normal','',85,110,90,45,90,80,_binary '\0',NULL),(509,'Purrloin','Dark','',41,50,37,50,37,66,_binary '\0',NULL),(510,'Liepard','Dark','',64,88,50,88,50,106,_binary '\0',NULL),(511,'Pansage','Grass','',50,53,48,53,48,64,_binary '\0',NULL),(512,'Simisage','Grass','',75,98,63,98,63,101,_binary '\0',NULL),(513,'Pansear','Fire','',50,53,48,53,48,64,_binary '\0',NULL),(514,'Simisear','Fire','',75,98,63,98,63,101,_binary '\0',NULL),(515,'Panpour','Water','',50,53,48,53,48,64,_binary '\0',NULL),(516,'Simipour','Water','',75,98,63,98,63,101,_binary '\0',NULL),(517,'Munna','Psychic','',76,25,45,67,55,24,_binary '\0',NULL),(518,'Musharna','Psychic','',116,55,85,107,95,29,_binary '\0',NULL),(519,'Pidove','Normal','Flying',50,55,50,36,30,43,_binary '\0',NULL),(520,'Tranquill','Normal','Flying',62,77,62,50,42,65,_binary '\0',NULL),(521,'Unfezant','Normal','Flying',80,115,80,65,55,93,_binary '\0',NULL),(522,'Blitzle','Electric','',45,60,32,50,32,76,_binary '\0',NULL),(523,'Zebstrika','Electric','',75,100,63,80,63,116,_binary '\0',NULL),(524,'Roggenrola','Rock','',55,75,85,25,25,15,_binary '\0',NULL),(525,'Boldore','Rock','',70,105,105,50,40,20,_binary '\0',NULL),(526,'Gigalith','Rock','',85,135,130,60,80,25,_binary '\0',NULL),(527,'Woobat','Psychic','Flying',55,45,43,55,43,72,_binary '\0',NULL),(528,'Swoobat','Psychic','Flying',67,57,55,77,55,114,_binary '\0',NULL),(529,'Drilbur','Ground','',60,85,40,30,45,68,_binary '\0',NULL),(530,'Excadrill','Ground','Steel',110,135,60,50,65,88,_binary '\0',NULL),(531,'Audino','Normal','',103,60,86,60,86,50,_binary '\0',NULL),(532,'Timburr','Fighting','',75,80,55,25,35,35,_binary '\0',NULL),(533,'Gurdurr','Fighting','',85,105,85,40,50,40,_binary '\0',NULL),(534,'Conkeldurr','Fighting','',105,140,95,55,65,45,_binary '\0',NULL),(535,'Tympole','Water','',50,50,40,50,40,64,_binary '\0',NULL),(536,'Palpitoad','Water','Ground',75,65,55,65,55,69,_binary '\0',NULL),(537,'Seismitoad','Water','Ground',105,95,75,85,75,74,_binary '\0',NULL),(538,'Throh','Fighting','',120,100,85,30,85,45,_binary '\0',NULL),(539,'Sawk','Fighting','',75,125,75,30,75,85,_binary '\0',NULL),(540,'Sewaddle','Bug','Grass',45,53,70,40,60,42,_binary '\0',NULL),(541,'Swadloon','Bug','Grass',55,63,90,50,80,42,_binary '\0',NULL),(542,'Leavanny','Bug','Grass',75,103,80,70,80,92,_binary '\0',NULL),(543,'Venipede','Bug','Poison',30,45,59,30,39,57,_binary '\0',NULL),(544,'Whirlipede','Bug','Poison',40,55,99,40,79,47,_binary '\0',NULL),(545,'Scolipede','Bug','Poison',60,100,89,55,69,112,_binary '\0',NULL),(546,'Cottonee','Grass','Fairy',40,27,60,37,50,66,_binary '\0',NULL),(547,'Whimsicott','Grass','Fairy',60,67,85,77,75,116,_binary '\0',NULL),(548,'Petilil','Grass','',45,35,50,70,50,30,_binary '\0',NULL),(549,'Lilligant','Grass','',70,60,75,110,75,90,_binary '\0',NULL),(550,'Basculin','Water','',70,92,65,80,55,98,_binary '\0',NULL),(551,'Sandile','Ground','Dark',50,72,35,35,35,65,_binary '\0',NULL),(552,'Krokorok','Ground','Dark',60,82,45,45,45,74,_binary '\0',NULL),(553,'Krookodile','Ground','Dark',95,117,80,65,70,92,_binary '\0',NULL),(554,'Darumaka','Fire','',70,90,45,15,45,50,_binary '\0',NULL),(555,'Darmanitan','Fire','',105,140,55,30,55,95,_binary '\0',NULL),(556,'Maractus','Grass','',75,86,67,106,67,60,_binary '\0',NULL),(557,'Dwebble','Bug','Rock',50,65,85,35,35,55,_binary '\0',NULL),(558,'Crustle','Bug','Rock',70,95,125,65,75,45,_binary '\0',NULL),(559,'Scraggy','Dark','Fighting',50,75,70,35,70,48,_binary '\0',NULL),(560,'Scrafty','Dark','Fighting',65,90,115,45,115,58,_binary '\0',NULL),(561,'Sigilyph','Psychic','Flying',72,58,80,103,80,97,_binary '\0',NULL),(562,'Yamask','Ghost','',38,30,85,55,65,30,_binary '\0',NULL),(563,'Cofagrigus','Ghost','',58,50,145,95,105,30,_binary '\0',NULL),(564,'Tirtouga','Water','Rock',54,78,103,53,45,22,_binary '\0',NULL),(565,'Carracosta','Water','Rock',74,108,133,83,65,32,_binary '\0',NULL),(566,'Archen','Rock','Flying',55,112,45,74,45,70,_binary '\0',NULL),(567,'Archeops','Rock','Flying',75,140,65,112,65,110,_binary '\0',NULL),(568,'Trubbish','Poison','',50,50,62,40,62,65,_binary '\0',NULL),(569,'Garbodor','Poison','',80,95,82,60,82,75,_binary '\0',NULL),(570,'Zorua','Dark','',40,65,40,80,40,65,_binary '\0',NULL),(571,'Zoroark','Dark','',60,105,60,120,60,105,_binary '\0',NULL),(572,'Minccino','Normal','',55,50,40,40,40,75,_binary '\0',NULL),(573,'Cinccino','Normal','',75,95,60,65,60,115,_binary '\0',NULL),(574,'Gothita','Psychic','',45,30,50,55,65,45,_binary '\0',NULL),(575,'Gothorita','Psychic','',60,45,70,75,85,55,_binary '\0',NULL),(576,'Gothitelle','Psychic','',70,55,95,95,110,65,_binary '\0',NULL),(577,'Solosis','Psychic','',45,30,40,105,50,20,_binary '\0',NULL),(578,'Duosion','Psychic','',65,40,50,125,60,30,_binary '\0',NULL),(579,'Reuniclus','Psychic','',110,65,75,125,85,30,_binary '\0',NULL),(580,'Ducklett','Water','Flying',62,44,50,44,50,55,_binary '\0',NULL),(581,'Swanna','Water','Flying',75,87,63,87,63,98,_binary '\0',NULL),(582,'Vanillite','Ice','',36,50,50,65,60,44,_binary '\0',NULL),(583,'Vanillish','Ice','',51,65,65,80,75,59,_binary '\0',NULL),(584,'Vanilluxe','Ice','',71,95,85,110,95,79,_binary '\0',NULL),(585,'Deerling','Normal','Grass',60,60,50,40,50,75,_binary '\0',NULL),(586,'Sawsbuck','Normal','Grass',80,100,70,60,70,95,_binary '\0',NULL),(587,'Emolga','Electric','Flying',55,75,60,75,60,103,_binary '\0',NULL),(588,'Karrablast','Bug','',50,75,45,40,45,60,_binary '\0',NULL),(589,'Escavalier','Bug','Steel',70,135,105,60,105,20,_binary '\0',NULL),(590,'Foongus','Grass','Poison',69,55,45,55,55,15,_binary '\0',NULL),(591,'Amoonguss','Grass','Poison',114,85,70,85,80,30,_binary '\0',NULL),(592,'Frillish','Water','Ghost',55,40,50,65,85,40,_binary '\0',NULL),(593,'Jellicent','Water','Ghost',100,60,70,85,105,60,_binary '\0',NULL),(594,'Alomomola','Water','',165,75,80,40,45,65,_binary '\0',NULL),(595,'Joltik','Bug','Electric',50,47,50,57,50,65,_binary '\0',NULL),(596,'Galvantula','Bug','Electric',70,77,60,97,60,108,_binary '\0',NULL),(597,'Ferroseed','Grass','Steel',44,50,91,24,86,10,_binary '\0',NULL),(598,'Ferrothorn','Grass','Steel',74,94,131,54,116,20,_binary '\0',NULL),(599,'Klink','Steel','',40,55,70,45,60,30,_binary '\0',NULL),(600,'Klang','Steel','',60,80,95,70,85,50,_binary '\0',NULL),(601,'Klinklang','Steel','',60,100,115,70,85,90,_binary '\0',NULL),(602,'Tynamo','Electric','',35,55,40,45,40,60,_binary '\0',NULL),(603,'Eelektrik','Electric','',65,85,70,75,70,40,_binary '\0',NULL),(604,'Eelektross','Electric','',85,115,80,105,80,50,_binary '\0',NULL),(605,'Elgyem','Psychic','',55,55,55,85,55,30,_binary '\0',NULL),(606,'Beheeyem','Psychic','',75,75,75,125,95,40,_binary '\0',NULL),(607,'Litwick','Ghost','Fire',50,30,55,65,55,20,_binary '\0',NULL),(608,'Lampent','Ghost','Fire',60,40,60,95,60,55,_binary '\0',NULL),(609,'Chandelure','Ghost','Fire',60,55,90,145,90,80,_binary '\0',NULL),(610,'Axew','Dragon','',46,87,60,30,40,57,_binary '\0',NULL),(611,'Fraxure','Dragon','',66,117,70,40,50,67,_binary '\0',NULL),(612,'Haxorus','Dragon','',76,147,90,60,70,97,_binary '\0',NULL),(613,'Cubchoo','Ice','',55,70,40,60,40,40,_binary '\0',NULL),(614,'Beartic','Ice','',95,110,80,70,80,50,_binary '\0',NULL),(615,'Cryogonal','Ice','',70,50,30,95,135,105,_binary '\0',NULL),(616,'Shelmet','Bug','',50,40,85,40,65,25,_binary '\0',NULL),(617,'Accelgor','Bug','',80,70,40,100,60,145,_binary '\0',NULL),(618,'Stunfisk','Ground','Electric',109,66,84,81,99,32,_binary '\0',NULL),(619,'Mienfoo','Fighting','',45,85,50,55,50,65,_binary '\0',NULL),(620,'Mienshao','Fighting','',65,125,60,95,60,105,_binary '\0',NULL),(621,'Druddigon','Dragon','',77,120,90,60,90,48,_binary '\0',NULL),(622,'Golett','Ground','Ghost',59,74,50,35,50,35,_binary '\0',NULL),(623,'Golurk','Ground','Ghost',89,124,80,55,80,55,_binary '\0',NULL),(624,'Pawniard','Dark','Steel',45,85,70,40,40,60,_binary '\0',NULL),(625,'Bisharp','Dark','Steel',65,125,100,60,70,70,_binary '\0',NULL),(626,'Bouffalant','Normal','',95,110,95,40,95,55,_binary '\0',NULL),(627,'Rufflet','Normal','Flying',70,83,50,37,50,60,_binary '\0',NULL),(628,'Braviary','Normal','Flying',100,123,75,57,75,80,_binary '\0',NULL),(629,'Vullaby','Dark','Flying',70,55,75,45,65,60,_binary '\0',NULL),(630,'Mandibuzz','Dark','Flying',110,65,105,55,95,80,_binary '\0',NULL),(631,'Heatmor','Fire','',85,97,66,105,66,65,_binary '\0',NULL),(632,'Durant','Bug','Steel',58,109,112,48,48,109,_binary '\0',NULL),(633,'Deino','Dark','Dragon',52,65,50,45,50,38,_binary '\0',NULL),(634,'Zweilous','Dark','Dragon',72,85,70,65,70,58,_binary '\0',NULL),(635,'Hydreigon','Dark','Dragon',92,105,90,125,90,98,_binary '\0',NULL),(636,'Larvesta','Bug','Fire',55,85,55,50,55,60,_binary '\0',NULL),(637,'Volcarona','Bug','Fire',85,60,65,135,105,100,_binary '\0',NULL),(638,'Cobalion','Steel','Fighting',91,90,129,90,72,108,_binary '',NULL),(639,'Terrakion','Rock','Fighting',91,129,90,72,90,108,_binary '',NULL),(640,'Virizion','Grass','Fighting',91,90,72,90,129,108,_binary '',NULL),(641,'Tornadus','Flying','',79,115,70,125,80,111,_binary '',NULL),(642,'Thundurus','Electric','Flying',79,115,70,125,80,111,_binary '',NULL),(643,'Reshiram','Dragon','Fire',100,120,100,150,120,90,_binary '',NULL),(644,'Zekrom','Dragon','Electric',100,150,120,120,100,90,_binary '',NULL),(645,'Landorus','Ground','Flying',89,125,90,115,80,101,_binary '',NULL),(646,'Kyurem','Dragon','Ice',125,130,90,130,90,95,_binary '',NULL),(647,'Keldeo','Water','Fighting',91,72,90,129,90,108,_binary '\0',NULL),(648,'Meloetta','Normal','Psychic',100,77,77,128,128,90,_binary '\0',NULL),(649,'Genesect','Bug','Steel',71,120,95,120,95,99,_binary '\0',NULL),(650,'Chespin','Grass','',56,61,65,48,45,38,_binary '\0',NULL),(651,'Quilladin','Grass','',61,78,95,56,58,57,_binary '\0',NULL),(652,'Chesnaught','Grass','Fighting',88,107,122,74,75,64,_binary '\0',NULL),(653,'Fennekin','Fire','',40,45,40,62,60,60,_binary '\0',NULL),(654,'Braixen','Fire','',59,59,58,90,70,73,_binary '\0',NULL),(655,'Delphox','Fire','Psychic',75,69,72,114,100,104,_binary '\0',NULL),(656,'Froakie','Water','',41,56,40,62,44,71,_binary '\0',NULL),(657,'Frogadier','Water','',54,63,52,83,56,97,_binary '\0',NULL),(658,'Greninja','Water','Dark',72,95,67,103,71,122,_binary '\0',NULL),(659,'Bunnelby','Normal','',38,36,38,32,36,57,_binary '\0',NULL),(660,'Diggersby','Normal','Ground',85,56,77,50,77,78,_binary '\0',NULL),(661,'Fletchling','Normal','Flying',45,50,43,40,38,62,_binary '\0',NULL),(662,'Fletchinder','Fire','Flying',62,73,55,56,52,84,_binary '\0',NULL),(663,'Talonflame','Fire','Flying',78,81,71,74,69,126,_binary '\0',NULL),(664,'Scatterbug','Bug','',38,35,40,27,25,35,_binary '\0',NULL),(665,'Spewpa','Bug','',45,22,60,27,30,29,_binary '\0',NULL),(666,'Vivillon','Bug','Flying',80,52,50,90,50,89,_binary '\0',NULL),(667,'Litleo','Fire','Normal',62,50,58,73,54,72,_binary '\0',NULL),(668,'Pyroar','Fire','Normal',86,68,72,109,66,106,_binary '\0',NULL),(669,'Flabébé','Fairy','',44,38,39,61,79,42,_binary '\0',NULL),(670,'Floette','Fairy','',54,45,47,75,98,52,_binary '\0',NULL),(671,'Florges','Fairy','',78,65,68,112,154,75,_binary '\0',NULL),(672,'Skiddo','Grass','',66,65,48,62,57,52,_binary '\0',NULL),(673,'Gogoat','Grass','',123,100,62,97,81,68,_binary '\0',NULL),(674,'Pancham','Fighting','',67,82,62,46,48,43,_binary '\0',NULL),(675,'Pangoro','Fighting','Dark',95,124,78,69,71,58,_binary '\0',NULL),(676,'Furfrou','Normal','',75,80,60,65,90,102,_binary '\0',NULL),(677,'Espurr','Psychic','',62,48,54,63,60,68,_binary '\0',NULL),(678,'Meowstic','Psychic','',74,48,76,83,81,104,_binary '\0',NULL),(679,'Honedge','Steel','Ghost',45,80,100,35,37,28,_binary '\0',NULL),(680,'Doublade','Steel','Ghost',59,110,150,45,49,35,_binary '\0',NULL),(681,'Aegislash','Steel','Ghost',60,150,50,150,50,60,_binary '\0',NULL),(682,'Spritzee','Fairy','',78,52,60,63,65,23,_binary '\0',NULL),(683,'Aromatisse','Fairy','',101,72,72,99,89,29,_binary '\0',NULL),(684,'Swirlix','Fairy','',62,48,66,59,57,49,_binary '\0',NULL),(685,'Slurpuff','Fairy','',82,80,86,85,75,72,_binary '\0',NULL),(686,'Inkay','Dark','Psychic',53,54,53,37,46,45,_binary '\0',NULL),(687,'Malamar','Dark','Psychic',86,92,88,68,75,73,_binary '\0',NULL),(688,'Binacle','Rock','Water',42,52,67,39,56,50,_binary '\0',NULL),(689,'Barbaracle','Rock','Water',72,105,115,54,86,68,_binary '\0',NULL),(690,'Skrelp','Poison','Water',50,60,60,60,60,30,_binary '\0',NULL),(691,'Dragalge','Poison','Dragon',65,75,90,97,123,44,_binary '\0',NULL),(692,'Clauncher','Water','',50,53,62,58,63,44,_binary '\0',NULL),(693,'Clawitzer','Water','',71,73,88,120,89,59,_binary '\0',NULL),(694,'Helioptile','Electric','Normal',44,38,33,61,43,70,_binary '\0',NULL),(695,'Heliolisk','Electric','Normal',62,55,52,109,94,109,_binary '\0',NULL),(696,'Tyrunt','Rock','Dragon',58,89,77,45,45,48,_binary '\0',NULL),(697,'Tyrantrum','Rock','Dragon',82,121,119,69,59,71,_binary '\0',NULL),(698,'Amaura','Rock','Ice',77,59,50,67,63,46,_binary '\0',NULL),(699,'Aurorus','Rock','Ice',123,77,72,99,92,58,_binary '\0',NULL),(700,'Sylveon','Fairy','',95,65,65,110,130,60,_binary '\0',NULL),(701,'Hawlucha','Fighting','Flying',78,92,75,74,63,118,_binary '\0',NULL),(702,'Dedenne','Electric','Fairy',67,58,57,81,67,101,_binary '\0',NULL),(703,'Carbink','Rock','Fairy',50,50,150,50,150,50,_binary '\0',NULL),(704,'Goomy','Dragon','',45,50,35,55,75,40,_binary '\0',NULL),(705,'Sliggoo','Dragon','',68,75,53,83,113,60,_binary '\0',NULL),(706,'Goodra','Dragon','',90,100,70,110,150,80,_binary '\0',NULL),(707,'Klefki','Steel','Fairy',57,80,91,80,87,75,_binary '\0',NULL),(708,'Phantump','Ghost','Grass',43,70,48,50,60,38,_binary '\0',NULL),(709,'Trevenant','Ghost','Grass',85,110,76,65,82,56,_binary '\0',NULL),(710,'Pumpkaboo','Ghost','Grass',49,66,70,44,55,51,_binary '\0',NULL),(711,'Gourgeist','Ghost','Grass',65,90,122,58,75,84,_binary '\0',NULL),(712,'Bergmite','Ice','',55,69,85,32,35,28,_binary '\0',NULL),(713,'Avalugg','Ice','',95,117,184,44,46,28,_binary '\0',NULL),(714,'Noibat','Flying','Dragon',40,30,35,45,40,55,_binary '\0',NULL),(715,'Noivern','Flying','Dragon',85,70,80,97,80,123,_binary '\0',NULL),(716,'Xerneas','Fairy','',126,131,95,131,98,99,_binary '',NULL),(717,'Yveltal','Dark','Flying',126,131,95,131,98,99,_binary '',NULL),(718,'Zygarde','Dragon','Ground',108,100,121,81,95,95,_binary '',NULL),(719,'Diancie','Rock','Fairy',50,100,150,100,150,50,_binary '',NULL),(720,'Hoopa','Psychic','Ghost',80,110,60,150,130,70,_binary '',NULL),(721,'Volcanion','Fire','Water',80,110,120,130,90,70,_binary '',NULL);
/*!40000 ALTER TABLE `pokedex` ENABLE KEYS */;
UNLOCK TABLES;

--
-- Table structure for table `reply`
--

DROP TABLE IF EXISTS `reply`;
/*!40101 SET @saved_cs_client     = @@character_set_client */;
/*!50503 SET character_set_client = utf8mb4 */;
CREATE TABLE `reply` (
  `replyID` int NOT NULL AUTO_INCREMENT,
  `listingID` int NOT NULL,
  `instanceID` int NOT NULL,
  `respondantID` int NOT NULL,
  PRIMARY KEY (`replyID`)
) ENGINE=InnoDB DEFAULT CHARSET=utf8mb4 COLLATE=utf8mb4_0900_ai_ci;
/*!40101 SET character_set_client = @saved_cs_client */;

--
-- Dumping data for table `reply`
--

LOCK TABLES `reply` WRITE;
/*!40000 ALTER TABLE `reply` DISABLE KEYS */;
/*!40000 ALTER TABLE `reply` ENABLE KEYS */;
UNLOCK TABLES;

--
-- Table structure for table `trades`
--

DROP TABLE IF EXISTS `trades`;
/*!40101 SET @saved_cs_client     = @@character_set_client */;
/*!50503 SET character_set_client = utf8mb4 */;
CREATE TABLE `trades` (
  `tradeID` int NOT NULL AUTO_INCREMENT,
  `listingID` int NOT NULL,
  `replyID` int NOT NULL,
  `time` datetime DEFAULT '2000-01-01 00:00:00',
  PRIMARY KEY (`tradeID`),
  KEY `listingID` (`listingID`),
  KEY `replyID` (`replyID`),
  CONSTRAINT `trades_ibfk_1` FOREIGN KEY (`listingID`) REFERENCES `listing` (`listingID`),
  CONSTRAINT `trades_ibfk_2` FOREIGN KEY (`replyID`) REFERENCES `reply` (`replyID`)
) ENGINE=InnoDB DEFAULT CHARSET=utf8mb4 COLLATE=utf8mb4_0900_ai_ci;
/*!40101 SET character_set_client = @saved_cs_client */;

--
-- Dumping data for table `trades`
--

LOCK TABLES `trades` WRITE;
/*!40000 ALTER TABLE `trades` DISABLE KEYS */;
/*!40000 ALTER TABLE `trades` ENABLE KEYS */;
UNLOCK TABLES;

--
-- Table structure for table `typefx`
--

DROP TABLE IF EXISTS `typefx`;
/*!40101 SET @saved_cs_client     = @@character_set_client */;
/*!50503 SET character_set_client = utf8mb4 */;
CREATE TABLE `typefx` (
  `type1` varchar(10) NOT NULL,
  `type2` varchar(10) NOT NULL,
  `double_strength` bit(1) NOT NULL,
  `half_strength` bit(1) NOT NULL,
  `no_impact` bit(1) NOT NULL,
  PRIMARY KEY (`type1`,`type2`),
  CONSTRAINT `typefx_chk_1` CHECK ((((`half_strength` + `double_strength`) + `no_impact`) = 1))
) ENGINE=InnoDB DEFAULT CHARSET=utf8mb4 COLLATE=utf8mb4_0900_ai_ci;
/*!40101 SET character_set_client = @saved_cs_client */;

--
-- Dumping data for table `typefx`
--

LOCK TABLES `typefx` WRITE;
/*!40000 ALTER TABLE `typefx` DISABLE KEYS */;
INSERT INTO `typefx` VALUES ('Bug','Dark',_binary '',_binary '\0',_binary '\0'),('Bug','Fairy',_binary '\0',_binary '',_binary '\0'),('Bug','Fighting',_binary '\0',_binary '',_binary '\0'),('Bug','Fire',_binary '\0',_binary '',_binary '\0'),('Bug','Flying',_binary '\0',_binary '',_binary '\0'),('Bug','Ghost',_binary '\0',_binary '',_binary '\0'),('Bug','Grass',_binary '',_binary '\0',_binary '\0'),('Bug','Poison',_binary '\0',_binary '',_binary '\0'),('Bug','Psychic',_binary '',_binary '\0',_binary '\0'),('Bug','Steel',_binary '\0',_binary '',_binary '\0'),('Dark','Dark',_binary '\0',_binary '',_binary '\0'),('Dark','Fairy',_binary '\0',_binary '',_binary '\0'),('Dark','Fighting',_binary '\0',_binary '',_binary '\0'),('Dark','Ghost',_binary '',_binary '\0',_binary '\0'),('Dark','Psychic',_binary '',_binary '\0',_binary '\0'),('Dragon','Dragon',_binary '',_binary '\0',_binary '\0'),('Dragon','Fairy',_binary '\0',_binary '\0',_binary ''),('Dragon','Steel',_binary '\0',_binary '',_binary '\0'),('Electric','Dragon',_binary '\0',_binary '',_binary '\0'),('Electric','Electric',_binary '\0',_binary '',_binary '\0'),('Electric','Flying',_binary '',_binary '\0',_binary '\0'),('Electric','Grass',_binary '\0',_binary '',_binary '\0'),('Electric','Ground',_binary '\0',_binary '\0',_binary ''),('Electric','Water',_binary '',_binary '\0',_binary '\0'),('Fairy','Dark',_binary '',_binary '\0',_binary '\0'),('Fairy','Dragon',_binary '',_binary '\0',_binary '\0'),('Fairy','Fighting',_binary '',_binary '\0',_binary '\0'),('Fairy','Fire',_binary '\0',_binary '',_binary '\0'),('Fairy','Poison',_binary '\0',_binary '',_binary '\0'),('Fairy','Steel',_binary '\0',_binary '',_binary '\0'),('Fighting','Bug',_binary '\0',_binary '',_binary '\0'),('Fighting','Dark',_binary '',_binary '\0',_binary '\0'),('Fighting','Fairy',_binary '\0',_binary '',_binary '\0'),('Fighting','Flying',_binary '\0',_binary '',_binary '\0'),('Fighting','Ghost',_binary '\0',_binary '\0',_binary ''),('Fighting','Ice',_binary '',_binary '\0',_binary '\0'),('Fighting','Normal',_binary '',_binary '\0',_binary '\0'),('Fighting','Poison',_binary '\0',_binary '',_binary '\0'),('Fighting','Psychic',_binary '\0',_binary '',_binary '\0'),('Fighting','Rock',_binary '',_binary '\0',_binary '\0'),('Fighting','Steel',_binary '',_binary '\0',_binary '\0'),('Fire','Bug',_binary '',_binary '\0',_binary '\0'),('Fire','Dragon',_binary '\0',_binary '',_binary '\0'),('Fire','Fire',_binary '\0',_binary '',_binary '\0'),('Fire','Grass',_binary '',_binary '\0',_binary '\0'),('Fire','Ice',_binary '',_binary '\0',_binary '\0'),('Fire','Rock',_binary '\0',_binary '',_binary '\0'),('Fire','Steel',_binary '',_binary '\0',_binary '\0'),('Fire','Water',_binary '\0',_binary '',_binary '\0'),('Flying','Bug',_binary '',_binary '\0',_binary '\0'),('Flying','Electric',_binary '\0',_binary '',_binary '\0'),('Flying','Fighting',_binary '',_binary '\0',_binary '\0'),('Flying','Grass',_binary '',_binary '\0',_binary '\0'),('Flying','Rock',_binary '\0',_binary '',_binary '\0'),('Flying','Steel',_binary '\0',_binary '',_binary '\0'),('Ghost','Dark',_binary '\0',_binary '',_binary '\0'),('Ghost','Ghost',_binary '',_binary '\0',_binary '\0'),('Ghost','Normal',_binary '\0',_binary '\0',_binary ''),('Ghost','Psychic',_binary '\0',_binary '\0',_binary ''),('Grass','Bug',_binary '\0',_binary '',_binary '\0'),('Grass','Dragon',_binary '\0',_binary '',_binary '\0'),('Grass','Fire',_binary '\0',_binary '',_binary '\0'),('Grass','Flying',_binary '\0',_binary '',_binary '\0'),('Grass','Grass',_binary '\0',_binary '',_binary '\0'),('Grass','Ground',_binary '',_binary '\0',_binary '\0'),('Grass','Poison',_binary '\0',_binary '',_binary '\0'),('Grass','Rock',_binary '',_binary '\0',_binary '\0'),('Grass','Steel',_binary '\0',_binary '',_binary '\0'),('Grass','Water',_binary '',_binary '\0',_binary '\0'),('Ground','Bug',_binary '\0',_binary '',_binary '\0'),('Ground','Electric',_binary '',_binary '\0',_binary '\0'),('Ground','Fire',_binary '',_binary '\0',_binary '\0'),('Ground','Flying',_binary '\0',_binary '\0',_binary ''),('Ground','Grass',_binary '\0',_binary '',_binary '\0'),('Ground','Poison',_binary '',_binary '\0',_binary '\0'),('Ground','Rock',_binary '',_binary '\0',_binary '\0'),('Ground','Steel',_binary '',_binary '\0',_binary '\0'),('Ice','Dragon',_binary '',_binary '\0',_binary '\0'),('Ice','Flying',_binary '',_binary '\0',_binary '\0'),('Ice','Grass',_binary '',_binary '\0',_binary '\0'),('Ice','Ground',_binary '',_binary '\0',_binary '\0'),('Ice','Ice',_binary '\0',_binary '',_binary '\0'),('Ice','Steel',_binary '\0',_binary '',_binary '\0'),('Ice','Water',_binary '\0',_binary '',_binary '\0'),('Normal','Ghost',_binary '\0',_binary '\0',_binary ''),('Normal','Rock',_binary '\0',_binary '',_binary '\0'),('Normal','Steel',_binary '\0',_binary '',_binary '\0'),('Poison','Fairy',_binary '',_binary '\0',_binary '\0'),('Poison','Ghost',_binary '\0',_binary '',_binary '\0'),('Poison','Grass',_binary '',_binary '\0',_binary '\0'),('Poison','Ground',_binary '\0',_binary '',_binary '\0'),('Poison','Poison',_binary '\0',_binary '',_binary '\0'),('Poison','Rock',_binary '\0',_binary '',_binary '\0'),('Poison','Steel',_binary '\0',_binary '\0',_binary ''),('Psychic','Dark',_binary '\0',_binary '\0',_binary ''),('Psychic','Fighting',_binary '',_binary '\0',_binary '\0'),('Psychic','Poison',_binary '',_binary '\0',_binary '\0'),('Psychic','Psychic',_binary '\0',_binary '',_binary '\0'),('Psychic','Steel',_binary '\0',_binary '',_binary '\0'),('Rock','Bug',_binary '',_binary '\0',_binary '\0'),('Rock','Fighting',_binary '\0',_binary '',_binary '\0'),('Rock','Fire',_binary '',_binary '\0',_binary '\0'),('Rock','Flying',_binary '',_binary '\0',_binary '\0'),('Rock','Ground',_binary '\0',_binary '',_binary '\0'),('Rock','Ice',_binary '',_binary '\0',_binary '\0'),('Rock','Steel',_binary '\0',_binary '',_binary '\0'),('Steel','Fairy',_binary '',_binary '\0',_binary '\0'),('Steel','Fire',_binary '\0',_binary '',_binary '\0'),('Steel','Ice',_binary '',_binary '\0',_binary '\0'),('Steel','Psychic',_binary '\0',_binary '',_binary '\0'),('Steel','Rock',_binary '',_binary '\0',_binary '\0'),('Steel','Steel',_binary '\0',_binary '',_binary '\0'),('Steel','Water',_binary '\0',_binary '',_binary '\0'),('Water','Dragon',_binary '\0',_binary '',_binary '\0'),('Water','Fire',_binary '',_binary '\0',_binary '\0'),('Water','Grass',_binary '\0',_binary '',_binary '\0'),('Water','Ground',_binary '',_binary '\0',_binary '\0'),('Water','Rock',_binary '',_binary '\0',_binary '\0'),('Water','Water',_binary '\0',_binary '',_binary '\0');
/*!40000 ALTER TABLE `typefx` ENABLE KEYS */;
UNLOCK TABLES;

--
-- Table structure for table `types`
--

DROP TABLE IF EXISTS `types`;
/*!40101 SET @saved_cs_client     = @@character_set_client */;
/*!50503 SET character_set_client = utf8mb4 */;
CREATE TABLE `types` (
  `type` varchar(10) NOT NULL,
  PRIMARY KEY (`type`)
) ENGINE=InnoDB DEFAULT CHARSET=utf8mb4 COLLATE=utf8mb4_0900_ai_ci;
/*!40101 SET character_set_client = @saved_cs_client */;

--
-- Dumping data for table `types`
--

LOCK TABLES `types` WRITE;
/*!40000 ALTER TABLE `types` DISABLE KEYS */;
INSERT INTO `types` VALUES ('Bug'),('Dark'),('Dragon'),('Electric'),('Fairy'),('Fighting'),('Fire'),('Flying'),('Ghost'),('Grass'),('Ground'),('Ice'),('Normal'),('Poison'),('Psychic'),('Rock'),('Steel'),('Water');
/*!40000 ALTER TABLE `types` ENABLE KEYS */;
UNLOCK TABLES;

--
-- Table structure for table `user`
--

DROP TABLE IF EXISTS `user`;
/*!40101 SET @saved_cs_client     = @@character_set_client */;
/*!50503 SET character_set_client = utf8mb4 */;
CREATE TABLE `user` (
  `uID` int NOT NULL AUTO_INCREMENT,
  `name` varchar(40) NOT NULL,
  `tradeCount` int NOT NULL,
  `username` varchar(30) NOT NULL,
  `password` varchar(20) NOT NULL,
  PRIMARY KEY (`uID`),
  UNIQUE KEY `username` (`username`),
  UNIQUE KEY `password` (`password`),
  CONSTRAINT `user_chk_1` CHECK (((length(`password`) > 7) and regexp_like(`password`,_utf8mb4'[0-9]') and regexp_like(`password`,_utf8mb4'[a-z]') and regexp_like(`password`,_utf8mb4'[A-Z]') and regexp_like(`password`,_utf8mb4'[^a-zA-Z0-9]')))
) ENGINE=InnoDB AUTO_INCREMENT=102 DEFAULT CHARSET=utf8mb4 COLLATE=utf8mb4_0900_ai_ci;
/*!40101 SET character_set_client = @saved_cs_client */;

--
-- Dumping data for table `user`
--

LOCK TABLES `user` WRITE;
/*!40000 ALTER TABLE `user` DISABLE KEYS */;
INSERT INTO `user` VALUES (1,'Lola',0,'Kami','Letters123&'),(3,'Lola',0,'Kamigoroshi','TyneRdmn4$'),(101,'Tyne',0,'Haze','Password!2');
/*!40000 ALTER TABLE `user` ENABLE KEYS */;
UNLOCK TABLES;

--
-- Dumping events for database 'pokedex'
--

--
-- Dumping routines for database 'pokedex'
--
/*!40103 SET TIME_ZONE=@OLD_TIME_ZONE */;

/*!40101 SET SQL_MODE=@OLD_SQL_MODE */;
/*!40014 SET FOREIGN_KEY_CHECKS=@OLD_FOREIGN_KEY_CHECKS */;
/*!40014 SET UNIQUE_CHECKS=@OLD_UNIQUE_CHECKS */;
/*!40101 SET CHARACTER_SET_CLIENT=@OLD_CHARACTER_SET_CLIENT */;
/*!40101 SET CHARACTER_SET_RESULTS=@OLD_CHARACTER_SET_RESULTS */;
/*!40101 SET COLLATION_CONNECTION=@OLD_COLLATION_CONNECTION */;
/*!40111 SET SQL_NOTES=@OLD_SQL_NOTES */;

-- Dump completed on 2025-07-21 22:22:01
