CREATE DATABASE  IF NOT EXISTS `pokedex` /*!40100 DEFAULT CHARACTER SET utf8mb4 COLLATE utf8mb4_0900_ai_ci */ /*!80016 DEFAULT ENCRYPTION='N' */;
USE `pokedex`;
-- MySQL dump 10.13  Distrib 8.0.42, for Win64 (x86_64)
--
-- Host: 127.0.0.1    Database: pokedex
-- ------------------------------------------------------
-- Server version	9.3.0

/*!40101 SET @OLD_CHARACTER_SET_CLIENT=@@CHARACTER_SET_CLIENT */;
/*!40101 SET @OLD_CHARACTER_SET_RESULTS=@@CHARACTER_SET_RESULTS */;
/*!40101 SET @OLD_COLLATION_CONNECTION=@@COLLATION_CONNECTION */;
/*!50503 SET NAMES utf8 */;
/*!40103 SET @OLD_TIME_ZONE=@@TIME_ZONE */;
/*!40103 SET TIME_ZONE='+00:00' */;
/*!40014 SET @OLD_UNIQUE_CHECKS=@@UNIQUE_CHECKS, UNIQUE_CHECKS=0 */;
/*!40014 SET @OLD_FOREIGN_KEY_CHECKS=@@FOREIGN_KEY_CHECKS, FOREIGN_KEY_CHECKS=0 */;
/*!40101 SET @OLD_SQL_MODE=@@SQL_MODE, SQL_MODE='NO_AUTO_VALUE_ON_ZERO' */;
/*!40111 SET @OLD_SQL_NOTES=@@SQL_NOTES, SQL_NOTES=0 */;

--
-- Table structure for table `attacks`
--

DROP TABLE IF EXISTS `attacks`;
/*!40101 SET @saved_cs_client     = @@character_set_client */;
/*!50503 SET character_set_client = utf8mb4 */;
CREATE TABLE `attacks` (
  `aID` int NOT NULL AUTO_INCREMENT,
  `attack_name` varchar(50) NOT NULL,
  `type` varchar(10) NOT NULL,
  `category` varchar(20) DEFAULT NULL,
  `power` int DEFAULT NULL,
  `accuracy` int DEFAULT NULL,
  `PP` int DEFAULT NULL,
  `effect` varchar(100) NOT NULL,
  `tm` bit(1) DEFAULT NULL,
  PRIMARY KEY (`aID`),
  CONSTRAINT `attacks_chk_1` CHECK (((`power` >= 0) and (`accuracy` >= 0) and (`PP` >= 0)))
) ENGINE=InnoDB AUTO_INCREMENT=99 DEFAULT CHARSET=utf8mb4 COLLATE=utf8mb4_0900_ai_ci;
/*!40101 SET character_set_client = @saved_cs_client */;

--
-- Dumping data for table `attacks`
--

LOCK TABLES `attacks` WRITE;
/*!40000 ALTER TABLE `attacks` DISABLE KEYS */;
INSERT INTO `attacks` VALUES (3,'Absorb','Grass','special',20,100,25,'User recovers half the HP inflicted on opponent.',_binary '\0'),(4,'Acid','Poison','special',40,100,30,'May lower opponent\'s Special Defense.',_binary '\0'),(5,'Aurora Beam','Ice','special',65,100,20,'May lower opponent\'s Attack.',_binary '\0'),(6,'Barrage','Normal','physical',15,85,20,'Hits 2-5 times in one turn.',_binary '\0'),(7,'Bind','Normal','physical',15,85,20,'Traps opponent, damaging them for 4-5 turns.',_binary '\0'),(8,'Bite','Dark','physical',60,100,25,'May cause flinching.',_binary '\0'),(9,'Blizzard','Ice','special',110,70,5,'May freeze opponent.',_binary ''),(10,'Body Slam','Normal','physical',85,100,15,'May paralyze opponent.',_binary ''),(11,'Bone Club','Ground','physical',65,85,20,'May cause flinching.',_binary '\0'),(12,'Bonemerang','Ground','physical',50,90,10,'Hits twice in one turn.',_binary '\0'),(13,'Bubble','Water','special',40,100,30,'May lower opponent\'s Speed.',_binary '\0'),(14,'Bubble Beam','Water','special',65,100,20,'May lower opponent\'s Speed.',_binary '\0'),(15,'Clamp','Water','physical',35,85,15,'Traps opponent, damaging them for 4-5 turns.',_binary '\0'),(16,'Comet Punch','Normal','physical',18,85,15,'Hits 2-5 times in one turn.',_binary '\0'),(17,'Confusion','Psychic','special',50,100,25,'May confuse opponent.',_binary '\0'),(18,'Constrict','Normal','physical',10,100,35,'May lower opponent\'s Speed by one stage.',_binary '\0'),(19,'Crabhammer','Water','physical',100,90,10,'High critical hit ratio.',_binary '\0'),(20,'Cut','Normal','physical',50,95,30,'',_binary '\0'),(21,'Dig','Ground','physical',80,100,10,'Digs underground on first turn, attacks on second. Can also escape from caves.',_binary ''),(22,'Dizzy Punch','Normal','physical',70,100,10,'May confuse opponent.',_binary '\0'),(23,'Double Kick','Fighting','physical',30,100,30,'Hits twice in one turn.',_binary '\0'),(24,'Double Slap','Normal','physical',15,85,10,'Hits 2-5 times in one turn.',_binary '\0'),(25,'Double-Edge','Normal','physical',120,100,15,'User receives recoil damage.',_binary ''),(26,'Dream Eater','Psychic','special',100,100,15,'User recovers half the HP inflicted on a sleeping opponent.',_binary ''),(27,'Drill Peck','Flying','physical',80,100,20,'',_binary '\0'),(28,'Earthquake','Ground','physical',100,100,10,'Power is doubled if opponent is underground from using Dig.',_binary ''),(29,'Egg Bomb','Normal','physical',100,75,10,'',_binary ''),(30,'Ember','Fire','special',40,100,25,'May burn opponent.',_binary '\0'),(31,'Explosion','Normal','physical',250,100,5,'User faints.',_binary ''),(32,'Fire Blast','Fire','special',110,85,5,'May burn opponent.',_binary ''),(33,'Fire Punch','Fire','physical',75,100,15,'May burn opponent.',_binary '\0'),(34,'Fire Spin','Fire','special',35,85,15,'Traps opponent, damaging them for 4-5 turns.',_binary '\0'),(35,'Flamethrower','Fire','special',90,100,15,'May burn opponent.',_binary '\0'),(36,'Fly','Flying','physical',90,95,15,'Flies up on first turn, attacks on second turn.',_binary '\0'),(37,'Fury Attack','Normal','physical',15,85,20,'Hits 2-5 times in one turn.',_binary '\0'),(38,'Fury Swipes','Normal','physical',18,80,15,'Hits 2-5 times in one turn.',_binary '\0'),(39,'Gust','Flying','special',40,100,35,'Hits Pokemon using Fly/Bounce/Sky Drop with double power.',_binary '\0'),(40,'Headbutt','Normal','physical',70,100,15,'May cause flinching.',_binary '\0'),(41,'High Jump Kick','Fighting','physical',130,90,10,'If it misses, the user loses half their HP.',_binary '\0'),(42,'Horn Attack','Normal','physical',65,100,25,'',_binary '\0'),(43,'Hydro Pump','Water','special',110,80,5,'',_binary '\0'),(44,'Hyper Beam','Normal','special',150,90,5,'User must recharge next turn.',_binary ''),(45,'Hyper Fang','Normal','physical',80,90,15,'May cause flinching.',_binary '\0'),(46,'Ice Beam','Ice','special',90,100,10,'May freeze opponent.',_binary ''),(47,'Ice Punch','Ice','physical',75,100,15,'May freeze opponent.',_binary '\0'),(48,'Jump Kick','Fighting','physical',100,95,10,'If it misses, the user loses half their HP.',_binary '\0'),(49,'Karate Chop','Fighting','physical',50,100,25,'High critical hit ratio.',_binary '\0'),(50,'Leech Life','Bug','physical',80,100,10,'User recovers half the HP inflicted on opponent.',_binary '\0'),(51,'Lick','Ghost','physical',30,100,30,'May paralyze opponent.',_binary '\0'),(52,'Mega Drain','Grass','special',40,100,15,'User recovers half the HP inflicted on opponent.',_binary ''),(53,'Mega Kick','Normal','physical',120,75,5,'',_binary ''),(54,'Mega Punch','Normal','physical',80,85,20,'',_binary ''),(55,'Pay Day','Normal','physical',40,100,20,'Money is earned after the battle.',_binary ''),(56,'Peck','Flying','physical',35,100,35,'',_binary '\0'),(57,'Petal Dance','Grass','special',120,100,10,'User attacks for 2-3 turns but then becomes confused.',_binary '\0'),(58,'Pin Missile','Bug','physical',25,95,20,'Hits 2-5 times in one turn.',_binary '\0'),(59,'Poison Sting','Poison','physical',15,100,35,'May poison the opponent.',_binary '\0'),(60,'Pound','Normal','physical',40,100,35,'',_binary '\0'),(61,'Psybeam','Psychic','special',65,100,20,'May confuse opponent.',_binary '\0'),(62,'Psychic','Psychic','special',90,100,10,'May lower opponent\'s Special Defense.',_binary ''),(63,'Quick Attack','Normal','physical',40,100,30,'User attacks first.',_binary '\0'),(64,'Rage','Normal','physical',20,100,20,'Raises user\'s Attack when hit.',_binary ''),(65,'Razor Leaf','Grass','physical',55,95,25,'High critical hit ratio.',_binary '\0'),(66,'Razor Wind','Normal','special',80,100,10,'Charges on first turn, attacks on second. High critical hit ratio.',_binary ''),(67,'Rock Slide','Rock','physical',75,90,10,'May cause flinching.',_binary ''),(68,'Rock Throw','Rock','physical',50,90,15,'',_binary '\0'),(69,'Rolling Kick','Fighting','physical',60,85,15,'May cause flinching.',_binary '\0'),(70,'Scratch','Normal','physical',40,100,35,'',_binary '\0'),(71,'Self-Destruct','Normal','physical',200,100,5,'User faints.',_binary '\0'),(72,'Skull Bash','Normal','physical',130,100,10,'Raises Defense on first turn, attacks on second.',_binary ''),(73,'Sky Attack','Flying','physical',140,90,5,'Charges on first turn, attacks on second. May cause flinching. High critical hit ratio.',_binary ''),(74,'Slam','Normal','physical',80,75,20,'',_binary '\0'),(75,'Slash','Normal','physical',70,100,20,'High critical hit ratio.',_binary '\0'),(76,'Sludge','Poison','special',65,100,20,'May poison opponent.',_binary '\0'),(77,'Smog','Poison','special',30,70,20,'May poison opponent.',_binary '\0'),(78,'Solar Beam','Grass','special',120,100,10,'Charges on first turn, attacks on second.',_binary '\0'),(79,'Spike Cannon','Normal','physical',20,100,15,'Hits 2-5 times in one turn.',_binary '\0'),(80,'Stomp','Normal','physical',65,100,20,'May cause flinching.',_binary '\0'),(81,'Strength','Normal','physical',80,100,15,'',_binary '\0'),(82,'Submission','Fighting','physical',80,80,20,'User receives recoil damage.',_binary ''),(83,'Surf','Water','special',90,100,15,'Hits all adjacent Pokï¿½mon.',_binary '\0'),(84,'Tackle','Normal','physical',40,100,35,'',_binary '\0'),(85,'Take Down','Normal','physical',90,85,20,'User receives recoil damage.',_binary ''),(86,'Thrash','Normal','physical',120,100,10,'User attacks for 2-3 turns but then becomes confused.',_binary '\0'),(87,'Thunder','Electric','special',110,70,10,'May paralyze opponent.',_binary ''),(88,'Thunder Punch','Electric','physical',75,100,15,'May paralyze opponent.',_binary '\0'),(89,'Thunder Shock','Electric','special',40,100,30,'May paralyze opponent.',_binary '\0'),(90,'Thunderbolt','Electric','special',90,100,15,'May paralyze opponent.',_binary ''),(91,'Tri Attack','Normal','special',80,100,10,'May paralyze, burn or freeze opponent.',_binary ''),(92,'Twineedle','Bug','physical',25,100,20,'Hits twice in one turn. May poison opponent.',_binary '\0'),(93,'Vine Whip','Grass','physical',45,100,25,'',_binary '\0'),(94,'Vise Grip','Normal','physical',55,100,30,'',_binary '\0'),(95,'Water Gun','Water','special',40,100,25,'',_binary ''),(96,'Waterfall','Water','physical',80,100,15,'May cause flinching.',_binary '\0'),(97,'Wing Attack','Flying','physical',60,100,35,'',_binary '\0'),(98,'Wrap','Normal','physical',15,90,20,'Traps opponent, damaging them for 4-5 turns.',_binary '\0');
/*!40000 ALTER TABLE `attacks` ENABLE KEYS */;
UNLOCK TABLES;

--
-- Table structure for table `currentattacks`
--

DROP TABLE IF EXISTS `currentattacks`;
/*!40101 SET @saved_cs_client     = @@character_set_client */;
/*!50503 SET character_set_client = utf8mb4 */;
CREATE TABLE `currentattacks` (
  `instanceID` int NOT NULL,
  `aID` int NOT NULL,
  PRIMARY KEY (`instanceID`,`aID`),
  CONSTRAINT `currentattacks_ibfk_1` FOREIGN KEY (`instanceID`) REFERENCES `mypokemon` (`instanceID`)
) ENGINE=InnoDB DEFAULT CHARSET=utf8mb4 COLLATE=utf8mb4_0900_ai_ci;
/*!40101 SET character_set_client = @saved_cs_client */;

--
-- Dumping data for table `currentattacks`
--

LOCK TABLES `currentattacks` WRITE;
/*!40000 ALTER TABLE `currentattacks` DISABLE KEYS */;
INSERT INTO `currentattacks` VALUES (4,10),(4,26),(4,34),(4,43),(7,8),(7,40),(7,64);
/*!40000 ALTER TABLE `currentattacks` ENABLE KEYS */;
UNLOCK TABLES;
/*!50003 SET @saved_cs_client      = @@character_set_client */ ;
/*!50003 SET @saved_cs_results     = @@character_set_results */ ;
/*!50003 SET @saved_col_connection = @@collation_connection */ ;
/*!50003 SET character_set_client  = utf8mb4 */ ;
/*!50003 SET character_set_results = utf8mb4 */ ;
/*!50003 SET collation_connection  = utf8mb4_0900_ai_ci */ ;
/*!50003 SET @saved_sql_mode       = @@sql_mode */ ;
/*!50003 SET sql_mode              = 'ONLY_FULL_GROUP_BY,STRICT_TRANS_TABLES,NO_ZERO_IN_DATE,NO_ZERO_DATE,ERROR_FOR_DIVISION_BY_ZERO,NO_ENGINE_SUBSTITUTION' */ ;
DELIMITER ;;
/*!50003 CREATE*/ /*!50017 DEFINER=`root`@`localhost`*/ /*!50003 TRIGGER `limit_attacks` BEFORE INSERT ON `currentattacks` FOR EACH ROW BEGIN
	DECLARE atkCount INT;
    SELECT COUNT(DISTINCT(instanceID)) INTO atkCount
    FROM CurrentAttacks;
    
    IF atkCount >= 4 THEN 
		SIGNAL SQLSTATE '45000'
		SET MESSAGE_TEXT = 'Pokemon cannot learn more than 4 moves';
    END IF;
END */;;
DELIMITER ;
/*!50003 SET sql_mode              = @saved_sql_mode */ ;
/*!50003 SET character_set_client  = @saved_cs_client */ ;
/*!50003 SET character_set_results = @saved_cs_results */ ;
/*!50003 SET collation_connection  = @saved_col_connection */ ;

--
-- Table structure for table `evolutions`
--

DROP TABLE IF EXISTS `evolutions`;
/*!40101 SET @saved_cs_client     = @@character_set_client */;
/*!50503 SET character_set_client = utf8mb4 */;
CREATE TABLE `evolutions` (
  `evolvesFrom` int NOT NULL,
  `evolvesInto` int NOT NULL,
  PRIMARY KEY (`evolvesFrom`,`evolvesInto`)
) ENGINE=InnoDB DEFAULT CHARSET=utf8mb4 COLLATE=utf8mb4_0900_ai_ci;
/*!40101 SET character_set_client = @saved_cs_client */;

--
-- Dumping data for table `evolutions`
--

LOCK TABLES `evolutions` WRITE;
/*!40000 ALTER TABLE `evolutions` DISABLE KEYS */;
INSERT INTO `evolutions` VALUES (1,2),(2,3),(4,5),(5,6),(7,8),(8,9),(10,11),(11,12),(13,14),(14,15),(16,17),(17,18),(19,20),(21,22),(23,24),(25,26),(27,28),(29,30),(30,31),(32,33),(33,34),(35,36),(37,38),(39,40),(41,42),(42,169),(43,44),(44,45),(44,182),(46,47),(48,49),(50,51),(52,53),(54,55),(56,57),(58,59),(60,61),(61,62),(61,186),(63,64),(64,65),(66,67),(67,68),(69,70),(70,71),(72,73),(74,75),(75,76),(77,78),(79,80),(79,199),(81,82),(84,85),(86,87),(88,89),(90,91),(92,93),(93,94),(95,208),(96,97),(98,99),(100,101),(102,103),(104,105),(108,463),(109,110),(111,112),(112,464),(113,242),(114,465),(116,117),(117,230),(118,119),(120,121),(123,212),(125,466),(126,467),(129,130),(133,134),(133,135),(133,136),(133,196),(133,197),(133,470),(133,471),(133,700),(137,233),(138,139),(140,141),(147,148),(148,149),(152,153),(155,156),(156,157),(158,159),(159,160),(161,162),(163,164),(165,166),(167,168),(170,171),(172,25),(173,35),(174,39),(175,176),(176,468),(177,178),(179,180),(180,181),(183,184),(187,188),(188,189),(190,424),(191,192),(193,469),(194,195),(198,430),(200,429),(204,205),(207,472),(209,210),(215,461),(216,217),(218,219),(220,221),(221,473),(223,224),(228,229),(231,232),(233,474),(236,106),(236,107),(236,237),(238,124),(239,125),(240,126),(246,247),(247,248),(252,253),(253,254),(255,256),(256,257),(258,259),(259,260),(261,262),(263,264),(265,266),(265,268),(266,267),(268,269),(270,271),(271,272),(273,274),(274,275),(276,277),(278,279),(280,281),(281,282),(281,475),(283,284),(285,286),(287,288),(288,289),(290,291),(290,292),(293,294),(294,295),(296,297),(298,183),(299,476),(300,301),(304,305),(305,306),(307,308),(309,310),(315,407),(316,317),(318,319),(320,321),(322,323),(325,326),(328,329),(329,330),(331,332),(333,334),(339,340),(341,342),(343,344),(345,346),(347,348),(349,350),(353,354),(355,356),(356,477),(360,202),(361,362),(361,478),(363,364),(364,365),(366,367),(366,368),(371,372),(372,373),(374,375),(375,376),(387,388),(388,389),(390,391),(391,392),(393,394),(394,395),(396,397),(397,398),(399,400),(401,402),(403,404),(404,405),(406,315),(408,409),(410,411),(412,413),(412,414),(415,416),(418,419),(420,421),(422,423),(425,426),(427,428),(431,432),(433,358),(434,435),(436,437),(438,185),(439,122),(443,444),(444,445),(446,143),(447,448),(449,450),(451,452),(453,454),(456,457),(458,226),(459,460),(495,496),(496,497),(498,499),(499,500),(501,502),(502,503),(504,505),(506,507),(507,508),(509,510),(511,512),(513,514),(515,516),(517,518),(519,520),(520,521),(522,523),(524,525),(525,526),(527,528),(529,530),(532,533),(533,534),(535,536),(536,537),(540,541),(541,542),(543,544),(544,545),(546,547),(548,549),(551,552),(552,553),(554,555),(557,558),(559,560),(562,563),(564,565),(566,567),(568,569),(570,571),(572,573),(574,575),(575,576),(577,578),(578,579),(580,581),(582,583),(583,584),(585,586),(588,589),(590,591),(592,593),(595,596),(597,598),(599,600),(600,601),(602,603),(603,604),(605,606),(607,608),(608,609),(610,611),(611,612),(613,614),(616,617),(619,620),(622,623),(624,625),(627,628),(629,630),(633,634),(634,635),(636,637),(650,651),(651,652),(653,654),(654,655),(656,657),(657,658),(659,660),(661,662),(662,663),(664,665),(665,666),(667,668),(669,670),(670,671),(672,673),(674,675),(677,678),(679,680),(680,681),(682,683),(684,685),(686,687),(688,689),(690,691),(692,693),(694,695),(696,697),(698,699),(704,705),(705,706),(708,709),(710,711),(712,713),(714,715);
/*!40000 ALTER TABLE `evolutions` ENABLE KEYS */;
UNLOCK TABLES;

--
-- Table structure for table `group_members`
--

DROP TABLE IF EXISTS `group_members`;
/*!40101 SET @saved_cs_client     = @@character_set_client */;
/*!50503 SET character_set_client = utf8mb4 */;
CREATE TABLE `group_members` (
  `id` int NOT NULL AUTO_INCREMENT,
  `first_name` varchar(45) DEFAULT NULL,
  `last_name` varchar(45) DEFAULT NULL,
  `favourite_colour` varchar(45) DEFAULT NULL,
  UNIQUE KEY `id` (`id`)
) ENGINE=InnoDB AUTO_INCREMENT=5 DEFAULT CHARSET=utf8mb4 COLLATE=utf8mb4_0900_ai_ci;
/*!40101 SET character_set_client = @saved_cs_client */;

--
-- Dumping data for table `group_members`
--

LOCK TABLES `group_members` WRITE;
/*!40000 ALTER TABLE `group_members` DISABLE KEYS */;
INSERT INTO `group_members` VALUES (1,'Mya','Kay','pink'),(2,'Jasmine','Yip','red'),(3,'Lola','James','purple'),(4,'Mahdee','Khandokar','black');
/*!40000 ALTER TABLE `group_members` ENABLE KEYS */;
UNLOCK TABLES;

--
-- Table structure for table `learnableattacks`
--

DROP TABLE IF EXISTS `learnableattacks`;
/*!40101 SET @saved_cs_client     = @@character_set_client */;
/*!50503 SET character_set_client = utf8mb4 */;
CREATE TABLE `learnableattacks` (
  `pID` int NOT NULL,
  `aID` int NOT NULL,
  PRIMARY KEY (`pID`,`aID`)
) ENGINE=InnoDB DEFAULT CHARSET=utf8mb4 COLLATE=utf8mb4_0900_ai_ci;
/*!40101 SET character_set_client = @saved_cs_client */;

--
-- Dumping data for table `learnableattacks`
--

LOCK TABLES `learnableattacks` WRITE;
/*!40000 ALTER TABLE `learnableattacks` DISABLE KEYS */;
INSERT INTO `learnableattacks` VALUES (1,7),(1,10),(1,20),(1,40),(1,52),(1,57),(1,64),(1,65),(1,66),(1,72),(1,76),(1,78),(1,81),(1,84),(1,85),(1,93),(2,7),(2,10),(2,20),(2,40),(2,52),(2,57),(2,64),(2,65),(2,78),(2,81),(2,84),(2,85),(2,93),(3,7),(3,10),(3,20),(3,28),(3,40),(3,44),(3,52),(3,57),(3,64),(3,65),(3,78),(3,81),(3,84),(3,85),(3,93),(4,8),(4,10),(4,20),(4,21),(4,30),(4,32),(4,33),(4,34),(4,35),(4,38),(4,40),(4,53),(4,54),(4,64),(4,67),(4,70),(4,72),(4,75),(4,81),(4,82),(4,85),(4,88),(4,97),(5,8),(5,10),(5,20),(5,21),(5,30),(5,32),(5,33),(5,34),(5,35),(5,38),(5,40),(5,53),(5,54),(5,64),(5,67),(5,70),(5,72),(5,75),(5,81),(5,82),(5,85),(5,88),(6,8),(6,10),(6,20),(6,21),(6,28),(6,30),(6,32),(6,33),(6,34),(6,35),(6,36),(6,38),(6,40),(6,44),(6,53),(6,54),(6,64),(6,67),(6,70),(6,72),(6,75),(6,78),(6,81),(6,82),(6,85),(6,88),(6,97),(7,8),(7,9),(7,10),(7,13),(7,14),(7,17),(7,21),(7,40),(7,43),(7,46),(7,47),(7,53),(7,54),(7,64),(7,67),(7,72),(7,81),(7,82),(7,83),(7,84),(7,85),(7,95),(7,96),(8,8),(8,9),(8,10),(8,13),(8,14),(8,21),(8,40),(8,43),(8,46),(8,47),(8,53),(8,54),(8,64),(8,67),(8,72),(8,81),(8,82),(8,83),(8,84),(8,85),(8,95),(8,96),(9,8),(9,9),(9,10),(9,13),(9,14),(9,21),(9,28),(9,40),(9,43),(9,44),(9,46),(9,47),(9,53),(9,54),(9,64),(9,67),(9,72),(9,81),(9,82),(9,83),(9,84),(9,85),(9,95),(9,96),(10,84),(12,17),(12,26),(12,39),(12,40),(12,44),(12,52),(12,61),(12,62),(12,64),(12,66),(12,78),(12,84),(12,85),(13,59),(15,20),(15,37),(15,40),(15,44),(15,52),(15,56),(15,58),(15,59),(15,64),(15,72),(15,78),(15,85),(15,92),(16,36),(16,39),(16,40),(16,63),(16,64),(16,66),(16,73),(16,84),(16,85),(16,97),(17,36),(17,39),(17,40),(17,63),(17,64),(17,66),(17,73),(17,84),(17,85),(17,97),(18,36),(18,39),(18,40),(18,44),(18,63),(18,64),(18,66),(18,73),(18,84),(18,85),(18,97),(19,8),(19,9),(19,10),(19,14),(19,20),(19,21),(19,38),(19,40),(19,45),(19,46),(19,63),(19,64),(19,72),(19,84),(19,85),(19,87),(19,90),(19,95),(20,8),(20,9),(20,10),(20,14),(20,20),(20,21),(20,38),(20,40),(20,44),(20,45),(20,46),(20,63),(20,64),(20,72),(20,81),(20,84),(20,85),(20,87),(20,90),(20,95),(21,27),(21,36),(21,37),(21,40),(21,56),(21,63),(21,64),(21,66),(21,73),(21,85),(21,91),(21,97),(22,27),(22,36),(22,37),(22,40),(22,44),(22,56),(22,63),(22,64),(22,66),(22,73),(22,85),(22,91),(22,97),(23,4),(23,7),(23,8),(23,10),(23,21),(23,28),(23,40),(23,50),(23,52),(23,59),(23,64),(23,67),(23,72),(23,74),(23,81),(23,85),(23,98),(24,4),(24,7),(24,8),(24,10),(24,21),(24,28),(24,40),(24,44),(24,50),(24,52),(24,59),(24,64),(24,67),(24,72),(24,74),(24,81),(24,85),(24,98),(25,10),(25,21),(25,23),(25,40),(25,53),(25,54),(25,55),(25,63),(25,64),(25,72),(25,74),(25,81),(25,82),(25,83),(25,85),(25,87),(25,88),(25,89),(25,90),(26,10),(26,21),(26,40),(26,44),(26,53),(26,54),(26,55),(26,63),(26,64),(26,72),(26,74),(26,81),(26,82),(26,83),(26,85),(26,87),(26,88),(26,89),(26,90),(27,10),(27,20),(27,21),(27,28),(27,38),(27,40),(27,50),(27,59),(27,64),(27,67),(27,70),(27,72),(27,75),(27,81),(27,82),(27,85),(28,10),(28,20),(28,21),(28,28),(28,38),(28,40),(28,44),(28,50),(28,58),(28,59),(28,64),(28,67),(28,70),(28,72),(28,75),(28,81),(28,82),(28,85),(30,8),(30,9),(30,10),(30,14),(30,20),(30,21),(30,23),(30,38),(30,40),(30,46),(30,59),(30,64),(30,70),(30,72),(30,81),(30,84),(30,85),(30,87),(30,90),(30,95),(31,8),(31,9),(31,10),(31,14),(31,20),(31,21),(31,23),(31,28),(31,32),(31,33),(31,35),(31,38),(31,40),(31,44),(31,46),(31,47),(31,53),(31,54),(31,55),(31,59),(31,64),(31,67),(31,70),(31,72),(31,81),(31,82),(31,83),(31,84),(31,85),(31,87),(31,88),(31,90),(31,95),(33,9),(33,10),(33,14),(33,20),(33,21),(33,23),(33,37),(33,40),(33,42),(33,46),(33,56),(33,59),(33,64),(33,72),(33,81),(33,84),(33,85),(33,87),(33,90),(33,95),(34,9),(34,10),(34,14),(34,20),(34,21),(34,23),(34,28),(34,32),(34,33),(34,35),(34,37),(34,40),(34,42),(34,44),(34,46),(34,47),(34,53),(34,54),(34,55),(34,56),(34,59),(34,64),(34,67),(34,72),(34,81),(34,82),(34,83),(34,84),(34,85),(34,86),(34,87),(34,88),(34,90),(34,95),(35,9),(35,10),(35,14),(35,21),(35,24),(35,26),(35,32),(35,33),(35,35),(35,40),(35,46),(35,47),(35,53),(35,54),(35,60),(35,61),(35,62),(35,64),(35,72),(35,78),(35,81),(35,82),(35,84),(35,85),(35,87),(35,88),(35,90),(35,91),(35,95),(36,9),(36,10),(36,14),(36,21),(36,24),(36,26),(36,32),(36,33),(36,35),(36,40),(36,44),(36,46),(36,47),(36,53),(36,54),(36,60),(36,61),(36,62),(36,64),(36,72),(36,78),(36,81),(36,82),(36,84),(36,85),(36,87),(36,88),(36,90),(36,91),(36,95),(37,10),(37,21),(37,30),(37,32),(37,34),(37,35),(37,40),(37,63),(37,64),(37,72),(37,84),(37,85),(38,10),(38,21),(38,26),(38,30),(38,32),(38,34),(38,35),(38,40),(38,44),(38,63),(38,64),(38,72),(38,78),(38,84),(38,85),(39,9),(39,10),(39,14),(39,21),(39,24),(39,26),(39,32),(39,33),(39,35),(39,40),(39,46),(39,47),(39,53),(39,54),(39,60),(39,62),(39,64),(39,72),(39,78),(39,81),(39,82),(39,85),(39,87),(39,88),(39,90),(39,91),(39,95),(40,9),(40,10),(40,14),(40,21),(40,24),(40,26),(40,32),(40,33),(40,35),(40,40),(40,44),(40,46),(40,47),(40,53),(40,54),(40,60),(40,62),(40,64),(40,72),(40,78),(40,81),(40,82),(40,85),(40,87),(40,88),(40,90),(40,91),(40,95),(41,3),(41,8),(41,36),(41,39),(41,40),(41,50),(41,52),(41,63),(41,64),(41,66),(41,85),(41,97),(42,3),(42,8),(42,36),(42,39),(42,40),(42,44),(42,50),(42,52),(42,63),(42,64),(42,66),(42,85),(42,97),(43,3),(43,4),(43,20),(43,40),(43,52),(43,57),(43,64),(43,65),(43,78),(43,85),(44,3),(44,4),(44,20),(44,40),(44,52),(44,57),(44,64),(44,65),(44,78),(44,85),(45,3),(45,4),(45,10),(45,20),(45,40),(45,44),(45,52),(45,57),(45,64),(45,65),(45,78),(45,85),(46,3),(46,10),(46,20),(46,21),(46,38),(46,40),(46,50),(46,52),(46,61),(46,64),(46,70),(46,72),(46,75),(46,78),(46,85),(47,3),(47,10),(47,20),(47,21),(47,38),(47,40),(47,44),(47,50),(47,52),(47,64),(47,70),(47,72),(47,75),(47,78),(47,85),(48,17),(48,40),(48,50),(48,52),(48,61),(48,62),(48,64),(48,78),(48,84),(48,85),(49,17),(49,26),(49,39),(49,40),(49,44),(49,50),(49,52),(49,61),(49,62),(49,64),(49,66),(49,78),(49,84),(49,85),(50,10),(50,20),(50,21),(50,28),(50,38),(50,40),(50,64),(50,67),(50,70),(50,75),(50,85),(51,10),(51,20),(51,21),(51,28),(51,38),(51,40),(51,44),(51,64),(51,67),(51,70),(51,75),(51,85),(51,91),(52,8),(52,10),(52,14),(52,20),(52,21),(52,26),(52,38),(52,40),(52,55),(52,64),(52,70),(52,72),(52,75),(52,85),(52,87),(52,90),(52,95),(53,8),(53,10),(53,14),(53,20),(53,21),(53,26),(53,38),(53,40),(53,44),(53,55),(53,64),(53,70),(53,72),(53,75),(53,85),(53,87),(53,90),(53,95),(54,9),(54,10),(54,13),(54,14),(54,17),(54,21),(54,38),(54,40),(54,43),(54,46),(54,47),(54,53),(54,54),(54,55),(54,61),(54,62),(54,64),(54,70),(54,72),(54,81),(54,82),(54,83),(54,85),(54,95),(54,96),(55,9),(55,10),(55,13),(55,14),(55,17),(55,21),(55,38),(55,40),(55,43),(55,44),(55,46),(55,47),(55,53),(55,54),(55,55),(55,61),(55,62),(55,64),(55,70),(55,72),(55,81),(55,82),(55,83),(55,85),(55,95),(55,96),(56,10),(56,21),(56,28),(56,33),(56,38),(56,40),(56,47),(56,49),(56,53),(56,54),(56,55),(56,64),(56,67),(56,70),(56,72),(56,81),(56,82),(56,85),(56,86),(56,87),(56,88),(56,90),(57,10),(57,21),(57,28),(57,33),(57,38),(57,40),(57,44),(57,47),(57,49),(57,53),(57,54),(57,55),(57,64),(57,67),(57,70),(57,72),(57,81),(57,82),(57,85),(57,86),(57,87),(57,88),(57,90),(58,8),(58,10),(58,21),(58,23),(58,30),(58,32),(58,34),(58,35),(58,40),(58,64),(58,72),(58,81),(58,85),(58,86),(59,8),(59,10),(59,21),(59,30),(59,32),(59,34),(59,35),(59,40),(59,44),(59,64),(59,72),(59,78),(59,81),(59,85),(60,9),(60,10),(60,13),(60,14),(60,21),(60,24),(60,40),(60,43),(60,46),(60,60),(60,62),(60,64),(60,72),(60,83),(60,85),(60,95),(60,96),(61,9),(61,10),(61,13),(61,14),(61,21),(61,24),(61,28),(61,40),(61,43),(61,46),(61,47),(61,53),(61,54),(61,60),(61,62),(61,64),(61,72),(61,81),(61,82),(61,83),(61,85),(61,95),(61,96),(62,9),(62,10),(62,13),(62,14),(62,21),(62,24),(62,28),(62,40),(62,43),(62,44),(62,46),(62,47),(62,53),(62,54),(62,60),(62,62),(62,64),(62,67),(62,72),(62,81),(62,82),(62,83),(62,85),(62,95),(62,96),(63,10),(63,17),(63,26),(63,33),(63,40),(63,47),(63,53),(63,54),(63,62),(63,64),(63,72),(63,82),(63,85),(63,88),(63,91),(64,10),(64,17),(64,21),(64,26),(64,33),(64,40),(64,47),(64,53),(64,54),(64,61),(64,62),(64,64),(64,72),(64,82),(64,85),(64,88),(64,91),(65,10),(65,17),(65,21),(65,26),(65,33),(65,40),(65,44),(65,47),(65,53),(65,54),(65,61),(65,62),(65,64),(65,72),(65,82),(65,85),(65,88),(65,91),(66,10),(66,21),(66,28),(66,32),(66,33),(66,35),(66,40),(66,47),(66,49),(66,53),(66,54),(66,64),(66,67),(66,69),(66,72),(66,81),(66,82),(66,84),(66,85),(66,88),(67,10),(67,21),(67,28),(67,32),(67,33),(67,35),(67,40),(67,47),(67,49),(67,53),(67,54),(67,64),(67,67),(67,72),(67,81),(67,82),(67,84),(67,85),(67,88),(68,10),(68,21),(68,28),(68,32),(68,33),(68,35),(68,40),(68,44),(68,47),(68,49),(68,53),(68,54),(68,64),(68,67),(68,72),(68,81),(68,82),(68,84),(68,85),(68,88),(69,4),(69,7),(69,20),(69,40),(69,50),(69,52),(69,64),(69,65),(69,74),(69,78),(69,85),(69,93),(69,98),(70,4),(70,7),(70,10),(70,20),(70,40),(70,50),(70,52),(70,64),(70,65),(70,74),(70,78),(70,85),(70,93),(70,98),(71,4),(71,7),(71,10),(71,20),(71,40),(71,44),(71,50),(71,52),(71,64),(71,65),(71,74),(71,78),(71,85),(71,93),(71,98),(72,4),(72,5),(72,7),(72,9),(72,13),(72,14),(72,18),(72,20),(72,40),(72,43),(72,46),(72,52),(72,59),(72,64),(72,72),(72,83),(72,85),(72,95),(72,96),(72,98),(73,4),(73,5),(73,7),(73,9),(73,13),(73,14),(73,18),(73,20),(73,40),(73,43),(73,44),(73,46),(73,52),(73,59),(73,64),(73,72),(73,83),(73,85),(73,95),(73,96),(73,98),(74,10),(74,21),(74,28),(74,31),(74,32),(74,33),(74,35),(74,40),(74,54),(74,64),(74,67),(74,68),(74,81),(74,82),(74,84),(74,85),(74,88),(75,10),(75,21),(75,28),(75,31),(75,32),(75,33),(75,35),(75,40),(75,54),(75,64),(75,67),(75,68),(75,81),(75,82),(75,84),(75,85),(75,88),(76,10),(76,21),(76,28),(76,31),(76,32),(76,33),(76,35),(76,40),(76,44),(76,53),(76,54),(76,64),(76,67),(76,68),(76,81),(76,82),(76,84),(76,85),(76,88),(77,10),(77,23),(77,30),(77,32),(77,34),(77,35),(77,40),(77,63),(77,64),(77,72),(77,78),(77,80),(77,81),(77,84),(77,85),(77,86),(78,10),(78,23),(78,30),(78,32),(78,34),(78,35),(78,37),(78,40),(78,44),(78,55),(78,63),(78,64),(78,72),(78,78),(78,80),(78,81),(78,84),(78,85),(79,9),(79,10),(79,14),(79,17),(79,21),(79,26),(79,28),(79,32),(79,35),(79,40),(79,43),(79,46),(79,55),(79,61),(79,62),(79,64),(79,72),(79,80),(79,81),(79,83),(79,84),(79,85),(79,91),(79,95),(79,96),(80,9),(80,10),(80,14),(80,17),(80,21),(80,26),(80,28),(80,32),(80,35),(80,40),(80,43),(80,44),(80,46),(80,47),(80,53),(80,54),(80,55),(80,61),(80,62),(80,64),(80,72),(80,80),(80,81),(80,82),(80,83),(80,84),(80,85),(80,91),(80,95),(80,96),(81,31),(81,40),(81,64),(81,84),(81,85),(81,87),(81,89),(81,90),(82,31),(82,40),(82,44),(82,64),(82,84),(82,85),(82,87),(82,89),(82,90),(82,91),(84,10),(84,27),(84,36),(84,37),(84,40),(84,48),(84,56),(84,63),(84,64),(84,72),(84,73),(84,85),(84,86),(84,91),(84,97),(85,10),(85,27),(85,36),(85,37),(85,40),(85,44),(85,48),(85,56),(85,63),(85,64),(85,72),(85,73),(85,85),(85,86),(85,91),(85,97),(86,5),(86,9),(86,10),(86,14),(86,40),(86,43),(86,46),(86,51),(86,55),(86,56),(86,64),(86,72),(86,74),(86,81),(86,83),(86,85),(86,95),(86,96),(87,5),(87,9),(87,10),(87,14),(87,40),(87,43),(87,44),(87,46),(87,51),(87,55),(87,64),(87,72),(87,81),(87,83),(87,85),(87,95),(87,96),(88,10),(88,21),(88,31),(88,32),(88,33),(88,35),(88,40),(88,47),(88,51),(88,52),(88,60),(88,64),(88,67),(88,76),(88,77),(88,81),(88,85),(88,87),(88,88),(88,90),(89,10),(89,21),(89,31),(89,32),(89,33),(89,35),(89,40),(89,44),(89,47),(89,52),(89,60),(89,64),(89,67),(89,76),(89,77),(89,81),(89,85),(89,87),(89,88),(89,90),(90,5),(90,9),(90,14),(90,15),(90,31),(90,40),(90,43),(90,46),(90,64),(90,83),(90,84),(90,85),(90,91),(90,92),(90,95),(90,96),(91,5),(91,9),(91,10),(91,14),(91,15),(91,31),(91,40),(91,43),(91,44),(91,46),(91,58),(91,64),(91,79),(91,83),(91,84),(91,85),(91,91),(91,92),(91,95),(91,96),(92,26),(92,31),(92,33),(92,40),(92,47),(92,51),(92,52),(92,62),(92,64),(92,77),(92,87),(92,88),(92,90),(93,26),(93,31),(93,33),(93,40),(93,47),(93,51),(93,52),(93,62),(93,64),(93,77),(93,87),(93,88),(93,90),(94,10),(94,26),(94,31),(94,33),(94,40),(94,44),(94,47),(94,51),(94,52),(94,53),(94,54),(94,62),(94,64),(94,72),(94,77),(94,81),(94,82),(94,85),(94,87),(94,88),(94,90),(95,7),(95,10),(95,21),(95,28),(95,31),(95,40),(95,64),(95,67),(95,68),(95,72),(95,74),(95,81),(95,84),(95,85),(96,10),(96,17),(96,26),(96,33),(96,40),(96,47),(96,53),(96,54),(96,60),(96,61),(96,62),(96,64),(96,72),(96,82),(96,85),(96,88),(96,91),(97,10),(97,17),(97,26),(97,33),(97,40),(97,44),(97,47),(97,53),(97,54),(97,60),(97,61),(97,62),(97,64),(97,72),(97,82),(97,85),(97,88),(97,91),(98,9),(98,10),(98,13),(98,14),(98,19),(98,20),(98,21),(98,40),(98,46),(98,64),(98,67),(98,74),(98,75),(98,80),(98,81),(98,83),(98,85),(98,95),(99,9),(99,10),(99,13),(99,14),(99,19),(99,20),(99,21),(99,40),(99,43),(99,44),(99,46),(99,64),(99,67),(99,74),(99,80),(99,81),(99,83),(99,85),(99,95),(100,31),(100,40),(100,64),(100,84),(100,85),(100,87),(100,89),(100,90),(101,31),(101,40),(101,44),(101,64),(101,72),(101,84),(101,85),(101,87),(101,89),(101,90),(102,3),(102,6),(102,17),(102,26),(102,29),(102,31),(102,40),(102,52),(102,61),(102,62),(102,64),(102,78),(102,81),(102,85),(103,3),(103,6),(103,10),(103,17),(103,26),(103,28),(103,29),(103,31),(103,40),(103,44),(103,52),(103,61),(103,62),(103,64),(103,78),(103,80),(103,81),(103,85),(104,9),(104,10),(104,11),(104,12),(104,14),(104,21),(104,23),(104,28),(104,32),(104,33),(104,35),(104,40),(104,46),(104,53),(104,54),(104,64),(104,67),(104,72),(104,81),(104,82),(104,85),(104,86),(104,88),(104,95),(105,9),(105,10),(105,11),(105,12),(105,14),(105,21),(105,28),(105,32),(105,33),(105,35),(105,40),(105,44),(105,46),(105,53),(105,54),(105,64),(105,67),(105,72),(105,81),(105,82),(105,85),(105,86),(105,88),(105,95),(106,10),(106,23),(106,28),(106,40),(106,41),(106,48),(106,53),(106,54),(106,64),(106,67),(106,69),(106,72),(106,81),(106,82),(106,84),(106,85),(107,10),(107,16),(107,22),(107,28),(107,33),(107,40),(107,41),(107,47),(107,53),(107,54),(107,64),(107,67),(107,72),(107,81),(107,82),(107,84),(107,85),(107,88),(108,4),(108,7),(108,9),(108,10),(108,14),(108,20),(108,21),(108,26),(108,28),(108,32),(108,33),(108,35),(108,40),(108,43),(108,44),(108,46),(108,47),(108,51),(108,53),(108,54),(108,64),(108,67),(108,72),(108,74),(108,78),(108,80),(108,81),(108,82),(108,83),(108,84),(108,85),(108,86),(108,87),(108,88),(108,90),(108,95),(108,98),(109,10),(109,31),(109,32),(109,35),(109,40),(109,61),(109,64),(109,76),(109,77),(109,84),(109,85),(109,87),(109,90),(110,10),(110,31),(110,32),(110,35),(110,40),(110,44),(110,61),(110,64),(110,76),(110,77),(110,84),(110,85),(110,87),(110,90),(111,9),(111,10),(111,21),(111,28),(111,32),(111,35),(111,37),(111,40),(111,42),(111,46),(111,64),(111,67),(111,68),(111,72),(111,80),(111,81),(111,84),(111,85),(111,86),(111,87),(111,90),(112,9),(112,10),(112,14),(112,20),(112,21),(112,28),(112,32),(112,33),(112,35),(112,37),(112,40),(112,42),(112,43),(112,44),(112,46),(112,47),(112,53),(112,54),(112,55),(112,64),(112,67),(112,68),(112,72),(112,80),(112,81),(112,82),(112,83),(112,84),(112,85),(112,87),(112,88),(112,90),(112,95),(113,9),(113,10),(113,14),(113,24),(113,26),(113,28),(113,29),(113,32),(113,33),(113,35),(113,40),(113,44),(113,46),(113,47),(113,53),(113,54),(113,60),(113,62),(113,64),(113,67),(113,72),(113,78),(113,81),(113,82),(113,84),(113,85),(113,87),(113,88),(113,90),(113,91),(113,95),(114,3),(114,7),(114,10),(114,17),(114,18),(114,20),(114,40),(114,44),(114,52),(114,64),(114,72),(114,74),(114,78),(114,85),(114,93),(115,8),(115,9),(115,10),(115,14),(115,16),(115,20),(115,21),(115,22),(115,28),(115,32),(115,33),(115,35),(115,40),(115,43),(115,44),(115,46),(115,47),(115,53),(115,54),(115,60),(115,64),(115,67),(115,72),(115,78),(115,80),(115,81),(115,82),(115,83),(115,85),(115,87),(115,88),(115,90),(115,95),(116,5),(116,9),(116,13),(116,14),(116,40),(116,43),(116,46),(116,64),(116,66),(116,72),(116,83),(116,85),(116,95),(116,96),(117,5),(117,9),(117,13),(117,14),(117,40),(117,43),(117,44),(117,46),(117,64),(117,72),(117,83),(117,85),(117,95),(117,96),(118,9),(118,10),(118,14),(118,37),(118,40),(118,42),(118,43),(118,46),(118,56),(118,61),(118,63),(118,64),(118,72),(118,83),(118,85),(118,95),(118,96),(119,9),(119,10),(119,14),(119,37),(119,40),(119,42),(119,43),(119,44),(119,46),(119,56),(119,61),(119,63),(119,64),(119,72),(119,83),(119,85),(119,95),(119,96),(120,5),(120,9),(120,14),(120,40),(120,43),(120,46),(120,61),(120,62),(120,64),(120,72),(120,83),(120,84),(120,85),(120,87),(120,90),(120,91),(120,95),(120,96),(121,9),(121,14),(121,26),(121,40),(121,43),(121,44),(121,46),(121,61),(121,62),(121,64),(121,72),(121,83),(121,84),(121,85),(121,87),(121,90),(121,91),(121,95),(121,96),(123,20),(123,40),(123,44),(123,63),(123,64),(123,66),(123,72),(123,75),(123,85),(123,97),(124,9),(124,10),(124,14),(124,17),(124,24),(124,26),(124,40),(124,44),(124,46),(124,47),(124,51),(124,53),(124,54),(124,60),(124,62),(124,64),(124,72),(124,82),(124,85),(124,86),(124,95),(125,10),(125,33),(125,40),(125,44),(125,47),(125,53),(125,54),(125,62),(125,63),(125,64),(125,72),(125,81),(125,82),(125,85),(125,87),(125,88),(125,89),(125,90),(126,10),(126,30),(126,32),(126,33),(126,34),(126,35),(126,40),(126,44),(126,53),(126,54),(126,62),(126,64),(126,72),(126,77),(126,81),(126,82),(126,84),(126,85),(126,88),(127,7),(127,10),(127,20),(127,21),(127,28),(127,37),(127,40),(127,44),(127,63),(127,64),(127,67),(127,75),(127,81),(127,82),(127,85),(127,86),(128,9),(128,10),(128,21),(128,28),(128,32),(128,35),(128,40),(128,42),(128,44),(128,46),(128,64),(128,67),(128,72),(128,78),(128,80),(128,81),(128,83),(128,84),(128,85),(128,86),(128,87),(128,90),(129,43),(129,84),(130,7),(130,8),(130,9),(130,10),(130,14),(130,28),(130,32),(130,35),(130,40),(130,43),(130,44),(130,46),(130,64),(130,72),(130,81),(130,83),(130,84),(130,85),(130,86),(130,87),(130,90),(130,95),(130,96),(131,5),(131,9),(131,10),(131,14),(131,26),(131,28),(131,40),(131,43),(131,44),(131,46),(131,62),(131,64),(131,72),(131,78),(131,81),(131,83),(131,85),(131,87),(131,90),(131,95),(131,96),(133,8),(133,10),(133,21),(133,23),(133,40),(133,55),(133,63),(133,64),(133,72),(133,84),(133,85),(134,5),(134,8),(134,9),(134,10),(134,13),(134,14),(134,21),(134,23),(134,40),(134,43),(134,44),(134,46),(134,55),(134,63),(134,64),(134,72),(134,81),(134,83),(134,84),(134,85),(134,95),(134,96),(135,8),(135,10),(135,21),(135,23),(135,40),(135,44),(135,55),(135,58),(135,63),(135,64),(135,72),(135,81),(135,84),(135,85),(135,87),(135,89),(135,90),(136,8),(136,10),(136,21),(136,23),(136,30),(136,32),(136,34),(136,35),(136,40),(136,44),(136,55),(136,63),(136,64),(136,72),(136,77),(136,81),(136,84),(136,85),(137,9),(137,26),(137,40),(137,44),(137,46),(137,61),(137,62),(137,64),(137,72),(137,78),(137,84),(137,85),(137,87),(137,89),(137,90),(137,91),(138,5),(138,7),(138,8),(138,9),(138,10),(138,14),(138,18),(138,40),(138,42),(138,43),(138,46),(138,64),(138,67),(138,68),(138,74),(138,79),(138,83),(138,85),(138,95),(138,96),(139,7),(139,8),(139,9),(139,10),(139,14),(139,18),(139,40),(139,42),(139,43),(139,44),(139,46),(139,58),(139,64),(139,67),(139,68),(139,72),(139,79),(139,82),(139,83),(139,85),(139,95),(139,96),(140,3),(140,5),(140,9),(140,10),(140,14),(140,21),(140,40),(140,43),(140,46),(140,50),(140,52),(140,64),(140,67),(140,68),(140,70),(140,75),(140,83),(140,85),(140,95),(140,96),(141,3),(141,9),(141,10),(141,14),(141,20),(141,21),(141,40),(141,43),(141,44),(141,46),(141,50),(141,52),(141,53),(141,64),(141,66),(141,67),(141,68),(141,70),(141,72),(141,75),(141,82),(141,83),(141,85),(141,95),(141,96),(142,8),(142,28),(142,32),(142,35),(142,36),(142,40),(142,44),(142,64),(142,66),(142,67),(142,68),(142,73),(142,81),(142,85),(142,97),(143,8),(143,9),(143,10),(143,14),(143,21),(143,28),(143,32),(143,33),(143,35),(143,40),(143,43),(143,44),(143,46),(143,47),(143,51),(143,53),(143,54),(143,55),(143,62),(143,64),(143,67),(143,72),(143,78),(143,81),(143,82),(143,83),(143,84),(143,85),(143,87),(143,88),(143,90),(143,95),(144,9),(144,14),(144,36),(144,39),(144,40),(144,44),(144,46),(144,56),(144,64),(144,66),(144,73),(144,85),(144,95),(145,27),(145,36),(145,40),(145,44),(145,56),(145,64),(145,66),(145,73),(145,85),(145,87),(145,89),(145,90),(146,30),(146,32),(146,34),(146,35),(146,36),(146,39),(146,40),(146,44),(146,56),(146,64),(146,66),(146,73),(146,78),(146,85),(146,97),(147,7),(147,9),(147,10),(147,14),(147,32),(147,34),(147,35),(147,40),(147,43),(147,44),(147,46),(147,64),(147,72),(147,74),(147,83),(147,85),(147,87),(147,90),(147,95),(147,96),(147,98),(148,7),(148,9),(148,10),(148,14),(148,32),(148,34),(148,35),(148,40),(148,43),(148,44),(148,46),(148,64),(148,72),(148,74),(148,83),(148,85),(148,87),(148,90),(148,95),(148,96),(148,98),(149,7),(149,9),(149,10),(149,14),(149,20),(149,28),(149,32),(149,33),(149,34),(149,35),(149,36),(149,40),(149,43),(149,44),(149,46),(149,47),(149,53),(149,54),(149,64),(149,66),(149,67),(149,72),(149,74),(149,81),(149,83),(149,85),(149,87),(149,88),(149,90),(149,95),(149,96),(149,97),(149,98),(150,9),(150,10),(150,14),(150,17),(150,26),(150,28),(150,32),(150,33),(150,35),(150,40),(150,44),(150,46),(150,47),(150,53),(150,54),(150,55),(150,61),(150,62),(150,64),(150,67),(150,72),(150,78),(150,81),(150,82),(150,85),(150,87),(150,88),(150,90),(150,91),(150,95),(151,7),(151,9),(151,10),(151,14),(151,17),(151,20),(151,21),(151,26),(151,28),(151,29),(151,31),(151,32),(151,33),(151,34),(151,35),(151,36),(151,40),(151,43),(151,44),(151,46),(151,47),(151,50),(151,52),(151,53),(151,54),(151,55),(151,58),(151,60),(151,61),(151,62),(151,64),(151,66),(151,67),(151,72),(151,73),(151,78),(151,81),(151,82),(151,83),(151,85),(151,87),(151,88),(151,90),(151,91),(151,95),(151,96);
/*!40000 ALTER TABLE `learnableattacks` ENABLE KEYS */;
UNLOCK TABLES;

--
-- Table structure for table `listing`
--

DROP TABLE IF EXISTS `listing`;
/*!40101 SET @saved_cs_client     = @@character_set_client */;
/*!50503 SET character_set_client = utf8mb4 */;
CREATE TABLE `listing` (
  `listingID` int NOT NULL AUTO_INCREMENT,
  `instanceID` int NOT NULL,
  `sellerID` int NOT NULL,
  `description` varchar(100) DEFAULT NULL,
  `postedTime` datetime DEFAULT '2000-01-01 00:00:00',
  PRIMARY KEY (`listingID`)
) ENGINE=InnoDB AUTO_INCREMENT=5 DEFAULT CHARSET=utf8mb4 COLLATE=utf8mb4_0900_ai_ci;
/*!40101 SET character_set_client = @saved_cs_client */;

--
-- Dumping data for table `listing`
--

LOCK TABLES `listing` WRITE;
/*!40000 ALTER TABLE `listing` DISABLE KEYS */;
INSERT INTO `listing` VALUES (3,5,1,'Got an extra, I\'ll take anything.','2025-07-21 22:46:41'),(4,2,101,'Need more high level dark type pokemon','2025-07-21 22:46:41');
/*!40000 ALTER TABLE `listing` ENABLE KEYS */;
UNLOCK TABLES;

--
-- Table structure for table `mypokemon`
--

DROP TABLE IF EXISTS `mypokemon`;
/*!40101 SET @saved_cs_client     = @@character_set_client */;
/*!50503 SET character_set_client = utf8mb4 */;
CREATE TABLE `mypokemon` (
  `pID` int NOT NULL,
  `uID` int NOT NULL,
  `instanceID` int NOT NULL AUTO_INCREMENT,
  `nickname` varchar(30) DEFAULT NULL,
  `level` int DEFAULT NULL,
  `favourite` bit(1) DEFAULT b'0',
  `onteam` bit(1) DEFAULT b'0',
  `showcase` bit(1) DEFAULT b'0',
  `dateAdded` datetime DEFAULT '2000-01-01 00:00:00',
  PRIMARY KEY (`instanceID`),
  CONSTRAINT `mypokemon_chk_1` CHECK ((`level` > 0))
) ENGINE=InnoDB AUTO_INCREMENT=10 DEFAULT CHARSET=utf8mb4 COLLATE=utf8mb4_0900_ai_ci;
/*!40101 SET character_set_client = @saved_cs_client */;

--
-- Dumping data for table `mypokemon`
--

LOCK TABLES `mypokemon` WRITE;
/*!40000 ALTER TABLE `mypokemon` DISABLE KEYS */;
INSERT INTO `mypokemon` VALUES (151,101,1,'Kitty',67,_binary '\0',_binary '',_binary '','2025-07-15 16:46:33'),(59,101,2,'Jaws',15,_binary '\0',_binary '',_binary '\0','2025-07-15 16:46:54'),(381,101,3,'Gent',40,_binary '\0',_binary '',_binary '','2025-07-15 16:47:09'),(151,1,4,'Kitty',67,_binary '',_binary '\0',_binary '','2025-07-15 16:49:03'),(381,1,5,'Gent',50,_binary '\0',_binary '\0',_binary '\0','2025-07-15 16:49:24'),(381,1,6,'Gent',50,_binary '\0',_binary '\0',_binary '','2025-07-15 16:49:24'),(59,1,7,'Jaws',34,_binary '\0',_binary '\0',_binary '\0','2025-07-15 16:49:38'),(571,1,8,'Lad',37,_binary '',_binary '',_binary '\0','2025-07-15 19:21:53'),(571,3,9,'Lad',47,_binary '\0',_binary '\0',_binary '\0','2025-07-21 21:42:29');
/*!40000 ALTER TABLE `mypokemon` ENABLE KEYS */;
UNLOCK TABLES;
/*!50003 SET @saved_cs_client      = @@character_set_client */ ;
/*!50003 SET @saved_cs_results     = @@character_set_results */ ;
/*!50003 SET @saved_col_connection = @@collation_connection */ ;
/*!50003 SET character_set_client  = utf8mb4 */ ;
/*!50003 SET character_set_results = utf8mb4 */ ;
/*!50003 SET collation_connection  = utf8mb4_0900_ai_ci */ ;
/*!50003 SET @saved_sql_mode       = @@sql_mode */ ;
/*!50003 SET sql_mode              = 'ONLY_FULL_GROUP_BY,STRICT_TRANS_TABLES,NO_ZERO_IN_DATE,NO_ZERO_DATE,ERROR_FOR_DIVISION_BY_ZERO,NO_ENGINE_SUBSTITUTION' */ ;
DELIMITER ;;
/*!50003 CREATE*/ /*!50017 DEFINER=`root`@`localhost`*/ /*!50003 TRIGGER `max_6_showcase` BEFORE UPDATE ON `mypokemon` FOR EACH ROW BEGIN
	DECLARE numShowcased INT;
	IF OLD.showcase = 0 AND NEW.showcase = 1 THEN
		SELECT COUNT(instanceID) INTO numShowcased 
			FROM MyPokemon 
			WHERE uid = OLD.uid AND showcase = 1;

		IF numShowcased >= 6 THEN
			SIGNAL SQLSTATE '45000'
			SET MESSAGE_TEXT = 'A user cannot showcase more than 6 pokemon at a time';
		END IF;
	END IF;
END */;;
DELIMITER ;
/*!50003 SET sql_mode              = @saved_sql_mode */ ;
/*!50003 SET character_set_client  = @saved_cs_client */ ;
/*!50003 SET character_set_results = @saved_cs_results */ ;
/*!50003 SET collation_connection  = @saved_col_connection */ ;
/*!50003 SET @saved_cs_client      = @@character_set_client */ ;
/*!50003 SET @saved_cs_results     = @@character_set_results */ ;
/*!50003 SET @saved_col_connection = @@collation_connection */ ;
/*!50003 SET character_set_client  = utf8mb4 */ ;
/*!50003 SET character_set_results = utf8mb4 */ ;
/*!50003 SET collation_connection  = utf8mb4_0900_ai_ci */ ;
/*!50003 SET @saved_sql_mode       = @@sql_mode */ ;
/*!50003 SET sql_mode              = 'ONLY_FULL_GROUP_BY,STRICT_TRANS_TABLES,NO_ZERO_IN_DATE,NO_ZERO_DATE,ERROR_FOR_DIVISION_BY_ZERO,NO_ENGINE_SUBSTITUTION' */ ;
DELIMITER ;;
/*!50003 CREATE*/ /*!50017 DEFINER=`root`@`localhost`*/ /*!50003 TRIGGER `max_6_onTeam` BEFORE UPDATE ON `mypokemon` FOR EACH ROW BEGIN
	DECLARE numTeam INT;
    IF OLD.onTeam = 0 AND NEW.onTeam = 1 THEN
		SELECT COUNT(instanceID) INTO numTeam 
			FROM MyPokemon 
			WHERE uid = OLD.uid AND onTeam = 1;
			
		IF numTeam >= 6 AND NEW.onTeam = 1 THEN
			SIGNAL SQLSTATE '45000'
			SET MESSAGE_TEXT = 'The maximum team size is 6.';
		END IF;
	END IF;
END */;;
DELIMITER ;
/*!50003 SET sql_mode              = @saved_sql_mode */ ;
/*!50003 SET character_set_client  = @saved_cs_client */ ;
/*!50003 SET character_set_results = @saved_cs_results */ ;
/*!50003 SET collation_connection  = @saved_col_connection */ ;

--
-- Table structure for table `pokedex`
--

DROP TABLE IF EXISTS `pokedex`;
/*!40101 SET @saved_cs_client     = @@character_set_client */;
/*!50503 SET character_set_client = utf8mb4 */;
CREATE TABLE `pokedex` (
  `pID` int NOT NULL AUTO_INCREMENT,
  `name` varchar(40) NOT NULL,
  `type1` varchar(10) NOT NULL,
  `type2` varchar(10) DEFAULT NULL,
  `hp` int NOT NULL,
  `atk` int NOT NULL,
  `def` int NOT NULL,
  `spAtk` int NOT NULL,
  `spDef` int NOT NULL,
  `speed` int NOT NULL,
  `legendary` bit(1) NOT NULL,
  `description` varchar(300) DEFAULT NULL,
  PRIMARY KEY (`pID`),
  CONSTRAINT `pokedex_chk_1` CHECK (((`hp` >= 0) and (`atk` >= 0) and (`def` >= 0) and (`spAtk` >= 0) and (`spDef` >= 0) and (`speed` >= 0)))
) ENGINE=InnoDB AUTO_INCREMENT=722 DEFAULT CHARSET=utf8mb4 COLLATE=utf8mb4_0900_ai_ci;
/*!40101 SET character_set_client = @saved_cs_client */;

--
-- Dumping data for table `pokedex`
--

LOCK TABLES `pokedex` WRITE;
/*!40000 ALTER TABLE `pokedex` DISABLE KEYS */;
INSERT INTO `pokedex` VALUES (1,'Bulbasaur','Grass','Poison',45,49,49,65,65,45,_binary '\0','A strange seed was planted on its back at birth. The plant sprouts and grows with this POKéMON.'),(2,'Ivysaur','Grass','Poison',60,62,63,80,80,60,_binary '\0','When the bulb on its back grows large, it appears to lose the ability to stand on its hind legs.'),(3,'Venusaur','Grass','Poison',80,82,83,100,100,80,_binary '\0','The plant blooms when it is absorbing solar energy. It stays on the move to seek sunlight.'),(4,'Charmander','Fire','',39,52,43,60,50,65,_binary '\0','Obviously prefers hot places. When it rains, steam is said to spout from the tip of its tail.'),(5,'Charmeleon','Fire','',58,64,58,80,65,80,_binary '\0','When it swings its burning tail, it elevates the temperature to unbearably high levels.'),(6,'Charizard','Fire','Flying',78,84,78,109,85,100,_binary '\0','Spits fire that is hot enough to melt boulders. Known to cause forest fires unintentionally.'),(7,'Squirtle','Water','',44,48,65,50,64,43,_binary '\0','After birth, its back swells and hardens into a shell. Powerfully sprays foam from its mouth.'),(8,'Wartortle','Water','',59,63,80,65,80,58,_binary '\0','Often hides in water to stalk unwary prey. For swimming fast, it moves its ears to maintain balance.'),(9,'Blastoise','Water','',79,83,100,85,105,78,_binary '\0','A brutal POKéMON with pressurized water jets on its shell. They are used for high speed tackles.'),(10,'Caterpie','Bug','',45,30,35,20,20,45,_binary '\0','Its short feet are tipped with suction pads that enable it to tirelessly climb slopes and walls.'),(11,'Metapod','Bug','',50,20,55,25,25,30,_binary '\0','This POKéMON is vulnerable to attack while its shell is soft, exposing its weak and tender body.'),(12,'Butterfree','Bug','Flying',60,45,50,90,80,70,_binary '\0','In battle, it flaps its wings at high speed to release highly toxic dust into the air.'),(13,'Weedle','Bug','Poison',40,35,30,20,20,50,_binary '\0','Often found in forests, eating leaves. It has a sharp venomous stinger on its head.'),(14,'Kakuna','Bug','Poison',45,25,50,25,25,35,_binary '\0','Almost incapable of moving, this POKéMON can only harden its shell to protect itself from predators.'),(15,'Beedrill','Bug','Poison',65,90,40,45,80,75,_binary '\0','It has three poisonous stingers on its forelegs and its tail. They are used to jab its enemy repeatedly.'),(16,'Pidgey','Normal','Flying',40,45,40,35,35,56,_binary '\0','A common sight in forests and woods. It flaps its wings at ground level to kick up blinding sand.'),(17,'Pidgeotto','Normal','Flying',63,60,55,50,50,71,_binary '\0','Very protective of its sprawling territorial area, this POKéMON will fiercely peck at any intruder.'),(18,'Pidgeot','Normal','Flying',83,80,75,70,70,101,_binary '\0','When hunting, it skims the surface of water at high speed to pick off unwary prey such as MAGIKARP.'),(19,'Rattata','Normal','',30,56,35,25,35,72,_binary '\0','Bites anything when it attacks. Small and very quick, it is a common sight in many places.'),(20,'Raticate','Normal','',55,81,60,50,70,97,_binary '\0','It uses its whis­ kers to maintain its balance. It apparently slows down if they are cut off.'),(21,'Spearow','Normal','Flying',40,60,30,31,31,70,_binary '\0','It flaps its small wings busily to fly. Using its beak, it searches in grass for prey.'),(22,'Fearow','Normal','Flying',65,90,65,61,61,100,_binary '\0','With its huge and magnificent wings, it can keep aloft without ever having to land for rest.'),(23,'Ekans','Poison','',35,60,44,40,54,55,_binary '\0','Moves silently and stealthily. Eats the eggs of birds, such as PIDGEY and SPEAROW, whole.'),(24,'Arbok','Poison','',60,85,69,65,79,80,_binary '\0','It is rumored that the ferocious warning markings on its belly differ from area to area.'),(25,'Pikachu','Electric','',35,55,40,50,50,90,_binary '\0','When several of these POKéMON gather, their electricity could build and cause lightning storms.'),(26,'Raichu','Electric','',60,90,55,90,80,110,_binary '\0','Its long tail serves as a ground to protect itself from its own high-voltage power.'),(27,'Sandshrew','Ground','',50,75,85,20,30,40,_binary '\0','Burrows deep underground in arid locations far from water. It only emerges to hunt for food.'),(28,'Sandslash','Ground','',75,100,110,45,55,65,_binary '\0','Curls up into a spiny ball when threatened. It can roll while curled up to attack or escape.'),(29,'Nidoran♀','Poison','',55,47,52,40,40,41,_binary '\0','Although small, its venomous barbs render this POKéMON dangerous. The female has smaller horns.'),(30,'Nidorina','Poison','',70,62,67,55,55,56,_binary '\0','The female\'s horn develops slowly. Prefers physical attacks such as clawing and biting.'),(31,'Nidoqueen','Poison','Ground',90,92,87,75,85,76,_binary '\0','Its hard scales provide strong protection. It uses its hefty bulk to execute powerful moves.'),(32,'Nidoran♂','Poison','',46,57,40,40,40,50,_binary '\0','Stiffens its ears to sense danger. The larger its horns, the more powerful its secreted venom.'),(33,'Nidorino','Poison','',61,72,57,55,55,65,_binary '\0','An aggressive POKéMON that is quick to attack. The horn on its head secretes a powerful venom.'),(34,'Nidoking','Poison','Ground',81,102,77,85,75,85,_binary '\0','It uses its powerful tail in battle to smash, constrict, then break the prey\'s bones.'),(35,'Clefairy','Fairy','',70,45,48,60,65,35,_binary '\0','Its magical and cute appeal has many admirers. It is rare and found only in certain areas.'),(36,'Clefable','Fairy','',95,70,73,95,90,60,_binary '\0','A timid fairy POKéMON that is rarely seen. It will run and hide the moment it senses people.'),(37,'Vulpix','Fire','',38,41,40,50,65,65,_binary '\0','At the time of birth, it has just one tail. The tail splits from its tip as it grows older.'),(38,'Ninetales','Fire','',73,76,75,81,100,100,_binary '\0','Very smart and very vengeful. Grabbing one of its many tails could result in a 1000-year curse.'),(39,'Jigglypuff','Normal','Fairy',115,45,20,45,25,20,_binary '\0','When its huge eyes light up, it sings a mysteriously soothing melody that lulls its enemies to sleep.'),(40,'Wigglytuff','Normal','Fairy',140,70,45,85,50,45,_binary '\0','The body is soft and rubbery. When angered, it will suck in air and inflate itself to an enormous size.'),(41,'Zubat','Poison','Flying',40,45,35,30,40,55,_binary '\0','Forms colonies in perpetually dark places. Uses ultrasonic waves to identify and approach targets.'),(42,'Golbat','Poison','Flying',75,80,70,65,75,90,_binary '\0','Once it strikes, it will not stop draining energy from the victim even if it gets too heavy to fly.'),(43,'Oddish','Grass','Poison',45,50,55,75,65,30,_binary '\0','During the day, it keeps its face buried in the ground. At night, it wanders around sowing its seeds.'),(44,'Gloom','Grass','Poison',60,65,70,85,75,40,_binary '\0','The fluid that oozes from its mouth isn\'t drool. It is a nectar that is used to attract prey.'),(45,'Vileplume','Grass','Poison',75,80,85,110,90,50,_binary '\0','It has the world’s largest petals. With every step, the petals shake out heavy clouds of toxic pollen.'),(46,'Paras','Bug','Grass',35,70,55,45,55,25,_binary '\0','Burrows to suck tree roots. The mushrooms on its back grow by draw­ ing nutrients from the bug host.'),(47,'Parasect','Bug','Grass',60,95,80,60,80,30,_binary '\0','A host-parasite pair in which the parasite mushroom has taken over the host bug. Prefers damp places.'),(48,'Venonat','Bug','Poison',60,55,50,40,55,45,_binary '\0','Lives in the shadows of tall trees where it eats insects. It is attracted by light at night.'),(49,'Venomoth','Bug','Poison',70,65,60,90,75,90,_binary '\0','The dustlike scales covering its wings are color-coded to indicate the kinds of poison it has.'),(50,'Diglett','Ground','',10,55,25,35,45,95,_binary '\0','Lives about one yard underground where it feeds on plant roots. It sometimes appears above ground.'),(51,'Dugtrio','Ground','',35,80,50,50,70,120,_binary '\0','A team of DIGLETT triplets. It triggers huge earthquakes by burrowing 60 miles underground.'),(52,'Meowth','Normal','',40,45,35,40,40,90,_binary '\0','It washes its face regularly to keep the coin on its forehead spotless. It doesn’t get along with Galarian Meowth.'),(53,'Persian','Normal','',65,70,60,65,65,115,_binary '\0','Although its fur has many admirers, it is tough to raise as a pet because of its fickle meanness.'),(54,'Psyduck','Water','',50,52,48,65,50,55,_binary '\0','While lulling its enemies with its vacant look, this wily POKéMON will use psychokinetic powers.'),(55,'Golduck','Water','',80,82,78,95,80,85,_binary '\0','Often seen swim­ ming elegantly by lake shores. It is often mistaken for the Japanese monster, Kappa.'),(56,'Mankey','Fighting','',40,80,35,35,45,70,_binary '\0','Extremely quick to anger. It could be docile one moment then thrashing away the next instant.'),(57,'Primeape','Fighting','',65,105,60,60,70,95,_binary '\0','Always furious and tenacious to boot. It will not abandon chasing its quarry until it is caught.'),(58,'Growlithe','Fire','',55,70,45,70,50,60,_binary '\0','Very protective of its territory. It will bark and bite to repel intruders from its space.'),(59,'Arcanine','Fire','',90,110,80,100,80,95,_binary '\0','A POKéMON that has been admired since the past for its beauty. It runs agilely as if on wings.'),(60,'Poliwag','Water','',40,50,40,40,40,90,_binary '\0','Its newly grown legs prevent it from running. It appears to prefer swimming than trying to stand.'),(61,'Poliwhirl','Water','',65,65,65,50,50,90,_binary '\0','Capable of living in or out of water. When out of water, it sweats to keep its body slimy.'),(62,'Poliwrath','Water','Fighting',90,95,95,70,90,70,_binary '\0','An adept swimmer at both the front crawl and breast stroke. Easily overtakes the best human swimmers.'),(63,'Abra','Psychic','',25,20,15,105,55,90,_binary '\0','Using its ability to read minds, it will identify impending danger and TELEPORT to safety.'),(64,'Kadabra','Psychic','',40,35,30,120,70,105,_binary '\0','It emits special alpha waves from its body that induce headaches just by being close by.'),(65,'Alakazam','Psychic','',55,50,45,135,95,120,_binary '\0','Its brain can out­ perform a super­ computer. Its intelligence quotient is said to be 5,000.'),(66,'Machop','Fighting','',70,80,50,35,35,35,_binary '\0','Loves to build its muscles. It trains in all styles of martial arts to become even stronger.'),(67,'Machoke','Fighting','',80,100,70,50,60,45,_binary '\0','Its muscular body is so powerful, it must wear a power save belt to be able to regulate its motions.'),(68,'Machamp','Fighting','',90,130,80,65,85,55,_binary '\0','Using its heavy muscles, it throws powerful punches that can send the victim clear over the horizon.'),(69,'Bellsprout','Grass','Poison',50,75,35,70,30,40,_binary '\0','A carnivorous POKéMON that traps and eats bugs. It uses its root feet to soak up needed moisture.'),(70,'Weepinbell','Grass','Poison',65,90,50,85,45,55,_binary '\0','It spits out POISONPOWDER to immobilize the enemy and then finishes it with a spray of ACID.'),(71,'Victreebel','Grass','Poison',80,105,65,100,70,70,_binary '\0','Said to live in huge colonies deep in jungles, although no one has ever returned from there.'),(72,'Tentacool','Water','Poison',40,40,35,50,100,70,_binary '\0','Drifts in shallow seas. Anglers who hook them by accident are often punished by its stinging acid.'),(73,'Tentacruel','Water','Poison',80,70,65,80,120,100,_binary '\0','The tentacles are normally kept short. On hunts, they are extended to ensnare and immobilize prey.'),(74,'Geodude','Rock','Ground',40,80,100,30,30,20,_binary '\0','Found in fields and mountains. Mistaking them for boulders, people often step or trip on them.'),(75,'Graveler','Rock','Ground',55,95,115,45,45,35,_binary '\0','Rolls down slopes to move. It rolls over any obstacle without slowing or changing its direction.'),(76,'Golem','Rock','Ground',80,120,130,55,65,45,_binary '\0','Its boulder-like body is extremely hard. It can easily withstand dynamite blasts without damage.'),(77,'Ponyta','Fire','',50,85,55,65,65,90,_binary '\0','Its hooves are 10 times harder than diamonds. It can trample anything completely flat in little time.'),(78,'Rapidash','Fire','',65,100,70,80,80,105,_binary '\0','Very competitive, this POKéMON will chase anything that moves fast in the hopes of racing it.'),(79,'Slowpoke','Water','Psychic',90,65,65,40,40,15,_binary '\0','Incredibly slow and dopey. It takes 5 seconds for it to feel pain when under attack.'),(80,'Slowbro','Water','Psychic',95,75,110,100,80,30,_binary '\0','The SHELLDER that is latched onto SLOWPOKE\'s tail is said to feed on the host\'s left over scraps.'),(81,'Magnemite','Electric','Steel',25,35,70,95,55,45,_binary '\0','Uses anti-gravity to stay suspended. Appears without warning and uses THUNDER WAVE and similar moves.'),(82,'Magneton','Electric','Steel',50,60,95,120,70,70,_binary '\0','Formed by several MAGNEMITEs linked together. They frequently appear when sunspots flare up.'),(83,'Farfetch\'d','Normal','Flying',52,65,55,58,62,60,_binary '\0','The sprig of green onions it holds is its weapon. It is used much like a metal sword.'),(84,'Doduo','Normal','Flying',35,85,45,35,35,75,_binary '\0','A bird that makes up for its poor flying with its fast foot speed. Leaves giant footprints.'),(85,'Dodrio','Normal','Flying',60,110,70,60,60,100,_binary '\0','Uses its three brains to execute complex plans. While two heads sleep, one head stays awake.'),(86,'Seel','Water','',65,45,55,45,70,45,_binary '\0','The protruding horn on its head is very hard. It is used for bashing through thick ice.'),(87,'Dewgong','Water','Ice',90,70,80,70,95,70,_binary '\0','Stores thermal energy in its body. Swims at a steady 8 knots even in intensely cold waters.'),(88,'Grimer','Poison','',80,80,50,40,50,25,_binary '\0','Appears in filthy areas. Thrives by sucking up polluted sludge that is pumped out of factories.'),(89,'Muk','Poison','',105,105,75,65,100,50,_binary '\0','Thickly covered with a filthy, vile sludge. It is so toxic, even its footprints contain poison.'),(90,'Shellder','Water','',30,65,100,45,25,40,_binary '\0','Its hard shell repels any kind of attack. It is vulnerable only when its shell is open.'),(91,'Cloyster','Water','Ice',50,95,180,85,45,70,_binary '\0','When attacked, it launches its horns in quick volleys. Its innards have never been seen.'),(92,'Gastly','Ghost','Poison',30,35,30,100,35,80,_binary '\0','Almost invisible, this gaseous POKéMON cloaks the target and puts it to sleep without notice.'),(93,'Haunter','Ghost','Poison',45,50,45,115,55,95,_binary '\0','Because of its ability to slip through block walls, it is said to be from an­ other dimension.'),(94,'Gengar','Ghost','Poison',60,65,60,130,75,110,_binary '\0','Under a full moon, this POKéMON likes to mimic the shadows of people and laugh at their fright.'),(95,'Onix','Rock','Ground',35,45,160,30,45,70,_binary '\0','As it grows, the stone portions of its body harden to become similar to a diamond, but colored black.'),(96,'Drowzee','Psychic','',60,48,45,43,90,42,_binary '\0','Puts enemies to sleep then eats their dreams. Occasionally gets sick from eating bad dreams.'),(97,'Hypno','Psychic','',85,73,70,73,115,67,_binary '\0','When it locks eyes with an enemy, it will use a mix of PSI moves such as HYPNOSIS and CONFUSION.'),(98,'Krabby','Water','',30,105,90,25,25,50,_binary '\0','Its pincers are not only powerful weapons, they are used for balance when walking sideways.'),(99,'Kingler','Water','',55,130,115,50,50,75,_binary '\0','The large pincer has 10000 hp of crushing power. However, its huge size makes it unwieldy to use.'),(100,'Voltorb','Electric','',40,30,50,55,55,100,_binary '\0','Usually found in power plants. Easily mistaken for a POKé BALL, they have zapped many people.'),(101,'Electrode','Electric','',60,50,70,80,80,140,_binary '\0','It stores electric energy under very high pressure. It often explodes with little or no provocation.'),(102,'Exeggcute','Grass','Psychic',60,40,80,60,45,40,_binary '\0','Often mistaken for eggs. When disturbed, they quickly gather and attack in swarms.'),(103,'Exeggutor','Grass','Psychic',95,95,85,125,65,55,_binary '\0','Legend has it that on rare occasions, one of its heads will drop off and continue on as an EXEGGCUTE.'),(104,'Cubone','Ground','',50,50,95,40,50,35,_binary '\0','Because it never removes its skull helmet, no one has ever seen this POKéMON\'s real face.'),(105,'Marowak','Ground','',60,80,110,50,80,45,_binary '\0','The bone it holds is its key weapon. It throws the bone skillfully like a boomerang to KO targets.'),(106,'Hitmonlee','Fighting','',50,120,53,35,110,87,_binary '\0','When in a hurry, its legs lengthen progressively. It runs smoothly with extra long, loping strides.'),(107,'Hitmonchan','Fighting','',50,105,79,35,110,76,_binary '\0','While apparently doing nothing, it fires punches in lightning fast volleys that are impossible to see.'),(108,'Lickitung','Normal','',90,55,75,60,75,30,_binary '\0','Its tongue can be extended like a chameleon\'s. It leaves a tingling sensation when it licks enemies.'),(109,'Koffing','Poison','',40,65,95,60,45,35,_binary '\0','Because it stores several kinds of toxic gases in its body, it is prone to exploding without warning.'),(110,'Weezing','Poison','',65,90,120,85,70,60,_binary '\0','Where two kinds of poison gases meet, 2 KOFFINGs can fuse into a WEEZING over many years.'),(111,'Rhyhorn','Ground','Rock',80,85,95,30,30,25,_binary '\0','A POKéMON with a one-track mind. Once it charges, it won\'t stop running until it falls asleep.'),(112,'Rhydon','Ground','Rock',105,130,120,45,45,40,_binary '\0','Protected by an armor-like hide, it is capable of living in molten lava of 3,600 degrees.'),(113,'Chansey','Normal','',250,5,5,35,105,50,_binary '\0','A rare and elusive POKéMON that is said to bring happiness to those who manage to get it.'),(114,'Tangela','Grass','',65,55,115,100,40,60,_binary '\0','The whole body is swathed with wide vines that are similar to sea­ weed. Its vines shake as it walks.'),(115,'Kangaskhan','Normal','',105,95,80,40,80,90,_binary '\0','The infant rarely ventures out of its mother\'s protective pouch until it is 3 years old.'),(116,'Horsea','Water','',30,40,70,70,25,60,_binary '\0','Known to shoot down flying bugs with precision blasts of ink from the surface of the water.'),(117,'Seadra','Water','',55,65,95,95,45,85,_binary '\0','Capable of swim­ ming backwards by rapidly flapping its wing-like pectoral fins and stout tail.'),(118,'Goldeen','Water','',45,67,60,35,50,63,_binary '\0','Its tail fin billows like an elegant ballroom dress, giving it the nickname of the Water Queen.'),(119,'Seaking','Water','',80,92,65,65,80,68,_binary '\0','In the autumn spawning season, they can be seen swimming powerfully up rivers and creeks.'),(120,'Staryu','Water','',30,45,55,70,55,85,_binary '\0','If its body is torn, it can grow back if the red core remains. The core flashes at midnight.'),(121,'Starmie','Water','Psychic',60,75,85,100,85,115,_binary '\0','Its central core glows with the seven colors of the rainbow. Some people value the core as a gem.'),(122,'Mr. Mime','Psychic','Fairy',40,45,65,100,120,90,_binary '\0','If interrupted while it is miming, it will slap around the offender with its broad hands.'),(123,'Scyther','Bug','Flying',70,110,80,55,80,105,_binary '\0','With ninja-like agility and speed, it can create the illusion that there is more than one.'),(124,'Jynx','Ice','Psychic',65,50,35,115,95,95,_binary '\0','It seductively wiggles its hips as it walks. It can cause people to dance in unison with it.'),(125,'Electabuzz','Electric','',65,83,57,95,85,105,_binary '\0','Normally found near power plants, they can wander away and cause major blackouts in cities.'),(126,'Magmar','Fire','',65,95,57,100,85,93,_binary '\0','Its body always burns with an orange glow that enables it to hide perfectly among flames.'),(127,'Pinsir','Bug','',65,125,100,55,70,85,_binary '\0','If it fails to crush the victim in its pincers, it will swing it around and toss it hard.'),(128,'Tauros','Normal','',75,100,95,40,70,110,_binary '\0','When it targets an enemy, it charges furiously while whipping its body with its long tails.'),(129,'Magikarp','Water','',20,10,55,15,20,80,_binary '\0','In the distant past, it was somewhat stronger than the horribly weak descendants that exist today.'),(130,'Gyarados','Water','Flying',95,125,79,60,100,81,_binary '\0','Once it begins to rampage, a GYARADOS will burn everything down, even in a harsh storm.'),(131,'Lapras','Water','Ice',130,85,80,85,95,60,_binary '\0','A POKéMON that has been over­ hunted almost to extinction. It can ferry people across the water.'),(132,'Ditto','Normal','',48,48,48,48,48,48,_binary '\0','Capable of copying an enemy\'s genetic code to instantly transform itself into a duplicate of the enemy.'),(133,'Eevee','Normal','',55,55,50,45,65,55,_binary '\0','Its genetic code is irregular. It may mutate if it is exposed to radiation from element STONEs.'),(134,'Vaporeon','Water','',130,65,60,110,95,65,_binary '\0','Lives close to water. Its long tail is ridged with a fin which is often mistaken for a mermaid\'s.'),(135,'Jolteon','Electric','',65,65,60,110,95,130,_binary '\0','It accumulates negative ions in the atmosphere to blast out 10000- volt lightning bolts.'),(136,'Flareon','Fire','',65,130,60,95,110,65,_binary '\0','When storing thermal energy in its body, its temperature could soar to over 1600 degrees.'),(137,'Porygon','Normal','',65,60,70,85,75,40,_binary '\0','A POKéMON that consists entirely of programming code. Capable of moving freely in cyberspace.'),(138,'Omanyte','Rock','Water',35,40,100,90,55,35,_binary '\0','Although long extinct, in rare cases, it can be genetically resurrected from fossils.'),(139,'Omastar','Rock','Water',70,60,125,115,70,55,_binary '\0','A prehistoric POKéMON that died out when its heavy shell made it impossible to catch prey.'),(140,'Kabuto','Rock','Water',30,80,90,55,45,55,_binary '\0','A POKéMON that was resurrected from a fossil found in what was once the ocean floor eons ago.'),(141,'Kabutops','Rock','Water',60,115,105,65,70,80,_binary '\0','Its sleek shape is perfect for swim­ ming. It slashes prey with its claws and drains the body fluids.'),(142,'Aerodactyl','Rock','Flying',80,105,65,60,75,130,_binary '\0','A Pokémon that roamed the skies in the dinosaur era. Its teeth are like saw blades.'),(143,'Snorlax','Normal','',160,110,65,65,110,30,_binary '\0','Very lazy. Just eats and sleeps. As its rotund bulk builds, it becomes steadily more slothful.'),(144,'Articuno','Ice','Flying',90,85,100,95,125,85,_binary '','A legendary bird POKéMON that is said to appear to doomed people who are lost in icy mountains.'),(145,'Zapdos','Electric','Flying',90,90,85,125,90,100,_binary '','A legendary bird POKéMON that is said to appear from clouds while dropping enormous lightning bolts.'),(146,'Moltres','Fire','Flying',90,100,90,125,85,90,_binary '','Known as the legendary bird of fire. Every flap of its wings creates a dazzling flash of flames.'),(147,'Dratini','Dragon','',41,64,45,50,50,50,_binary '\0','Long considered a mythical POKéMON until recently when a small colony was found living underwater.'),(148,'Dragonair','Dragon','',61,84,65,70,70,70,_binary '\0','A mystical POKéMON that exudes a gentle aura. Has the ability to change climate conditions.'),(149,'Dragonite','Dragon','Flying',91,134,95,100,100,80,_binary '\0','An extremely rarely seen marine POKéMON. Its intelligence is said to match that of humans.'),(150,'Mewtwo','Psychic','',106,110,90,154,90,130,_binary '','It was created by a scientist after years of horrific gene splicing and DNA engineering experiments.'),(151,'Mew','Psychic','',100,100,100,100,100,100,_binary '\0','So rare that it is still said to be a mirage by many experts. Only a few people have seen it worldwide.'),(152,'Chikorita','Grass','',45,49,65,49,65,45,_binary '\0','A sweet aroma gently wafts from the leaf on its head. It is docile and loves to soak up the sun\'s rays.'),(153,'Bayleef','Grass','',60,62,80,63,80,60,_binary '\0','The scent of spices comes from around its neck. Somehow, sniffing it makes you want to fight.'),(154,'Maganium','Grass','',80,82,100,83,100,80,_binary '\0','The aroma that rises from its petals contains a substance that calms aggressive feelings.'),(155,'Cyndaquil','Fire','',39,52,43,60,50,65,_binary '\0','It has a timid nature. If it is startled, the flames on its back burn more vigorously.'),(156,'Quilava','Fire','',58,64,58,80,65,80,_binary '\0','Be careful if it turns its back during battle. It means that it will attack with the fire on its back.'),(157,'Typhlosion','Fire','',78,84,78,109,85,100,_binary '\0','If its rage peaks, it becomes so hot that anything that touches it will instantly go up in flames.'),(158,'Totodile','Water','',50,65,64,44,48,43,_binary '\0','Its well-developed jaws are powerful and capable of crushing anything. Even its trainer must be careful.'),(159,'Croconaw','Water','',65,80,80,59,63,58,_binary '\0','If it loses a fang, a new one grows back in its place. There are always 48 fangs lining its mouth.'),(160,'Feraligatr','Water','',85,105,100,79,83,78,_binary '\0','When it bites with its massive and powerful jaws, it shakes its head and savagely tears its victim up.'),(161,'Sentret','Normal','',35,46,34,35,45,20,_binary '\0','A very cautious POKéMON, it raises itself up using its tail to get a better view of its surroundings.'),(162,'Furret','Normal','',85,76,64,45,55,90,_binary '\0','It makes a nest to suit its long and skinny body. The nest is impossible for other POKéMON to enter.'),(163,'Hoothoot','Normal','Flying',60,30,30,36,56,50,_binary '\0','It always stands on one foot. It changes feet so fast, the movement can rarely be seen.'),(164,'Noctowl','Normal','Flying',100,50,50,76,96,70,_binary '\0','Its eyes are specially adapted. They concentrate even faint light and enable it to see in the dark.'),(165,'Ledyba','Bug','Flying',40,20,30,40,80,55,_binary '\0','It is very timid. It will be afraid to move if it is alone. But it will be active if it is in a group.'),(166,'Ledian','Bug','Flying',55,35,50,55,110,85,_binary '\0','When the stars flicker in the night sky, it flutters about, scattering a glowing powder.'),(167,'Spinarak','Bug','Poison',40,60,40,40,40,30,_binary '\0','It lies still in the same pose for days in its web, waiting for its unsuspecting prey to wander close.'),(168,'Ariados','Bug','Poison',70,90,70,60,60,40,_binary '\0','It spins string not only from its rear but also from its mouth. It is hard to tell which end is which.'),(169,'Crobat','Poison','Flying',85,90,80,70,80,130,_binary '\0','It flies so si­ lently through the dark on its four wings that it may not be noticed even when nearby.'),(170,'Chinchou','Water','Electric',75,38,38,56,56,67,_binary '\0','Chinchou blink their shining antennae at one another to claim their respective turf.'),(171,'Lanturn','Water','Electric',125,58,58,76,76,67,_binary '\0','The light it emits is so bright that it can illuminate the sea\'s surface from a depth of over three miles.'),(172,'Pichu','Electric','',20,40,15,35,35,60,_binary '\0','It is not yet skilled at storing electricity. It may send out a jolt if amused or startled.'),(173,'Cleffa','Fairy','',50,25,28,45,55,15,_binary '\0','Because of its unusual, star-like silhouette, people believe that it came here on a meteor.'),(174,'Igglybuff','Normal','Fairy',90,30,15,40,20,15,_binary '\0','It has a very soft body. If it starts to roll, it will bounce all over and be impossible to stop.'),(175,'Togepi','Fairy','',35,20,65,40,65,20,_binary '\0','The shell seems to be filled with joy. It is said that it will share good luck when treated kindly.'),(176,'Togetic','Fairy','Flying',55,40,85,80,105,40,_binary '\0','They say that it will appear before kindhearted, car­ ing people and shower them with happiness.'),(177,'Natu','Psychic','Flying',40,50,45,70,45,70,_binary '\0','Because its wings aren\'t yet fully grown, it has to hop to get around. It is always star­ ing at something.'),(178,'Xatu','Psychic','Flying',65,75,70,95,70,95,_binary '\0','They say that it stays still and quiet because it is seeing both the past and future at the same time.'),(179,'Mareep','Electric','',55,40,40,65,45,35,_binary '\0','If static elec­ tricity builds in its body, its fleece doubles in volume. Touching it will shock you.'),(180,'Flaaffy','Electric','',70,55,55,80,60,45,_binary '\0','As a result of storing too much electricity, it developed patches where even downy wool won\'t grow.'),(181,'Ampharos','Electric','',90,75,85,115,90,55,_binary '\0','The tail\'s tip shines brightly and can be seen from far away. It acts as a beacon for lost people.'),(182,'Bellossom','Grass','',75,80,95,90,100,50,_binary '\0','Plentiful in the tropics. When it dances, its petals rub together and make a pleasant ringing sound.'),(183,'Marill','Water','Fairy',70,20,50,20,50,40,_binary '\0','The tip of its tail, which con­ tains oil that is lighter than wa­ ter, lets it swim without drowning.'),(184,'Azumarill','Water','Fairy',100,50,80,60,80,50,_binary '\0','It lives in water virtually all day long. Its body color and pattern act as camouflage that makes it tough for enemies to spot in water.'),(185,'Sudowoodo','Rock','',70,100,115,30,65,30,_binary '\0','Although it always pretends to be a tree, its composi­ tion appears to be closer to a rock than a plant.'),(186,'Politoed','Water','',90,75,75,90,100,70,_binary '\0','If POLIWAG and POLIWHIRL hear its echoing cry, they respond by gather­ ing from far and wide.'),(187,'Hoppip','Grass','Flying',35,35,40,35,55,50,_binary '\0','To keep from being blown away by the wind, they gather in clusters. They do enjoy gentle breezes, though.'),(188,'Skiploom','Grass','Flying',55,45,50,45,65,80,_binary '\0','The bloom on top of its head opens and closes as the temperature fluc­ tuates up and down.'),(189,'Jumpluff','Grass','Flying',75,55,70,55,95,110,_binary '\0','Once it catches the wind, it deft­ ly controls its cotton-puff spores to float, even around the world.'),(190,'Aipom','Normal','',55,70,55,40,55,85,_binary '\0','Its tail is so powerful that it can use it to grab a tree branch and hold itself up in the air.'),(191,'Sunkern','Grass','',30,30,30,30,30,30,_binary '\0','It may drop out of the sky suddenly. If attacked by a SPEAROW, it will violently shake its leaves.'),(192,'Sunflora','Grass','',75,75,55,105,85,30,_binary '\0','It converts sun­ light into energy. In the darkness after sunset, it closes its petals and becomes still.'),(193,'Yanma','Bug','Flying',65,65,45,75,45,95,_binary '\0','If it flaps its wings really fast, it can generate shock waves that will shatter win­ dows in the area.'),(194,'Wooper','Water','Ground',55,45,45,25,25,15,_binary '\0','This POKéMON lives in cold water. It will leave the water to search for food when it gets cold outside.'),(195,'Quagsire','Water','Ground',95,85,85,65,65,35,_binary '\0','This carefree POKéMON has an easy-going nature. While swimming, it always bumps into boat hulls.'),(196,'Espeon','Psychic','',65,65,60,130,95,110,_binary '\0','It uses the fine hair that covers its body to sense air currents and predict its ene­ my\'s actions.'),(197,'Umbreon','Dark','',95,65,110,60,130,65,_binary '\0','When agitated, this POKéMON pro­ tects itself by spraying poisonous sweat from its pores.'),(198,'Murkrow','Dark','Flying',60,85,42,85,42,91,_binary '\0','Feared and loathed by many, it is believed to bring misfortune to all those who see it at night.'),(199,'Slowking','Water','Psychic',95,75,80,100,110,30,_binary '\0','It has incredible intellect and in­ tuition. Whatever the situation, it remains calm and collected.'),(200,'Misdreavus','Ghost','',60,60,60,85,85,85,_binary '\0','It likes playing mischievous tricks such as screaming and wailing to startle people at night.'),(201,'Unown','Psychic','',48,72,48,72,48,48,_binary '\0','Their shapes look like hieroglyphs on ancient tab­ lets. It is said that the two are somehow related.'),(202,'Wobbuffet','Psychic','',190,33,58,33,58,33,_binary '\0','It hates light and shock. If attack­ ed, it inflates its body to pump up its counter­ strike.'),(203,'Girafarig','Normal','Psychic',70,80,65,90,65,85,_binary '\0','Its tail has a small brain of its own. Beware! If you get close, it may react to your scent and bite.'),(204,'Pineco','Bug','',50,65,90,35,35,15,_binary '\0','It likes to make its shell thicker by adding layers of tree bark. The additional weight doesn\'t bother it.'),(205,'Forretress','Bug','Steel',75,90,140,60,60,40,_binary '\0','Its entire body is shielded by a steel-hard shell. What lurks inside the armor is a total mystery.'),(206,'Dunsparce','Normal','',100,70,70,65,65,45,_binary '\0','When spotted, this POKéMON escapes backward by furi­ ously boring into the ground with its tail.'),(207,'Gligar','Ground','Flying',65,75,105,35,65,85,_binary '\0','It flies straight at its target\'s face then clamps down on the star­ tled victim to inject poison.'),(208,'Steelix','Steel','Ground',75,85,200,55,65,30,_binary '\0','It is thought its body transformed as a result of iron accumulating internally from swallowing soil.'),(209,'Snubbull','Fairy','',60,80,50,40,40,30,_binary '\0','Although it looks frightening, it is actually kind and affectionate. It is very popular among women.'),(210,'Granbull','Fairy','',90,120,75,60,60,45,_binary '\0','It is actually timid and easily spooked. If at­ tacked, it flails about to fend off its attacker.'),(211,'Qwilfish','Water','Poison',65,95,75,55,55,85,_binary '\0','To fire its poison spikes, it must inflate its body by drinking over 2.6 gallons of water all at once.'),(212,'Scizor','Bug','Steel',70,130,100,55,80,65,_binary '\0','It has a steel-hard body. It intimidates foes by upraising its eye-patterned pincers.'),(213,'Shuckle','Bug','Rock',20,10,230,10,230,5,_binary '\0','The BERRIES it stores in its vase-like shell decompose and become a gooey liquid.'),(214,'Heracross','Bug','Fighting',80,125,75,40,95,85,_binary '\0','It is usually docile, but if it is disturbed while sipping honey, it chases off the intruder with its horn.'),(215,'Sneasel','Dark','Ice',55,95,55,35,75,115,_binary '\0','Its paws conceal sharp claws. If attacked, it sud­ denly extends the claws and startles its enemy.'),(216,'Teddiursa','Normal','',60,80,50,50,50,40,_binary '\0','If it finds honey, its crescent mark glows. It always licks its paws because they are soaked with honey.'),(217,'Ursaring','Normal','',90,130,75,75,75,55,_binary '\0','Although it is a good climber, it prefers to snap trees with its forelegs and eat fallen BERRIES.'),(218,'Slugma','Fire','',40,40,40,70,40,20,_binary '\0','It never sleeps. It has to keep moving because if it stopped, its magma body would cool and harden.'),(219,'Magcargo','Fire','Rock',50,50,120,80,80,30,_binary '\0','The shell on its back is just skin that has cooled and hardened. It breaks easily with a slight touch.'),(220,'Swinub','Ice','Ground',50,50,40,30,30,50,_binary '\0','It rubs its snout on the ground to find and dig up food. It sometimes discovers hot springs.'),(221,'Piloswine','Ice','Ground',100,100,80,60,60,50,_binary '\0','Because the long hair all over its body obscures its sight, it just keeps charging repeatedly.'),(222,'Corsola','Water','Rock',55,55,85,65,85,35,_binary '\0','It continuously sheds and grows. The tip of its head is prized as a treasure for its beauty.'),(223,'Remoraid','Water','',35,65,35,65,35,65,_binary '\0','It has superb ac­ curacy. The water it shoots out can strike even moving prey from more than 300 feet.'),(224,'Octillery','Water','',75,105,75,105,75,45,_binary '\0','It traps enemies with its suction- cupped tentacles then smashes them with its rock-hard head.'),(225,'Delibird','Ice','Flying',45,55,45,65,45,75,_binary '\0','It carries food all day long. There are tales about lost people who were saved by the food it had.'),(226,'Mantine','Water','Flying',65,40,70,80,140,70,_binary '\0','As it majestically swims, it doesn\'t care if REMORAID attach to it for scavenging its leftovers.'),(227,'Skarmory','Steel','Flying',65,80,140,40,70,70,_binary '\0','Its sturdy wings look heavy, but they are actually hollow and light, allowing it to fly freely in the sky.'),(228,'Houndour','Dark','Fire',45,60,30,80,50,65,_binary '\0','It uses different kinds of cries for communicating with others of its kind and for pursuing its prey.'),(229,'Houndoom','Dark','Fire',75,90,50,110,80,95,_binary '\0','If you are burned by the flames it shoots from its mouth, the pain will never go away.'),(230,'Kingdra','Water','Dragon',75,95,95,95,95,85,_binary '\0','It is said that it usually hides in underwater caves. It can create whirlpools by yawning.'),(231,'Phanpy','Ground','',90,60,60,40,40,40,_binary '\0','It swings its long snout around play­ fully, but because it is so strong, that can be dan­ gerous.'),(232,'Donphan','Ground','',90,120,120,60,60,50,_binary '\0','It has sharp, hard tusks and a rugged hide. Its TACKLE is strong enough to knock down a house.'),(233,'Porygon2','Normal','',85,80,90,105,95,60,_binary '\0','This upgraded version of PORYGON is designed for space exploration. It can\'t fly, though.'),(234,'Stantler','Normal','',73,95,62,85,65,85,_binary '\0','The curved antlers subtly change the flow of air to create a strange space where real­ ity is distorted.'),(235,'Smeargle','Normal','',55,20,35,20,45,75,_binary '\0','A special fluid oozes from the tip of its tail. It paints the fluid everywhere to mark its territory.'),(236,'Tyrogue','Fighting','',35,35,35,35,35,35,_binary '\0','It is always bursting with en­ ergy. To make it­ self stronger, it keeps on fighting even if it loses.'),(237,'Hitmontop','Fighting','',50,95,95,35,110,70,_binary '\0','If you become enchanted by its smooth, elegant, dance-like kicks, you may get drilled hard.'),(238,'Smoochum','Ice','Psychic',45,30,15,85,65,65,_binary '\0','Its lips are the most sensitive parts on its body. It always uses its lips first to examine things.'),(239,'Elekid','Electric','',45,63,37,65,55,95,_binary '\0','It rotates its arms to generate electricity, but it tires easily, so it charges up only a little bit.'),(240,'Magby','Fire','',45,75,37,70,55,83,_binary '\0','Each and every time it inhales and exhales, hot embers dribble out of its mouth and nostrils.'),(241,'Miltank','Normal','',95,80,105,40,70,100,_binary '\0','Its milk is packed with nutrition, making it the ultimate beverage for the sick or weary.'),(242,'Blissey','Normal','',255,10,10,75,135,55,_binary '\0','Anyone who takes even one bite of BLISSEY\'s egg be­ comes unfailingly caring and pleas­ ant to everyone.'),(243,'Raikou','Electric','',90,85,75,115,100,115,_binary '','The rain clouds it carries let it fire thunderbolts at will. They say that it descended with lightning.'),(244,'Entei','Fire','',115,115,85,90,75,100,_binary '','Volcanoes erupt when it barks. Un­ able to restrain its extreme power, it races headlong around the land.'),(245,'Suicune','Water','',100,75,115,90,115,85,_binary '','It races around the world to purify fouled water. It dashes away with the north wind.'),(246,'Larvitar','Rock','Ground',50,64,50,45,50,41,_binary '\0','It feeds on soil. After it has eaten a large mountain, it will fall asleep so it can grow.'),(247,'Pupitar','Rock','Ground',70,84,70,65,70,51,_binary '\0','Its shell is as hard as sheet rock, and it is also very strong. Its THRASHING can topple a mountain.'),(248,'Tyranitar','Rock','Dark',100,134,110,95,100,61,_binary '\0','Its body can\'t be harmed by any sort of attack, so it is very eager to make challenges against enemies.'),(249,'Lugia','Psychic','Flying',106,90,130,90,154,110,_binary '','It is said that it quietly spends its time deep at the bottom of the sea because its powers are too strong.'),(250,'Ho-oh','Fire','Flying',106,130,90,110,154,90,_binary '','Legends claim this POKéMON flies the world\'s skies con­ tinuously on its magnificent seven- colored wings.'),(251,'Celebi','Psychic','Grass',100,100,100,100,100,100,_binary '\0','This POKéMON wan­ ders across time. Grass and trees flourish in the forests in which it has appeared.'),(252,'Treecko','Grass','',40,45,35,65,55,70,_binary '\0','TREECKO has small hooks on the bottom of its feet that enable it to scale vertical walls. This POKéMON attacks by slamming foes with its thick tail.'),(253,'Grovyle','Grass','',50,65,45,85,65,95,_binary '\0','The leaves growing out of GROVYLE’s body are convenient for camouflaging it from enemies in the forest. This POKéMON is a master at climbing trees in jungles.'),(254,'Sceptile','Grass','',70,85,65,105,85,120,_binary '\0','The leaves growing on SCEPTILE’s body are very sharp edged. This POKéMON is very agile - it leaps all over the branches of trees and jumps on its foe from above or behind.'),(255,'Torchic','Fire','',45,60,40,70,50,45,_binary '\0','TORCHIC sticks with its TRAINER, following behind with unsteady steps. This POKéMON breathes fire of over 1,800 degrees F, including fireballs that leave the foe scorched black.'),(256,'Combusken','Fire','Fighting',60,85,60,85,60,55,_binary '\0','COMBUSKEN toughens up its legs and thighs by running through fields and mountains. This POKéMON’s legs possess both speed and power, enabling it to dole out ten kicks in one second.'),(257,'Blaziken','Fire','Fighting',80,120,70,110,70,80,_binary '\0','In battle, BLAZIKEN blows out intense flames from its wrists and attacks foes courageously. The stronger the foe, the more intensely this POKéMON’s wrists burn.'),(258,'Mudkip','Water','',50,70,50,50,50,40,_binary '\0','The fin on MUDKIP’s head acts as highly sensitive radar. Using this fin to sense movements of water and air, this POKéMON can determine what is taking place around it without using its eyes.'),(259,'Marshtomp','Water','Ground',70,85,70,60,70,50,_binary '\0','The surface of MARSHTOMP’s body is enveloped by a thin, sticky film that enables it to live on land. This POKéMON plays in mud on beaches when the ocean tide is low.'),(260,'Swampert','Water','Ground',100,110,90,85,90,60,_binary '\0','SWAMPERT is very strong. It has enough power to easily drag a boulder weighing more than a ton. This POKéMON also has powerful vision that lets it see even in murky water.'),(261,'Poochyena','Dark','',35,55,35,30,30,35,_binary '\0','At first sight, POOCHYENA takes a bite at anything that moves. This POKéMON chases after prey until the victim becomes exhausted. However, it may turn tail if the prey strikes back.'),(262,'Mightyena','Dark','',70,90,70,60,60,70,_binary '\0','MIGHTYENA gives obvious signals when it is preparing to attack. It starts to growl deeply and then flattens its body. This POKéMON will bite savagely with its sharply pointed fangs.'),(263,'Zigzagoon','Normal','',38,30,41,30,41,60,_binary '\0','ZIGZAGOON restlessly wanders everywhere at all times. This POKéMON does so because it is very curious. It becomes interested in anything that it happens to see.'),(264,'Linoone','Normal','',78,70,61,50,61,100,_binary '\0','LINOONE always runs full speed and only in straight lines. If facing an obstacle, it makes a right-angle turn to evade it. This POKéMON is very challenged by gently curving roads.'),(265,'Wurmple','Bug','',45,45,35,20,30,20,_binary '\0','Using the spikes on its rear end, WURMPLE peels the bark off trees and feeds on the sap that oozes out. This POKéMON’s feet are tipped with suction pads that allow it to cling to glass without slipping.'),(266,'Silcoon','Bug','',50,35,55,25,25,15,_binary '\0','SILCOON tethers itself to a tree branch using silk to keep from falling. There, this POKéMON hangs quietly while it awaits evolution. It peers out of the silk cocoon through a small hole.'),(267,'Beautifly','Bug','Flying',60,70,50,100,50,65,_binary '\0','BEAUTIFLY’s favorite food is the sweet pollen of flowers. If you want to see this POKéMON, just leave a potted flower by an open window. BEAUTIFLY is sure to come looking for pollen.'),(268,'Cascoon','Bug','',50,35,55,25,25,15,_binary '\0','CASCOON makes its protective cocoon by wrapping its body entirely with a fine silk from its mouth. Once the silk goes around its body, it hardens. This POKéMON prepares for its evolution inside the cocoon.'),(269,'Dustox','Bug','Poison',60,50,70,50,90,65,_binary '\0','DUSTOX is instinctively drawn to light. Swarms of this POKéMON are attracted by the bright lights of cities, where they wreak havoc by stripping the leaves off roadside trees for food.'),(270,'Lotad','Water','Grass',40,30,30,40,50,30,_binary '\0','It searches about for clean water. If it does not drink water for too long, the leaf on its head wilts.'),(271,'Lombre','Water','Grass',60,50,50,60,70,50,_binary '\0','It lives at the water’s edge where it is sunny. It sleeps on a bed of water grass by day and becomes active at night.'),(272,'Ludicolo','Water','Grass',80,70,70,90,100,70,_binary '\0','LUDICOLO begins dancing as soon as it hears cheerful, festive music. This POKéMON is said to appear when it hears the singing of children on hiking outings.'),(273,'Seedot','Grass','',40,40,50,30,30,30,_binary '\0','SEEDOT attaches itself to a tree branch using the top of its head. It sucks moisture from the tree while hanging off the branch. The more water it drinks, the glossier this POKéMON’s body becomes.'),(274,'Nuzleaf','Grass','Dark',70,70,40,60,40,60,_binary '\0','NUZLEAF live in densely overgrown forests. They occasionally venture out of the forest to startle people. This POKéMON dislikes having its long nose pinched.'),(275,'Shiftry','Grass','Dark',90,100,60,90,60,80,_binary '\0','It lives quietly in the deep forest. It is said to create chilly winter winds with the fans it holds.'),(276,'Taillow','Normal','Flying',40,55,30,30,30,85,_binary '\0','TAILLOW courageously stands its ground against foes, however strong they may be. This gutsy POKéMON will remain defiant even after a loss. On the other hand, it cries loudly if it becomes hungry.'),(277,'Swellow','Normal','Flying',60,85,60,50,50,125,_binary '\0','SWELLOW flies high above our heads, making graceful arcs in the sky. This POKéMON dives at a steep angle as soon as it spots its prey. The hapless prey is tightly grasped by SWELLOW’s clawed feet, preventing escape.'),(278,'Wingull','Water','Flying',40,30,30,55,30,85,_binary '\0','WINGULL has the habit of carrying prey and valuables in its beak and hiding them in all sorts of locations. This POKéMON rides the winds and flies as if it were skating across the sky.'),(279,'Pelipper','Water','Flying',60,50,100,85,70,65,_binary '\0','It is a messenger of the skies, carrying small Pokémon and eggs to safety in its bill.'),(280,'Ralts','Psychic','Fairy',28,25,25,45,35,40,_binary '\0','RALTS senses the emotions of people using the horns on its head. This POKéMON rarely appears before people. But when it does, it draws closer if it senses that the person has a positive disposition.'),(281,'Kirlia','Psychic','Fairy',38,35,35,65,55,50,_binary '\0','It is said that a KIRLIA that is exposed to the positive emotions of its TRAINER grows beautiful. This POKéMON controls psychokinetic powers with its highly developed brain.'),(282,'Gardevoir','Psychic','Fairy',68,65,65,125,115,80,_binary '\0','GARDEVOIR has the ability to read the future. If it senses impending danger to its TRAINER, this POKéMON is said to unleash its psychokinetic energy at full power.'),(283,'Surskit','Bug','Water',40,30,32,50,52,65,_binary '\0','From the tips of its feet, SURSKIT secretes an oil that enables it to walk on water as if it were skating. This POKéMON feeds on microscopic organisms in ponds and lakes.'),(284,'Masquerain','Bug','Flying',70,60,62,80,82,60,_binary '\0','MASQUERAIN intimidates enemies with the eyelike patterns on its antennas. This POKéMON flaps its four wings to freely fly in any direction - even sideways and backwards - as if it were a helicopter.'),(285,'Shroomish','Grass','',60,40,60,40,60,35,_binary '\0','SHROOMISH live in damp soil in the dark depths of forests. They are often found keeping still under fallen leaves. This POKéMON feeds on compost that is made up of fallen, rotted leaves.'),(286,'Breloom','Grass','Fighting',60,130,80,60,60,70,_binary '\0','BRELOOM closes in on its foe with light and sprightly footwork, then throws punches with its stretchy arms. This POKéMON’s fighting technique puts boxers to shame.'),(287,'Slakoth','Normal','',60,60,60,35,35,30,_binary '\0','SLAKOTH lolls around for over twenty hours every day. Because it moves so little, it does not need much food. This POKéMON’s sole daily meal consists of just three leaves.'),(288,'Vigoroth','Normal','',80,80,80,55,55,90,_binary '\0','VIGOROTH is always itching and agitated to go on a wild rampage. It simply can’t tolerate sitting still for even a minute. This POKéMON’s stress level rises if it can’t be moving constantly.'),(289,'Slaking','Normal','',150,160,100,95,65,100,_binary '\0','SLAKING spends all day lying down and lolling about. It eats grass growing within its reach. If it eats all the grass it can reach, this POKéMON reluctantly moves to another spot.'),(290,'Nincada','Bug','Ground',31,45,90,30,30,40,_binary '\0','NINCADA lives underground for many years in complete darkness. This POKéMON absorbs nutrients from the roots of trees. It stays motionless as it waits for evolution.'),(291,'Ninjask','Bug','Flying',61,90,45,50,50,160,_binary '\0','NINJASK moves around at such a high speed that it cannot be seen, even while its crying can be clearly heard. For that reason, this POKéMON was long believed to be invisible.'),(292,'Shedinja','Bug','Ghost',1,90,45,30,30,40,_binary '\0','SHEDINJA’s hard body doesn’t move - not even a twitch. In fact, its body appears to be merely a hollow shell. It is believed that this POKéMON will steal the spirit of anyone peering into its hollow body from its back.'),(293,'Whismur','Normal','',64,51,23,51,23,28,_binary '\0','Normally, WHISMUR’s voice is very quiet - it is barely audible even if one is paying close attention. However, if this POKéMON senses danger, it starts crying at an earsplitting volume.'),(294,'Loudred','Normal','',84,71,43,71,43,48,_binary '\0','LOUDRED’s bellowing can completely decimate a wood-frame house. It uses its voice to punish its foes. This POKéMON’s round ears serve as loudspeakers.'),(295,'Exploud','Normal','',104,91,63,91,73,68,_binary '\0','EXPLOUD triggers earthquakes with the tremors it creates by bellowing. If this POKéMON violently inhales from the ports on its body, it’s a sign that it is preparing to let loose a huge bellow.'),(296,'Makuhita','Fighting','',72,60,30,20,30,25,_binary '\0','MAKUHITA is tenacious - it will keep getting up and attacking its foe however many times it is knocked down. Every time it gets back up, this POKéMON stores more energy in its body for evolving.'),(297,'Hariyama','Fighting','',144,120,60,40,60,50,_binary '\0','It has the habit of challenging others without hesitation to tests of strength. It’s been known to stand on train tracks and stop trains using forearm thrusts.'),(298,'Azurill','Normal','Fairy',50,20,40,20,40,20,_binary '\0','A Pokémon that lives by water. It moves quickly on land by bouncing on its big tail.'),(299,'Nosepass','Rock','',30,45,135,45,90,30,_binary '\0','NOSEPASS’s magnetic nose is always pointed to the north. If two of these POKéMON meet, they cannot turn their faces to each other when they are close because their magnetic noses repel one another.'),(300,'Skitty','Normal','',50,45,45,35,35,50,_binary '\0','SKITTY has the habit of becoming fascinated by moving objects and chasing them around. This POKéMON is known to chase after its own tail and become dizzy.'),(301,'Delcatty','Normal','',70,65,65,55,55,70,_binary '\0','DELCATTY prefers to live an unfettered existence in which it can do as it pleases at its own pace. Because this POKéMON eats and sleeps whenever it decides, its daily routines are completely random.'),(302,'Sableye','Dark','Ghost',50,75,75,65,65,50,_binary '\0','SABLEYE lead quiet lives deep inside caverns. They are feared, however, because these POKéMON are thought to steal the spirits of people when their eyes burn with a sinister glow in the darkness.'),(303,'Mawile','Steel','Fairy',50,85,85,55,55,50,_binary '\0','MAWHILE’s huge jaws are actually steel horns that have been transformed. Its docile-looking face serves to lull its foe into letting down its guard. When the foe least expects it, MAWHILE chomps it with its gaping jaws.'),(304,'Aron','Steel','Rock',50,70,100,40,40,30,_binary '\0','This POKéMON has a body of steel. To make its body, ARON feeds on iron ore that it digs from mountains. Occasionally, it causes major trouble by eating bridges and rails.'),(305,'Lairon','Steel','Rock',60,90,140,50,50,40,_binary '\0','LAIRON tempers its steel body by drinking highly nutritious mineral springwater until it is bloated. This POKéMON makes its nest close to springs of delicious water.'),(306,'Aggron','Steel','Rock',70,110,180,60,60,50,_binary '\0','AGGRON claims an entire mountain as its own territory. It mercilessly beats up anything that violates its environment. This POKéMON vigilantly patrols its territory at all times.'),(307,'Meditite','Fighting','Psychic',30,40,55,40,55,60,_binary '\0','MEDITITE undertakes rigorous mental training deep in the mountains. However, whenever it meditates, this POKéMON always loses its concentration and focus. As a result, its training never ends.'),(308,'Medicham','Fighting','Psychic',60,60,75,60,75,80,_binary '\0','It is said that through meditation, MEDICHAM heightens energy inside its body and sharpens its sixth sense. This POKéMON hides its presence by merging itself with fields and mountains.'),(309,'Electrike','Electric','',40,45,40,65,40,65,_binary '\0','ELECTRIKE stores electricity in its long body hair. This POKéMON stimulates its leg muscles with electric charges. These jolts of power give its legs explosive acceleration performance.'),(310,'Manectric','Electric','',70,75,60,105,60,105,_binary '\0','MANECTRIC is constantly discharging electricity from its mane. The sparks sometimes ignite forest fires. When it enters a battle, this POKéMON creates thunderclouds.'),(311,'Plusle','Electric','',60,50,40,85,75,95,_binary '\0','PLUSLE always acts as a cheerleader for its partners. Whenever a teammate puts out a good effort in battle, this POKéMON shorts out its body to create the crackling noises of sparks to show its joy.'),(312,'Minun','Electric','',60,40,50,75,85,95,_binary '\0','MINUN is more concerned about cheering on its partners than its own safety. It shorts out the electricity in its body to create brilliant showers of sparks to cheer on its teammates.'),(313,'Volbeat','Bug','',65,73,55,47,75,85,_binary '\0','With the arrival of night, VOLBEAT emits light from its tail. It communicates with others by adjusting the intensity and flashing of its light. This POKéMON is attracted by the sweet aroma of ILLUMISE.'),(314,'Illumise','Bug','',65,47,55,73,75,85,_binary '\0','With its sweet aroma, it guides Volbeat to draw signs with light in the night sky.'),(315,'Roselia','Grass','Poison',50,60,45,100,80,65,_binary '\0','ROSELIA shoots sharp thorns as projectiles at any opponent that tries to steal the flowers on its arms. The aroma of this POKéMON brings serenity to living things.'),(316,'Gulpin','Poison','',70,43,53,43,53,40,_binary '\0','Virtually all of GULPIN’s body is its stomach. As a result, it can swallow something its own size. This POKéMON’s stomach contains a special fluid that digests anything.'),(317,'Swalot','Poison','',100,73,83,73,83,55,_binary '\0','When SWALOT spots prey, it spurts out a hideously toxic fluid from its pores and sprays the target. Once the prey has weakened, this POKéMON gulps it down whole with its cavernous mouth.'),(318,'Carvanha','Water','Dark',45,90,20,65,20,65,_binary '\0','CARVANHA’s strongly developed jaws and its sharply pointed fangs pack the destructive power to rip out boat hulls. Many boats have been attacked and sunk by this POKéMON.'),(319,'Sharpedo','Water','Dark',70,120,40,95,40,95,_binary '\0','Nicknamed “the bully of the sea,” SHARPEDO is widely feared. Its cruel fangs grow back immediately if they snap off. Just one of these POKéMON can thoroughly tear apart a supertanker.'),(320,'Wailmer','Water','',130,70,35,70,35,60,_binary '\0','WAILMER’s nostrils are located above its eyes. This playful POKéMON loves to startle people by forcefully snorting out seawater it stores inside its body out of its nostrils.'),(321,'Wailord','Water','',170,90,45,90,45,60,_binary '\0','WAILORD is the largest of all identified POKéMON up to now. This giant POKéMON swims languorously in the vast open sea, eating massive amounts of food at once with its enormous mouth.'),(322,'Numel','Fire','Ground',60,60,40,65,45,35,_binary '\0','NUMEL is extremely dull witted - it doesn’t notice being hit. However, it can’t stand hunger for even a second. This POKéMON’s body is a seething cauldron of boiling magma.'),(323,'Camerupt','Fire','Ground',70,100,70,105,75,40,_binary '\0','CAMERUPT has a volcano inside its body. Magma of 18,000 degrees F courses through its body. Occasionally, the humps on this POKéMON’s back erupt, spewing the superheated magma.'),(324,'Torkoal','Fire','',70,85,140,85,70,20,_binary '\0','You can tell how it’s feeling by the smoke spouting from its shell. Tremendous velocity is a sign of good health.'),(325,'Spoink','Psychic','',60,25,35,70,80,60,_binary '\0','SPOINK bounces around on its tail. The shock of its bouncing makes its heart pump. As a result, this POKéMON cannot afford to stop bouncing - if it stops, its heart will stop.'),(326,'Grumpig','Psychic','',80,45,65,90,110,80,_binary '\0','GRUMPIG uses the black pearls on its body to amplify its psychic power waves for gaining total control over its foe. When this POKéMON uses its special power, its snorting breath grows labored.'),(327,'Spinda','Normal','',60,60,60,60,60,60,_binary '\0','No two Spinda have the same pattern of spots. Its tottering step fouls the aim of foes.'),(328,'Trapinch','Ground','',45,100,45,45,45,10,_binary '\0','TRAPINCH’s nest is a sloped, bowl-like pit dug in sand. This POKéMON patiently waits for prey to tumble down the pit. Its giant jaws have enough strength to crush even boulders.'),(329,'Vibrava','Ground','Dragon',50,70,50,50,50,70,_binary '\0','To make prey faint, VIBRAVA generates ultrasonic waves by vigorously making its two wings vibrate. This POKéMON’s ultrasonic waves are so powerful, they can bring on headaches in people.'),(330,'Flygon','Ground','Dragon',80,100,80,80,80,100,_binary '\0','FLYGON is nicknamed “the elemental spirit of the desert.” Because its flapping wings whip up a cloud of sand, this POKéMON is always enveloped in a sandstorm while flying.'),(331,'Cacnea','Grass','',50,85,40,85,40,35,_binary '\0','CACNEA lives in arid locations such as deserts. It releases a strong aroma from its flower to attract prey. When prey comes near, this POKéMON shoots sharp thorns from its body to bring the victim down.'),(332,'Cacturne','Grass','Dark',70,115,60,115,60,55,_binary '\0','During the daytime, CACTURNE remains unmoving so that it does not lose any moisture to the harsh desert sun. This POKéMON becomes active at night when the temperature drops.'),(333,'Swablu','Normal','Flying',45,40,60,40,75,50,_binary '\0','SWABLU has light and fluffy wings that are like cottony clouds. This POKéMON is not frightened of people. It lands on the heads of people and sits there like a cotton-fluff hat.'),(334,'Altaria','Dragon','Flying',75,70,90,70,105,80,_binary '\0','ALTARIA dances and wheels through the sky among billowing, cotton-like clouds. By singing melodies in its crystal-clear voice, this POKéMON makes its listeners experience dreamy wonderment.'),(335,'Zangoose','Normal','',73,115,60,60,60,90,_binary '\0','Memories of battling its arch-rival SEVIPER are etched into every cell of ZANGOOSE’s body. This POKéMON adroitly dodges attacks with incredible agility.'),(336,'Seviper','Poison','',73,100,60,100,60,65,_binary '\0','SEVIPER shares a generations-long feud with ZANGOOSE. The scars on its body are evidence of vicious battles. This POKéMON attacks using its sword- edged tail.'),(337,'Lunatone','Rock','Psychic',70,55,65,95,85,70,_binary '\0','LUNATONE was discovered at a location where a meteorite fell. As a result, some people theorize that this POKéMON came from space. However, no one has been able to prove this theory so far.'),(338,'Solrock','Rock','Psychic',70,95,85,55,65,70,_binary '\0','Solar energy is the source of its power, so it is strong during the daytime. When it spins, its body shines.'),(339,'Barboach','Water','Ground',50,48,43,46,41,60,_binary '\0','BARBOACH’s sensitive whiskers serve as a superb radar system. This POKéMON hides in mud, leaving only its two whiskers exposed while it waits for prey to come along.'),(340,'Whiscash','Water','Ground',110,78,73,76,71,60,_binary '\0','WHISCASH is extremely territorial. Just one of these POKéMON will claim a large pond as its exclusive territory. If a foe approaches it, it thrashes about and triggers a massive earthquake.'),(341,'Corphish','Water','',43,80,65,50,35,35,_binary '\0','Its hardy vitality enables it to adapt to any environment. Its pincers will never release prey.'),(342,'Crawdaunt','Water','Dark',63,120,85,90,55,55,_binary '\0','CRAWDAUNT has an extremely violent nature that compels it to challenge other living things to battle. Other life-forms refuse to live in ponds inhabited by this POKéMON, making them desolate places.'),(343,'Baltoy','Ground','Psychic',40,40,55,40,70,55,_binary '\0','BALTOY moves while spinning around on its one foot. Primitive wall paintings depicting this POKéMON living among people were discovered in some ancient ruins.'),(344,'Claydol','Ground','Psychic',60,70,105,70,120,75,_binary '\0','CLAYDOL are said to be dolls of mud made by primitive humans and brought to life by exposure to a mysterious ray. This POKéMON moves about while levitating.'),(345,'Lileep','Rock','Grass',66,41,77,61,87,23,_binary '\0','LILEEP became extinct approximately a hundred million years ago. This ancient POKéMON attaches itself to a rock on the seafloor and catches approaching prey using tentacles shaped like flower petals.'),(346,'Cradily','Rock','Grass',86,81,97,81,107,43,_binary '\0','CRADILY roams around the ocean floor in search of food. This POKéMON freely extends its tree trunk-like neck and captures unwary prey using its eight tentacles.'),(347,'Anorith','Rock','Bug',45,95,50,40,50,75,_binary '\0','ANORITH was regenerated from a prehistoric fossil. This primitive POKéMON once lived in warm seas. It grips its prey firmly between its two large claws.'),(348,'Armaldo','Rock','Bug',75,125,100,70,80,45,_binary '\0','ARMALDO’s tough armor makes all attacks bounce off. This POKéMON’s two enormous claws can be freely extended or contracted. They have the power to punch right through a steel slab.'),(349,'Feebas','Water','',20,15,20,10,55,80,_binary '\0','FEEBAS’s fins are ragged and tattered from the start of its life. Because of its shoddy appearance, this POKéMON is largely ignored. It is capable of living in both the sea and in rivers.'),(350,'Milotic','Water','',95,60,79,100,125,81,_binary '\0','Its lovely scales are described as rainbow colored. They change color depending on the viewing angle.'),(351,'Castform','Normal','',70,70,70,70,70,70,_binary '\0','CASTFORM’s appearance changes with the weather. This POKéMON gained the ability to use the vast power of nature to protect its tiny body.'),(352,'Kecleon','Normal','',60,90,70,60,120,40,_binary '\0','It changes body color to blend in with its surroundings. It also changes color if it is happy or sad.'),(353,'Shuppet','Ghost','',44,75,35,63,33,45,_binary '\0','SHUPPET is attracted by feelings of jealousy and vindictiveness. If someone develops strong feelings of vengeance, this POKéMON will appear in a swarm and line up beneath the eaves of that person’s home.'),(354,'Banette','Ghost','',64,115,65,83,63,65,_binary '\0','BANETTE generates energy for laying strong curses by sticking pins into its own body. This POKéMON was originally a pitiful plush doll that was thrown away.'),(355,'Duskull','Ghost','',20,40,90,30,90,25,_binary '\0','DUSKULL can pass through any wall no matter how thick it may be. Once this POKéMON chooses a target, it will doggedly pursue the intended victim until the break of dawn.'),(356,'Dusclops','Ghost','',40,70,130,60,130,25,_binary '\0','DUSCLOPS’s body is completely hollow - there is nothing at all inside. It is said that its body is like a black hole. This POKéMON will absorb anything into its body, but nothing will ever come back out.'),(357,'Tropius','Grass','Flying',99,68,83,72,87,51,_binary '\0','The bunches of fruit around TROPIUS’s neck are very popular with children. This POKéMON loves fruit, and eats it continuously. Apparently, its love for fruit resulted in its own outgrowth of fruit.'),(358,'Chimecho','Psychic','',65,50,70,95,80,65,_binary '\0','CHIMECHO makes its cries echo inside its hollow body. When this POKéMON becomes enraged, its cries result in ultrasonic waves that have the power to knock foes flying.'),(359,'Absol','Dark','',65,130,60,75,60,75,_binary '\0','Every time ABSOL appears before people, it is followed by a disaster such as an earthquake or a tidal wave. As a result, it came to be known as the disaster POKéMON.'),(360,'Wynaut','Psychic','',95,23,48,23,48,23,_binary '\0','WYNAUT can always be seen with a big, happy smile on its face. Look at its tail to determine if it is angry. When angered, this POKéMON will be slapping the ground with its tail.'),(361,'Snorunt','Ice','',50,50,50,50,50,50,_binary '\0','SNORUNT live in regions with heavy snowfall. In seasons without snow, such as spring and summer, this POKéMON steals away to live quietly among stalactites and stalagmites deep in caverns.'),(362,'Glalie','Ice','',80,80,80,80,80,80,_binary '\0','GLALIE has a body made of rock, which it hardens with an armor of ice. This POKéMON has the ability to freeze moisture in the atmosphere into any shape it desires.'),(363,'Spheal','Ice','Water',70,40,50,55,50,25,_binary '\0','SPHEAL is much faster rolling than walking to get around. When groups of this POKéMON eat, they all clap at once to show their pleasure. Because of this, their mealtimes are noisy.'),(364,'Sealeo','Ice','Water',90,60,70,75,70,45,_binary '\0','SEALEO has the habit of always juggling on the tip of its nose anything it sees for the first time. This POKéMON occasionally entertains itself by balancing and rolling a SPHEAL on its nose.'),(365,'Walrein','Ice','Water',110,80,90,95,90,65,_binary '\0','It swims through icy seas while shattering ice floes with its large tusks. It is protected by its thick blubber.'),(366,'Clamperl','Water','',35,64,85,74,55,32,_binary '\0','CLAMPERL’s sturdy shell is not only good for protection - it is also used for clamping and catching prey. A fully grown CLAMPERL’s shell will be scored with nicks and scratches all over.'),(367,'Huntail','Water','',55,104,105,94,75,52,_binary '\0','HUNTAIL’s presence went unnoticed by people for a long time because it lives at extreme depths in the sea. This POKéMON’s eyes can see clearly even in the murky dark depths of the ocean.'),(368,'Gorebyss','Water','',55,84,105,114,75,52,_binary '\0','GOREBYSS lives in the southern seas at extreme depths. Its body is built to withstand the enormous pressure of water at incredible depths. Because of this, this POKéMON’s body is unharmed by ordinary attacks.'),(369,'Relicanth','Water','Rock',100,90,130,45,65,55,_binary '\0','RELICANTH is a POKéMON species that existed for a hundred million years without ever changing its form. This ancient POKéMON feeds on microscopic organisms with its toothless mouth.'),(370,'Luvdisc','Water','',43,30,55,40,65,97,_binary '\0','LUVDISC live in shallow seas in the tropics. This heart-shaped POKéMON earned its name by swimming after loving couples it spotted in the ocean’s waves.'),(371,'Bagon','Dragon','',45,75,60,40,30,50,_binary '\0','Dreaming of one day flying, it practices by leaping off cliffs every day.'),(372,'Shelgon','Dragon','',65,95,100,60,50,50,_binary '\0','Inside SHELGON’s armor-like shell, cells are in the midst of transformation to create an entirely new body. This POKéMON’s shell is extremely heavy, making its movements sluggish.'),(373,'Salamence','Dragon','Flying',95,135,80,110,80,100,_binary '\0','SALAMENCE came about as a result of a strong, long-held dream of growing wings. It is said that this powerful desire triggered a sudden mutation in this POKéMON’s cells, causing it to sprout its magnificent wings.'),(374,'Beldum','Steel','Psychic',40,55,80,35,60,30,_binary '\0','Instead of blood, a powerful magnetic force courses throughout BELDUM’s body. This POKéMON communicates with others by sending controlled pulses of magnetism.'),(375,'Metang','Steel','Psychic',60,75,100,55,80,50,_binary '\0','When two BELDUM fuse together, METANG is formed. The brains of the BELDUM are joined by a magnetic nervous system. By linking its brains magnetically, this POKéMON generates strong psychokinetic power.'),(376,'Metagross','Steel','Psychic',80,135,130,95,90,70,_binary '\0','METAGROSS has four brains in total. Combined, the four brains can breeze through difficult calculations faster than a supercomputer. This POKéMON can float in the air by tucking in its four legs.'),(377,'Regirock','Rock','',80,100,200,50,100,50,_binary '','Its entire body is made of rock. If any part chips off in battle, it attaches rocks to repair itself.'),(378,'Regice','Ice','',80,50,100,100,200,50,_binary '','REGICE’s body was made during an ice age. The deep-frozen body can’t be melted, even by fire. This POKéMON controls frigid air of minus 328 degrees F.'),(379,'Registeel','Steel','',80,75,150,75,150,50,_binary '','REGISTEEL has a body that is harder than any kind of metal. Its body is apparently hollow. No one has any idea what this POKéMON eats.'),(380,'Latias','Dragon','Psychic',80,80,90,110,130,110,_binary '','LATIAS is highly sensitive to the emotions of people. If it senses any hostility, this POKéMON ruffles the feathers all over its body and cries shrilly to intimidate the foe.'),(381,'Latios','Dragon','Psychic',80,90,80,130,110,110,_binary '','LATIOS has the ability to make its foe see an image of what it has seen or imagines in its head. This POKéMON is intelligent and understands human speech.'),(382,'Kyogre','Water','',100,100,90,150,140,90,_binary '','KYOGRE has the power to create massive rain clouds that cover the entire sky and bring about torrential downpours. This POKéMON saved people who were suffering from droughts.'),(383,'Groudon','Ground','',100,150,140,100,90,90,_binary '','GROUDON has long been described in mythology as the POKéMON that raised lands and expanded continents. This POKéMON took to sleep after a cataclysmic battle with KYOGRE.'),(384,'Rayquaza','Dragon','Flying',105,150,90,150,90,95,_binary '','RAYQUAZA lived for hundreds of millions of years in the earth’s ozone layer, never descending to the ground. This POKéMON appears to feed on water and particles in the atmosphere.'),(385,'Jirachi','Steel','Psychic',100,100,100,100,100,100,_binary '','A legend states that JIRACHI will make true any wish that is written on notes attached to its head when it awakens. If this POKéMON senses danger, it will fight without awakening.'),(386,'Deoxys','Psychic','',50,150,50,150,50,150,_binary '','The DNA of a space virus underwent a sudden mutation upon exposure to a laser beam and resulted in DEOXYS. The crystalline organ on this POKéMON’s chest appears to be its brain.'),(387,'Turtwig','Grass','',55,68,64,45,55,31,_binary '\0','Made from soil, the shell on its back hardens when it drinks water. It lives along lakes.'),(388,'Grotle','Grass','',75,89,85,55,65,36,_binary '\0','It knows where pure water wells up. It carries fellow Pokémon there on its back.'),(389,'Torterra','Grass','Ground',95,109,105,75,85,56,_binary '\0','Small Pokémon occasionally gather on its unmoving back to begin building their nests.'),(390,'Chimchar','Fire','',44,58,44,58,44,61,_binary '\0','It agilely scales sheer cliffs to live atop craggy mountains. Its fire is put out when it sleeps.'),(391,'Monferno','Fire','Fighting',64,78,52,78,52,81,_binary '\0','To intimidate attackers, it stretches the fire on its tail to make itself appear bigger.'),(392,'Infernape','Fire','Fighting',76,104,71,104,71,108,_binary '\0','It uses a special kind of martial arts involving all its limbs. Its fire never goes out.'),(393,'Piplup','Water','',53,51,53,61,56,40,_binary '\0','Because it is very proud, it hates accepting food from people. Its thick down guards it from cold.'),(394,'Prinplup','Water','',64,66,68,81,76,50,_binary '\0','It lives alone, away from others. Apparently, every one of them believes it is the most important.'),(395,'Empoleon','Water','Steel',84,86,88,111,101,60,_binary '\0','The three horns that extend from its beak attest to its power. The leader has the biggest horns.'),(396,'Starly','Normal','Flying',40,55,30,30,30,60,_binary '\0','They flock in great numbers. Though small, they flap their wings with great power.'),(397,'Staravia','Normal','Flying',55,75,50,40,40,80,_binary '\0','It flies around forests and fields in search of bug Pokémon. It stays within a huge flock.'),(398,'Staraptor','Normal','Flying',85,120,70,50,60,100,_binary '\0','It has a savage nature. It will courageously challenge foes that are much larger.'),(399,'Bidoof','Normal','',59,45,40,35,40,31,_binary '\0','With nerves of steel, nothing can perturb it. It is more agile and active than it appears.'),(400,'Bibarel','Normal','Water',79,85,60,55,60,71,_binary '\0','It makes its nest by damming streams with bark and mud. It is known as an industrious worker.'),(401,'Kricketot','Bug','',37,25,41,25,41,25,_binary '\0','It shakes its head back to front, causing its antennae to hit each other and sound like a xylophone.'),(402,'Kricketune','Bug','',77,85,51,55,51,65,_binary '\0','It crosses its knifelike arms in front of its chest when it cries. It can compose melodies ad lib.'),(403,'Shinx','Electric','',45,65,34,40,34,45,_binary '\0','All of its fur dazzles if danger is sensed. It flees while the foe is momentarily blinded.'),(404,'Luxio','Electric','',60,85,49,60,49,60,_binary '\0','Its claws loose electricity with enough amperage to cause fainting. They live in small groups.'),(405,'Luxray','Electric','',80,120,79,95,79,70,_binary '\0','It has eyes that can see through anything. It spots and captures prey hiding behind objects.'),(406,'Budew','Grass','Poison',40,30,35,50,70,55,_binary '\0','Over the winter, it closes its bud and endures the cold. In spring, the bud opens and releases pollen.'),(407,'Roserade','Grass','Poison',60,70,65,125,105,90,_binary '\0','It attracts prey with a sweet aroma, then downs it with thorny whips hidden in its arms.'),(408,'Cranidos','Rock','',67,125,40,30,30,58,_binary '\0','It lived in jungles around 100 million years ago. Its skull is as hard as iron.'),(409,'Rampardos','Rock','',97,165,60,65,50,58,_binary '\0','Its powerful head butt has enough power to shatter even the most durable things upon impact.'),(410,'Shieldon','Rock','Steel',30,42,118,42,88,30,_binary '\0','A Pokémon that lived in jungles around 100 million years ago. Its facial hide is extremely hard.'),(411,'Bastiodon','Rock','Steel',60,52,168,47,138,30,_binary '\0','Any frontal attack is repulsed. It is a docile Pokémon that feeds on grass and berries.'),(412,'Burmy','Bug','',40,29,45,29,45,36,_binary '\0','To shelter itself from cold, wintry winds, it covers itself with a cloak made of twigs and leaves.'),(413,'Wormadam','Bug','Grass',60,59,85,79,105,36,_binary '\0','When BURMY evolved, its cloak became a part of this Pokémon’s body. The cloak is never shed.'),(414,'Mothim','Bug','Flying',70,94,50,94,50,66,_binary '\0','It loves the honey of flowers and steals honey collected by COMBEE.'),(415,'Combee','Bug','Flying',30,30,42,30,42,70,_binary '\0','A Pokémon formed by three others. It busily carries sweet floral honey to VESPIQUEN.'),(416,'Vespiquen','Bug','Flying',70,80,102,80,102,40,_binary '\0','Its abdomen is a honeycomb for grubs. It raises its grubs on honey collected by COMBEE.'),(417,'Pachirisu','Electric','',60,45,70,45,90,95,_binary '\0','It makes fur balls that crackle with static electricity. It stores them with berries in tree holes.'),(418,'Buizel','Water','',55,65,35,60,30,85,_binary '\0','It has a flotation sac that is like an inflatable collar. It floats on water with its head out.'),(419,'Floatzel','Water','',85,105,55,85,50,115,_binary '\0','It floats using its well-developed flotation sac. It assists in the rescues of drowning people.'),(420,'Cherubi','Grass','',45,35,45,62,53,35,_binary '\0','The small ball holds the nutrients needed for evolution. Apparently, it is very sweet and tasty.'),(421,'Cherrim','Grass','',70,60,70,87,78,85,_binary '\0','It blooms during times of strong sunlight. It tries to make up for everything it endured as a bud.'),(422,'Shellos','Water','',76,48,48,57,62,34,_binary '\0','Its colors and shapes differ from region to region. In the Sinnoh region, two types are confirmed.'),(423,'Gastrodon','Water','Ground',111,83,68,92,82,39,_binary '\0','It has a pliable body without any bones. If any part of its body is torn off, it grows right back.'),(424,'Ambipom','Normal','',75,100,66,60,66,115,_binary '\0','To eat, it deftly shucks nuts with its two tails. It rarely uses its arms now.'),(425,'Drifloon','Ghost','Flying',90,50,34,60,44,70,_binary '\0','A Pokémon formed by the spirits of people and Pokémon. It loves damp, humid seasons.'),(426,'Drifblim','Ghost','Flying',150,80,44,90,54,80,_binary '\0','At dusk, swarms of them are carried aloft on winds. When noticed, they suddenly vanish.'),(427,'Buneary','Normal','',55,66,44,44,56,85,_binary '\0','It slams foes by sharply uncoiling its rolled ears. It stings enough to make a grown-up cry in pain.'),(428,'Lopunny','Normal','',65,76,84,54,96,105,_binary '\0','An extremely cautious Pokémon. It cloaks its body with its fluffy ear fur when it senses danger.'),(429,'Mismagius','Ghost','',60,60,60,105,105,105,_binary '\0','Its cries sound like incantations. Those hearing it are tormented by headaches and hallucinations.'),(430,'Honchkrow','Dark','Flying',100,125,52,105,52,71,_binary '\0','Becoming active at night, it is known to swarm with numerous MURKROW in tow.'),(431,'Glameow','Normal','',49,55,42,42,37,85,_binary '\0','It claws if displeased and purrs when affectionate. Its fickleness is very popular among some.'),(432,'Purugly','Normal','',71,82,64,64,59,112,_binary '\0','It is a brazen brute that barges its way into another Pokémon’s nest and claims it as its own.'),(433,'Chingling','Psychic','',45,30,50,65,50,45,_binary '\0','It emits cries by agitating an orb at the back of its throat. It moves with flouncing hops.'),(434,'Stunky','Poison','Dark',63,63,47,41,41,74,_binary '\0','It protects itself by spraying a noxious fluid from its rear. The stench lingers for 24 hours.'),(435,'Skuntank','Poison','Dark',103,93,67,71,61,84,_binary '\0','It sprays a vile-smelling fluid from the tip of its tail to attack. Its range is over 160 feet.'),(436,'Bronzor','Steel','Psychic',57,24,86,24,86,23,_binary '\0','Implements shaped like it were discovered in ancient tombs. It is unknown if they are related.'),(437,'Bronzong','Steel','Psychic',67,89,116,79,116,33,_binary '\0','One caused a news sensation when it was dug up at a construction site after a 2,000-year sleep.'),(438,'Bonsly','Rock','',50,80,95,10,45,10,_binary '\0','It looks as if it is always crying. It is actually adjusting its body’s fluid levels by eliminating excess.'),(439,'Mime Jr.','Psychic','Fairy',20,25,45,70,90,60,_binary '\0','It habitually mimics foes. Once mimicked, the foe cannot take its eyes off this Pokémon.'),(440,'Happiny','Normal','',100,5,5,15,65,30,_binary '\0','It loves round white things. It carries an egg-shaped rock in imitation of CHANSEY.'),(441,'Chatot','Normal','Flying',76,65,45,92,42,91,_binary '\0','It can learn and speak human words. If they gather, they all learn the same saying.'),(442,'Spiritomb','Ghost','Dark',50,92,108,92,108,35,_binary '\0','A Pokémon that was formed by 108 spirits. It is bound to a fissure in an odd keystone.'),(443,'Gible','Dragon','Ground',58,70,45,40,45,42,_binary '\0','It nests in small, horizontal holes in cave walls. It pounces to catch prey that stray too close.'),(444,'Gabite','Dragon','Ground',68,90,65,50,55,82,_binary '\0','There is a long-held belief that medicine made from its scales will heal even incurable illnesses.'),(445,'Garchomp','Dragon','Ground',108,130,95,80,85,102,_binary '\0','When it folds up its body and extends its wings, it looks like a jet plane. It flies at sonic speed.'),(446,'Munchlax','Normal','',135,85,40,40,85,5,_binary '\0','It wolfs down its weight in food once a day, swallowing food whole with almost no chewing.'),(447,'Riolu','Fighting','',40,70,40,35,40,60,_binary '\0','The aura that emanates from its body intensifies to alert others if it is afraid or sad.'),(448,'Lucario','Fighting','Steel',70,110,70,115,70,90,_binary '\0','It has the ability to sense the auras of all things. It understands human speech.'),(449,'Hippopotas','Ground','',68,72,78,38,42,32,_binary '\0','It lives in arid places. Instead of perspiration, it expels grainy sand from its body.'),(450,'Hippowdon','Ground','',108,112,118,68,72,47,_binary '\0','It blasts internally stored sand from ports on its body to create a towering twister for attack.'),(451,'Skorupi','Poison','Bug',40,50,90,30,55,65,_binary '\0','It grips prey with its tail claws and injects poison. It tenaciously hangs on until the poison takes.'),(452,'Drapion','Poison','Dark',70,90,110,60,75,95,_binary '\0','It has the power in its clawed arms to make scrap of a car. The tips of its claws release poison.'),(453,'Croagunk','Poison','Fighting',48,61,40,61,40,50,_binary '\0','Its cheeks hold poison sacs. It tries to catch foes off guard to jab them with toxic fingers.'),(454,'Toxicroak','Poison','Fighting',83,106,65,86,65,85,_binary '\0','Its knuckle claws secrete a toxin so vile that even a scratch could prove fatal.'),(455,'Carnivine','Grass','',74,100,72,90,72,46,_binary '\0','It attracts prey with its sweet- smelling saliva, then chomps down. It takes a whole day to eat prey.'),(456,'Finneon','Water','',49,49,56,49,61,66,_binary '\0','After long exposure to sunlight, the patterns on its tail fins shine vividly when darkness arrives.'),(457,'Lumineon','Water','',69,69,76,69,86,91,_binary '\0','It lives on the deep-sea floor. It attracts prey by flashing the patterns on its four tail fins.'),(458,'Mantyke','Water','Flying',45,20,50,60,120,50,_binary '\0','A friendly Pokémon that captures the subtle flows of seawater using its two antennae.'),(459,'Snover','Grass','Ice',60,62,50,62,60,40,_binary '\0','It lives on snowy mountains. Having had little contact with humans, it is boldly inquisitive.'),(460,'Abomasnow','Grass','Ice',90,92,75,92,85,60,_binary '\0','It whips up blizzards in mountains that are always buried in snow. It is the abominable snowman.'),(461,'Weavile','Dark','Ice',70,120,65,45,85,125,_binary '\0','They live in cold regions, forming groups of four or five that hunt prey with impressive coordination.'),(462,'Magnezone','Electric','Steel',70,70,115,130,90,60,_binary '\0','It evolved from exposure to a special magnetic field. Three units generate magnetism.'),(463,'Lickilicky','Normal','',110,85,95,80,95,50,_binary '\0','It wraps things with its extensible tongue. Getting too close to it will leave you soaked with drool.'),(464,'Rhyperior','Ground','Rock',115,140,130,55,55,40,_binary '\0','It puts rocks in holes in its palms and uses its muscles to shoot them. GEODUDE are shot at rare times.'),(465,'Tangrowth','Grass','',100,100,125,110,50,50,_binary '\0','It ensnares prey by extending arms made of vines. Losing arms to predators does not trouble it.'),(466,'Electivire','Electric','',75,123,67,95,85,95,_binary '\0','As its electric charge amplifies, blue sparks begin to crackle between its horns.'),(467,'Magmortar','Fire','',75,95,67,125,95,83,_binary '\0','It blasts fireballs of over 3,600 degrees F from the ends of its arms. It lives in volcanic craters.'),(468,'Togekiss','Fairy','Flying',85,50,95,120,115,80,_binary '\0','It will never appear where there is strife. Its sightings have become rare recently.'),(469,'Yanmega','Bug','Flying',86,76,86,116,56,95,_binary '\0','By churning its wings, it creates shock waves that inflict critical internal injuries to foes.'),(470,'Leafeon','Grass','',65,110,130,60,65,95,_binary '\0','Just like a plant, it uses photosynthesis. As a result, it is always enveloped in clear air.'),(471,'Glaceon','Ice','',65,60,110,130,95,65,_binary '\0','As a protective technique, it can completely freeze its fur to make its hairs stand like needles.'),(472,'Gliscor','Ground','Flying',75,95,125,45,75,95,_binary '\0','It observes prey while hanging inverted from branches. When the chance presents itself, it swoops!'),(473,'Mamoswine','Ice','Ground',110,130,80,70,60,80,_binary '\0','Its impressive tusks are made of ice. The population thinned when it turned warm after the ice age.'),(474,'Porygon-Z','Normal','',85,80,70,135,75,90,_binary '\0','Additional software was installed to make it a better Pokémon. It began acting oddly, however.'),(475,'Gallade','Psychic','Fighting',68,125,65,65,115,80,_binary '\0','A master of courtesy and swordsmanship, it fights using extending swords on its elbows.'),(476,'Probopass','Rock','Steel',60,55,145,75,150,40,_binary '\0','It freely controls three small units called Mini-Noses using magnetic force.'),(477,'Dusknoir','Ghost','',45,100,135,65,135,45,_binary '\0','The antenna on its head captures radio waves from the world of spirits that command it to take people there.'),(478,'Froslass','Ice','Ghost',70,80,70,80,70,110,_binary '\0','It freezes foes with an icy breath nearly -60 degrees F. What seems to be its body is actually hollow.'),(479,'Rotom','Electric','Ghost',50,50,77,95,77,91,_binary '\0','Its body is composed of plasma. It is known to infiltrate electronic devices and wreak havoc.'),(480,'Uxie','Psychic','',75,75,130,75,130,95,_binary '','Known as “The Being of Knowledge.” It is said that it can wipe out the memory of those who see its eyes.'),(481,'Mesprit','Psychic','',80,105,105,105,105,80,_binary '','Known as “The Being of Emotion.” It taught humans the nobility of sorrow, pain, and joy.'),(482,'Azelf','Psychic','',75,125,70,125,70,115,_binary '','Known as “The Being of Willpower.” It sleeps at the bottom of a lake to keep the world in balance.'),(483,'Dialga','Steel','Dragon',100,120,120,150,100,90,_binary '','It has the power to control time. It appears in Sinnoh-region myths as an ancient deity.'),(484,'Palkia','Water','Dragon',90,120,100,150,120,100,_binary '','It has the ability to distort space. It is described as a deity in Sinnoh-region mythology.'),(485,'Heatran','Fire','Steel',91,90,106,130,106,77,_binary '','It dwells in volcanic caves. It digs in with its cross-shaped feet to crawl on ceilings and walls.'),(486,'Regigigas','Normal','',110,160,110,80,110,100,_binary '','There is an enduring legend that states this Pokémon towed continents with ropes.'),(487,'Giratina','Ghost','Dragon',150,100,120,100,120,90,_binary '','A Pokémon that is said to live in a world on the reverse side of ours. It appears in an ancient cemetery.'),(488,'Cresselia','Psychic','',120,70,120,75,130,85,_binary '\0','Shiny particles are released from its wings like a veil. It is said to represent the crescent moon.'),(489,'Phione','Water','',80,80,80,80,80,80,_binary '\0','It drifts in warm seas. It always returns to where it was born, no matter how far it may have drifted.'),(490,'Manaphy','Water','',100,100,100,100,100,100,_binary '\0','Born on a cold seafloor, it will swim great distances to return to its birthplace.'),(491,'Darkrai','Dark','',70,90,90,135,90,125,_binary '','It can lull people to sleep and make them dream. It is active during nights of the new moon.'),(492,'Shaymin','Grass','',100,100,100,100,100,100,_binary '','It lives in flower patches and avoids detection by curling up to look like a flowering plant.'),(493,'Arceus','Normal','',120,120,120,120,120,120,_binary '','It is described in mythology as the Pokémon that shaped the universe with its 1,000 arms.'),(494,'Victini','Psychic','Fire',100,100,100,100,100,100,_binary '','This Pokémon brings victory. It is said that Trainers with Victini always win, regardless of the type of encounter.'),(495,'Snivy','Grass','',45,45,55,45,55,63,_binary '\0','It is very intelligent and calm. Being exposed to lots of sunlight makes its movements swifter.'),(496,'Servine','Grass','',60,60,75,60,75,83,_binary '\0','It moves along the ground as if sliding. Its swift movements befuddle its foes, and it then attacks with a vine whip.'),(497,'Serperior','Grass','',75,75,95,75,95,113,_binary '\0','It can stop its opponents’ movements with just a glare. It takes in solar energy and boosts it internally.'),(498,'Tepig','Fire','',65,63,45,45,45,45,_binary '\0','It can deftly dodge its foe’s attacks while shooting fireballs from its nose. It roasts berries before it eats them.'),(499,'Pignite','Fire','Fighting',90,93,55,70,55,55,_binary '\0','When its internal fire flares up, its movements grow sharper and faster. When in trouble, it emits smoke.'),(500,'Emboar','Fire','Fighting',110,123,65,100,65,65,_binary '\0','It can throw a fire punch by setting its fists on fire with its fiery chin. It cares deeply about its friends.'),(501,'Oshawott','Water','',55,55,45,63,45,45,_binary '\0','It fights using the scalchop on its stomach. In response to an attack, it retaliates immediately by slashing.'),(502,'Dewott','Water','',75,75,60,83,60,60,_binary '\0','Strict training is how it learns its flowing double-scalchop technique.'),(503,'Samurott','Water','',95,100,85,108,70,70,_binary '\0','One swing of the sword incorporated in its armor can fell an opponent. A simple glare from one of them quiets everybody.'),(504,'Patrat','Normal','',45,55,39,35,39,42,_binary '\0','Using food stored in cheek pouches, they can keep watch for days. They use their tails to communicate with others.'),(505,'Watchog','Normal','',60,85,69,60,69,77,_binary '\0','When they see an enemy, their tails stand high, and they spit the seeds of berries stored in their cheek pouches.'),(506,'Lillipup','Normal','',45,60,45,25,45,55,_binary '\0','It faces strong opponents with great courage. But, when at a disadvantage in a fight, this intelligent Pokémon flees.'),(507,'Herdier','Normal','',65,80,65,35,65,60,_binary '\0','It has black, cape-like fur that is very hard and decreases the amount of damage it receives.'),(508,'Stoutland','Normal','',85,110,90,45,90,80,_binary '\0','It rescues people stranded by blizzards in the mountains. Its shaggy fur shields it from the cold.'),(509,'Purrloin','Dark','',41,50,37,50,37,66,_binary '\0','They steal from people for fun, but their victims can’t help but forgive them. Their deceptively cute act is perfect.'),(510,'Liepard','Dark','',64,88,50,88,50,106,_binary '\0','These Pokémon vanish and appear unexpectedly. Many Trainers are drawn to their beautiful form and fur.'),(511,'Pansage','Grass','',50,53,48,53,48,64,_binary '\0','This Pokémon dwells deep in the forest. Eating a leaf from its head whisks weariness away as if by magic.'),(512,'Simisage','Grass','',75,98,63,98,63,101,_binary '\0','Ill tempered, it fights by swinging its barbed tail around wildly. The leaf growing on its head is very bitter.'),(513,'Pansear','Fire','',50,53,48,53,48,64,_binary '\0','When it is angered, the temperature of its head tuft reaches 600° F. It uses its tuft to roast berries.'),(514,'Simisear','Fire','',75,98,63,98,63,101,_binary '\0','It loves sweets because they become energy for the fire burning inside its body.'),(515,'Panpour','Water','',50,53,48,53,48,64,_binary '\0','The water stored inside the tuft on its head is full of nutrients. Plants that receive its water grow large.'),(516,'Simipour','Water','',75,98,63,98,63,101,_binary '\0','The tuft on its head holds water. When the level runs low, it replenishes the tuft by siphoning up water with its tail.'),(517,'Munna','Psychic','',76,25,45,67,55,24,_binary '\0','Munna always float in the air. People whose dreams are eaten by them forget what the dreams had been about.'),(518,'Musharna','Psychic','',116,55,85,107,95,29,_binary '\0','The mist emanating from their foreheads is packed with the dreams of people and Pokémon.'),(519,'Pidove','Normal','Flying',50,55,50,36,30,43,_binary '\0','Each follows its Trainer’s orders as best it can, but they sometimes fail to understand complicated commands.'),(520,'Tranquill','Normal','Flying',62,77,62,50,42,65,_binary '\0','It can return to its Trainer’s location regardless of the distance separating them.'),(521,'Unfezant','Normal','Flying',80,115,80,65,55,93,_binary '\0','Males swing their head plumage to threaten opponents. The females’ flying abilities surpass those of the males.'),(522,'Blitzle','Electric','',45,60,32,50,32,76,_binary '\0','When thunderclouds cover the sky, it will appear. It can catch lightning with its mane and store the electricity.'),(523,'Zebstrika','Electric','',75,100,63,80,63,116,_binary '\0','They have lightning-like movements. When Zebstrika run at full speed, the sound of thunder reverberates.'),(524,'Roggenrola','Rock','',55,75,85,25,25,15,_binary '\0','Its ear is hexagonal in shape. Compressed underground, its body is as hard as steel.'),(525,'Boldore','Rock','',70,105,105,50,40,20,_binary '\0','When it overflows with power, the orange crystal on its body glows. It looks for underground water in caves.'),(526,'Gigalith','Rock','',85,135,130,60,80,25,_binary '\0','Compressing the energy from its internal core lets it fire off an attack capable of blowing away a mountain.'),(527,'Woobat','Psychic','Flying',55,45,43,55,43,72,_binary '\0','Its habitat is dark forests and caves. It emits ultrasonic waves from its nose to learn about its surroundings.'),(528,'Swoobat','Psychic','Flying',67,57,55,77,55,114,_binary '\0','It emits sound waves of various frequencies from its nose, including some powerful enough to destroy rocks.'),(529,'Drilbur','Ground','',60,85,40,30,45,68,_binary '\0','It can dig through the ground at a speed of 30 mph. It could give a car running aboveground a good race.'),(530,'Excadrill','Ground','Steel',110,135,60,50,65,88,_binary '\0','It can help in tunnel construction. Its drill has evolved into steel strong enough to bore through iron plates.'),(531,'Audino','Normal','',103,60,86,60,86,50,_binary '\0','It touches others with the feelers on its ears, using the sound of their heartbeats to tell how they are feeling.'),(532,'Timburr','Fighting','',75,80,55,25,35,35,_binary '\0','It fights by swinging a piece of lumber around. It is close to evolving when it can handle the lumber without difficulty.'),(533,'Gurdurr','Fighting','',85,105,85,40,50,40,_binary '\0','This Pokémon is so muscular and strongly built that even a group of wrestlers could not make it budge an inch.'),(534,'Conkeldurr','Fighting','',105,140,95,55,65,45,_binary '\0','It is thought that Conkeldurr taught humans how to make concrete more than 2,000 years ago.'),(535,'Tympole','Water','',50,50,40,50,40,64,_binary '\0','They warn others of danger by vibrating their cheeks to create a high-pitched sound.'),(536,'Palpitoad','Water','Ground',75,65,55,65,55,69,_binary '\0','When they vibrate the bumps on their heads, they can make waves in water or earthquake-like vibrations on land.'),(537,'Seismitoad','Water','Ground',105,95,75,85,75,74,_binary '\0','They shoot paralyzing liquid from their head bumps. They use vibration to hurt their opponents.'),(538,'Throh','Fighting','',120,100,85,30,85,45,_binary '\0','When it tightens its belt, it becomes stronger. Wild Throh use vines to weave their own belts.'),(539,'Sawk','Fighting','',75,125,75,30,75,85,_binary '\0','The sound of Sawk punching boulders and trees can be heard all the way from the mountains where they train.'),(540,'Sewaddle','Bug','Grass',45,53,70,40,60,42,_binary '\0','Leavanny dress it in clothes they made for it when it hatched. It hides its head in its hood while it is sleeping.'),(541,'Swadloon','Bug','Grass',55,63,90,50,80,42,_binary '\0','Forests where Swadloon live have superb foliage because the nutrients they make from fallen leaves nourish the plant life.'),(542,'Leavanny','Bug','Grass',75,103,80,70,80,92,_binary '\0','Upon finding a small Pokémon, it weaves clothing for it from leaves, using the cutters on its arms and sticky silk.'),(543,'Venipede','Bug','Poison',30,45,59,30,39,57,_binary '\0','Its bite injects a potent poison, enough to paralyze large bird Pokémon that try to prey on it.'),(544,'Whirlipede','Bug','Poison',40,55,99,40,79,47,_binary '\0','Protected by a hard shell, it spins its body like a wheel and crashes furiously into its enemies.'),(545,'Scolipede','Bug','Poison',60,100,89,55,69,112,_binary '\0','With quick movements, it chases down its foes, attacking relentlessly with its horns until it prevails.'),(546,'Cottonee','Grass','Fairy',40,27,60,37,50,66,_binary '\0','When attacked, it escapes by shooting cotton from its body. The cotton serves as a decoy to distract the attacker.'),(547,'Whimsicott','Grass','Fairy',60,67,85,77,75,116,_binary '\0','Like the wind, it can slip through any gap, no matter how small. It leaves balls of white fluff behind.'),(548,'Petilil','Grass','',45,35,50,70,50,30,_binary '\0','The leaves on its head are very bitter. Eating one of these leaves is known to refresh a tired body.'),(549,'Lilligant','Grass','',70,60,75,110,75,90,_binary '\0','Even veteran Trainers face a challenge in getting its beautiful flower to bloom. This Pokémon is popular with celebrities.'),(550,'Basculin','Water','',70,92,65,80,55,98,_binary '\0','Red and blue Basculin get along so poorly, they’ll start fighting instantly. These Pokémon are very hostile.'),(551,'Sandile','Ground','Dark',50,72,35,35,35,65,_binary '\0','They live buried in the sands of the desert. The sun-warmed sands prevent their body temperature from dropping.'),(552,'Krokorok','Ground','Dark',60,82,45,45,45,74,_binary '\0','They live in groups of a few individuals. Protective membranes shield their eyes from sandstorms.'),(553,'Krookodile','Ground','Dark',95,117,80,65,70,92,_binary '\0','They never allow prey to escape. Their jaws are so powerful, they can crush the body of an automobile.'),(554,'Darumaka','Fire','',70,90,45,15,45,50,_binary '\0','When its internal fire is burning, it cannot calm down and it runs around. When the fire diminishes, it falls asleep.'),(555,'Darmanitan','Fire','',105,140,55,30,55,95,_binary '\0','Its internal fire burns at 2,500° F, making enough power that it can destroy a dump truck with one punch.'),(556,'Maractus','Grass','',75,86,67,106,67,60,_binary '\0','It uses an up-tempo song and dance to drive away the bird Pokémon that prey on its flower seeds.'),(557,'Dwebble','Bug','Rock',50,65,85,35,35,55,_binary '\0','This Pokémon can easily melt holes in hard rocks with a liquid secreted from its mouth.'),(558,'Crustle','Bug','Rock',70,95,125,65,75,45,_binary '\0','Competing for territory, Crustle fight viciously. The one whose boulder is broken is the loser of the battle.'),(559,'Scraggy','Dark','Fighting',50,75,70,35,70,48,_binary '\0','Its skin has a rubbery elasticity, so it can reduce damage by defensively pulling its skin up to its neck.'),(560,'Scrafty','Dark','Fighting',65,90,115,45,115,58,_binary '\0','Groups of them beat up anything that enters their territory. Each can spit acidic liquid from its mouth.'),(561,'Sigilyph','Psychic','Flying',72,58,80,103,80,97,_binary '\0','They never vary the route they fly, because their memories of guarding an ancient city remain steadfast.'),(562,'Yamask','Ghost','',38,30,85,55,65,30,_binary '\0','Each of them carries a mask that used to be its face when it was human. Sometimes they look at it and cry.'),(563,'Cofagrigus','Ghost','',58,50,145,95,105,30,_binary '\0','It has been said that they swallow those who get too close and turn them into mummies. They like to eat gold nuggets.'),(564,'Tirtouga','Water','Rock',54,78,103,53,45,22,_binary '\0','Restored from a fossil, this Pokémon can dive to depths beyond half a mile.'),(565,'Carracosta','Water','Rock',74,108,133,83,65,32,_binary '\0','They can live both in the ocean and on land. A slap from one of them is enough to open a hole in the bottom of a tanker.'),(566,'Archen','Rock','Flying',55,112,45,74,45,70,_binary '\0','Said to be an ancestor of bird Pokémon, they were unable to fly and moved about by hopping from one branch to another.'),(567,'Archeops','Rock','Flying',75,140,65,112,65,110,_binary '\0','They are intelligent and will cooperate to catch prey. From the ground, they use a running start to take flight.'),(568,'Trubbish','Poison','',50,50,62,40,62,65,_binary '\0','Inhaling the gas they belch will make you sleep for a week. They prefer unsanitary places.'),(569,'Garbodor','Poison','',80,95,82,60,82,75,_binary '\0','It clenches opponents with its left arm and finishes them off with foul-smelling poison gas belched from its mouth.'),(570,'Zorua','Dark','',40,65,40,80,40,65,_binary '\0','It changes into the forms of others to surprise them. Apparently, it often transforms into a silent child.'),(571,'Zoroark','Dark','',60,105,60,120,60,105,_binary '\0','Bonds between these Pokémon are very strong. It protects the safety of its pack by tricking its opponents.'),(572,'Minccino','Normal','',55,50,40,40,40,75,_binary '\0','They greet one another by rubbing each other with their tails, which are always kept well groomed and clean.'),(573,'Cinccino','Normal','',75,95,60,65,60,115,_binary '\0','Their white fur is coated in a special oil that makes it easy for them to deflect attacks.'),(574,'Gothita','Psychic','',45,30,50,55,65,45,_binary '\0','Their ribbonlike feelers increase their psychic power. They are always staring at something.'),(575,'Gothorita','Psychic','',60,45,70,75,85,55,_binary '\0','They use hypnosis to control people and Pokémon. Tales of Gothorita leading people astray are told in every corner.'),(576,'Gothitelle','Psychic','',70,55,95,95,110,65,_binary '\0','Starry skies thousands of light-years away are visible in the space distorted by their intense psychic power.'),(577,'Solosis','Psychic','',45,30,40,105,50,20,_binary '\0','They drive away attackers by unleashing psychic power. They can use telepathy to talk with others.'),(578,'Duosion','Psychic','',65,40,50,125,60,30,_binary '\0','Since they have two divided brains, at times they suddenly try to take two different actions at once.'),(579,'Reuniclus','Psychic','',110,65,75,125,85,30,_binary '\0','When Reuniclus shake hands, a network forms between their brains, increasing their psychic power.'),(580,'Ducklett','Water','Flying',62,44,50,44,50,55,_binary '\0','These bird Pokémon are excellent divers. They swim around in the water eating their favorite food--peat moss.'),(581,'Swanna','Water','Flying',75,87,63,87,63,98,_binary '\0','Swanna start to dance at dusk. The one dancing in the middle is the leader of the flock.'),(582,'Vanillite','Ice','',36,50,50,65,60,44,_binary '\0','The temperature of their breath is -58° F. They create snow crystals and make snow fall in the areas around them.'),(583,'Vanillish','Ice','',51,65,65,80,75,59,_binary '\0','Snowy mountains are this Pokémon’s habitat. During an ancient ice age, they moved to southern areas.'),(584,'Vanilluxe','Ice','',71,95,85,110,95,79,_binary '\0','Swallowing large amounts of water, they make snow clouds inside their bodies and attack their foes with violent blizzards.'),(585,'Deerling','Normal','Grass',60,60,50,40,50,75,_binary '\0','The color and scent of their fur changes to match the mountain grass. When they sense hostility, they hide in the grass.'),(586,'Sawsbuck','Normal','Grass',80,100,70,60,70,95,_binary '\0','They migrate according to the seasons. People can tell the season by looking at Sawsbuck’s horns.'),(587,'Emolga','Electric','Flying',55,75,60,75,60,103,_binary '\0','The energy made in its cheeks’ electric pouches is stored inside its membrane and released while it is gliding.'),(588,'Karrablast','Bug','',50,75,45,40,45,60,_binary '\0','These mysterious Pokémon evolve when they receive electrical stimulation while they are in the same place as Shelmet.'),(589,'Escavalier','Bug','Steel',70,135,105,60,105,20,_binary '\0','They fly around at high speed, striking with their pointed spears. Even when in trouble, they face opponents bravely.'),(590,'Foongus','Grass','Poison',69,55,45,55,55,15,_binary '\0','It lures people in with its Poké Ball pattern, then releases poison spores. Why it resembles a Poké Ball is unknown.'),(591,'Amoonguss','Grass','Poison',114,85,70,85,80,30,_binary '\0','It lures prey close by dancing and waving its arm caps, which resemble Poké Balls, in a swaying motion.'),(592,'Frillish','Water','Ghost',55,40,50,65,85,40,_binary '\0','With its thin, veil-like arms wrapped around the body of its opponent, it sinks to the ocean floor.'),(593,'Jellicent','Water','Ghost',100,60,70,85,105,60,_binary '\0','The fate of the ships and crew that wander into Jellicent’s habitat: all sunken, all lost, all vanished.'),(594,'Alomomola','Water','',165,75,80,40,45,65,_binary '\0','The special membrane enveloping Alomomola has the ability to heal wounds.'),(595,'Joltik','Bug','Electric',50,47,50,57,50,65,_binary '\0','Joltik that live in cities have learned a technique for sucking electricity from the outlets in houses.'),(596,'Galvantula','Bug','Electric',70,77,60,97,60,108,_binary '\0','When attacked, they create an electric barrier by spitting out many electrically charged threads.'),(597,'Ferroseed','Grass','Steel',44,50,91,24,86,10,_binary '\0','When threatened, it attacks by shooting a barrage of spikes, which gives it a chance to escape by rolling away.'),(598,'Ferrothorn','Grass','Steel',74,94,131,54,116,20,_binary '\0','It fights by swinging around its three spiky feelers. A hit from these steel spikes can reduce a boulder to rubble.'),(599,'Klink','Steel','',40,55,70,45,60,30,_binary '\0','The two minigears that mesh together are predetermined. Each will rebound from other minigears without meshing.'),(600,'Klang','Steel','',60,80,95,70,85,50,_binary '\0','By changing the direction in which it rotates, it communicates its feelings to others. When angry, it rotates faster.'),(601,'Klinklang','Steel','',60,100,115,70,85,90,_binary '\0','The gear with the red core is rotated at high speed for a rapid energy charge.'),(602,'Tynamo','Electric','',35,55,40,45,40,60,_binary '\0','While one alone doesn’t have much power, a chain of many Tynamo can be as powerful as lightning.'),(603,'Eelektrik','Electric','',65,85,70,75,70,40,_binary '\0','They coil around foes and shock them with electricity-generating organs that seem simply to be circular patterns.'),(604,'Eelektross','Electric','',85,115,80,105,80,50,_binary '\0','They crawl out of the ocean using their arms. They will attack prey on shore and immediately drag it into the ocean.'),(605,'Elgyem','Psychic','',55,55,55,85,55,30,_binary '\0','It uses its strong psychic power to squeeze its opponent’s brain, causing unendurable headaches.'),(606,'Beheeyem','Psychic','',75,75,75,125,95,40,_binary '\0','It can manipulate an opponent’s memory. Apparently, it communicates by flashing its three different-colored fingers.'),(607,'Litwick','Ghost','Fire',50,30,55,65,55,20,_binary '\0','Litwick shines a light that absorbs the life energy of people and Pokémon, which becomes the fuel that it burns.'),(608,'Lampent','Ghost','Fire',60,40,60,95,60,55,_binary '\0','This ominous Pokémon is feared. Through cities it wanders, searching for the spirits of the fallen.'),(609,'Chandelure','Ghost','Fire',60,55,90,145,90,80,_binary '\0','It absorbs a spirit, which it then burns. By waving the flames on its arms, it puts its foes into a hypnotic trance.'),(610,'Axew','Dragon','',46,87,60,30,40,57,_binary '\0','They use their tusks to crush the berries they eat. Repeated regrowth makes their tusks strong and sharp.'),(611,'Fraxure','Dragon','',66,117,70,40,50,67,_binary '\0','Since a broken tusk will not grow back, they diligently sharpen their tusks on river rocks after they’ve been fighting.'),(612,'Haxorus','Dragon','',76,147,90,60,70,97,_binary '\0','They are kind but can be relentless when defending territory. They challenge foes with tusks that can cut steel.'),(613,'Cubchoo','Ice','',55,70,40,60,40,40,_binary '\0','When it is not feeling well, its mucus gets watery and the power of its Ice-type moves decreases.'),(614,'Beartic','Ice','',95,110,80,70,80,50,_binary '\0','It can make its breath freeze at will. Very able in the water, it swims around in northern seas and catches prey.'),(615,'Cryogonal','Ice','',70,50,30,95,135,105,_binary '\0','When its body temperature goes up, it turns into steam and vanishes. When its temperature lowers, it returns to ice.'),(616,'Shelmet','Bug','',50,40,85,40,65,25,_binary '\0','When attacked, it defends itself by closing the lid of its shell. It can spit a sticky, poisonous liquid.'),(617,'Accelgor','Bug','',80,70,40,100,60,145,_binary '\0','When its body dries out, it weakens. So, to prevent dehydration, it wraps itself in many layers of thin membrane.'),(618,'Stunfisk','Ground','Electric',109,66,84,81,99,32,_binary '\0','Its skin is very hard, so it is unhurt even if stepped on by sumo wrestlers. It smiles when transmitting electricity.'),(619,'Mienfoo','Fighting','',45,85,50,55,50,65,_binary '\0','In fights, they dominate with onslaughts of flowing, continuous attacks. With their sharp claws, they cut enemies.'),(620,'Mienshao','Fighting','',65,125,60,95,60,105,_binary '\0','It wields the fur on its arms like a whip. Its arm attacks come with such rapidity that they cannot even be seen.'),(621,'Druddigon','Dragon','',77,120,90,60,90,48,_binary '\0','It warms its body by absorbing sunlight with its wings. When its body temperature falls, it can no longer move.'),(622,'Golett','Ground','Ghost',59,74,50,35,50,35,_binary '\0','The energy that burns inside it enables it to move, but no one has yet been able to identify this energy.'),(623,'Golurk','Ground','Ghost',89,124,80,55,80,55,_binary '\0','It flies across the sky at Mach speeds. Removing the seal on its chest makes its internal energy go out of control.'),(624,'Pawniard','Dark','Steel',45,85,70,40,40,60,_binary '\0','Blades comprise this Pokémon’s entire body. If battling dulls the blades, it sharpens them on stones by the river.'),(625,'Bisharp','Dark','Steel',65,125,100,60,70,70,_binary '\0','It leads a group of Pawniard. It battles to become the boss, but will be driven from the group if it loses.'),(626,'Bouffalant','Normal','',95,110,95,40,95,55,_binary '\0','Their fluffy fur absorbs damage, even if they strike foes with a fierce headbutt.'),(627,'Rufflet','Normal','Flying',70,83,50,37,50,60,_binary '\0','They crush berries with their talons. They bravely stand up to any opponent, no matter how strong it is.'),(628,'Braviary','Normal','Flying',100,123,75,57,75,80,_binary '\0','They fight for their friends without any thought about danger to themselves. One can carry a car while flying.'),(629,'Vullaby','Dark','Flying',70,55,75,45,65,60,_binary '\0','Their wings are too tiny to allow them to fly. They guard their posteriors with bones that were gathered by Mandibuzz.'),(630,'Mandibuzz','Dark','Flying',110,65,105,55,95,80,_binary '\0','It makes a nest out of bones it finds. It grabs weakened prey in its talons and hauls it to its nest of bones.'),(631,'Heatmor','Fire','',85,97,66,105,66,65,_binary '\0','It breathes through a hole in its tail while it burns with an internal fire. Durant is its prey.'),(632,'Durant','Bug','Steel',58,109,112,48,48,109,_binary '\0','They attack in groups, covering themselves in steel armor to protect themselves from Heatmor.'),(633,'Deino','Dark','Dragon',52,65,50,45,50,38,_binary '\0','It tends to bite everything, and it is not a picky eater. Approaching it carelessly is dangerous.'),(634,'Zweilous','Dark','Dragon',72,85,70,65,70,58,_binary '\0','After it has eaten up all the food in its territory, it moves to another area. Its two heads do not get along.'),(635,'Hydreigon','Dark','Dragon',92,105,90,125,90,98,_binary '\0','This brutal Pokémon travels the skies on its six wings. Anything that moves seems like a foe to it, triggering its attack.'),(636,'Larvesta','Bug','Fire',55,85,55,50,55,60,_binary '\0','This Pokémon was believed to have been born from the sun. When it evolves, its entire body is engulfed in flames.'),(637,'Volcarona','Bug','Fire',85,60,65,135,105,100,_binary '\0','When volcanic ash darkened the atmosphere, it is said that Volcarona’s fire provided a replacement for the sun.'),(638,'Cobalion','Steel','Fighting',91,90,129,90,72,108,_binary '','This legendary Pokémon battled against humans to protect Pokémon. Its personality is calm and composed.'),(639,'Terrakion','Rock','Fighting',91,129,90,72,90,108,_binary '','This Pokémon came to the defense of Pokémon that had lost their homes in a war among humans.'),(640,'Virizion','Grass','Fighting',91,90,72,90,129,108,_binary '','This Pokémon fought humans in order to protect its friends. Legends about it continue to be passed down.'),(641,'Tornadus','Flying','',79,115,70,125,80,111,_binary '','The lower half of its body is wrapped in a cloud of energy. It zooms through the sky at 200 mph.'),(642,'Thundurus','Electric','Flying',79,115,70,125,80,111,_binary '','Countless charred remains mar the landscape of places through which Thundurus has passed.'),(643,'Reshiram','Dragon','Fire',100,120,100,150,120,90,_binary '','This Pokémon appears in legends. It sends flames into the air from its tail, burning up everything around it.'),(644,'Zekrom','Dragon','Electric',100,150,120,120,100,90,_binary '','Concealing itself in lightning clouds, it flies throughout the Unova region. It creates electricity in its tail.'),(645,'Landorus','Ground','Flying',89,125,90,115,80,101,_binary '','Lands visited by Landorus grant such bountiful crops that it has been hailed as “The Guardian of the Fields.”'),(646,'Kyurem','Dragon','Ice',125,130,90,130,90,95,_binary '','It generates a powerful, freezing energy inside itself, but its body became frozen when the energy leaked out.'),(647,'Keldeo','Water','Fighting',91,72,90,129,90,108,_binary '\0','By blasting water from its hooves, it can glide across water. It excels at using leg moves while battling.'),(648,'Meloetta','Normal','Psychic',100,77,77,128,128,90,_binary '\0','Its melodies are sung with a special vocalization method that can control the feelings of those who hear it.'),(649,'Genesect','Bug','Steel',71,120,95,120,95,99,_binary '\0','Over 300 million years ago, it was feared as the strongest of hunters. It has been modified by Team Plasma.'),(650,'Chespin','Grass','',56,61,65,48,45,38,_binary '\0','The quills on its head are usually soft. When it flexes them, the points become so hard and sharp that they can pierce rock.'),(651,'Quilladin','Grass','',61,78,95,56,58,57,_binary '\0','It relies on its sturdy shell to deflect predators’ attacks. It counterattacks with its sharp quills.'),(652,'Chesnaught','Grass','Fighting',88,107,122,74,75,64,_binary '\0','Its Tackle is forceful enough to flip a 50-ton tank. It shields its allies from danger with its own body.'),(653,'Fennekin','Fire','',40,45,40,62,60,60,_binary '\0','Eating a twig fills it with energy, and its roomy ears give vent to air hotter than 390 degrees Fahrenheit.'),(654,'Braixen','Fire','',59,59,58,90,70,73,_binary '\0','It has a twig stuck in its tail. With friction from its tail fur, it sets the twig on fire and launches into battle.'),(655,'Delphox','Fire','Psychic',75,69,72,114,100,104,_binary '\0','It gazes into the flame at the tip of its branch to achieve a focused state, which allows it to see into the future.'),(656,'Froakie','Water','',41,56,40,62,44,71,_binary '\0','It secretes flexible bubbles from its chest and back. The bubbles reduce the damage it would otherwise take when attacked.'),(657,'Frogadier','Water','',54,63,52,83,56,97,_binary '\0','It can throw bubble-covered pebbles with precise control, hitting empty cans up to a hundred feet away.'),(658,'Greninja','Water','Dark',72,95,67,103,71,122,_binary '\0','It creates throwing stars out of compressed water. When it spins them and throws them at high speed, these stars can split metal in two.'),(659,'Bunnelby','Normal','',38,36,38,32,36,57,_binary '\0','They use their large ears to dig burrows. They will dig the whole night through.'),(660,'Diggersby','Normal','Ground',85,56,77,50,77,78,_binary '\0','With their powerful ears, they can heft boulders of a ton or more with ease. They can be a big help at construction sites.'),(661,'Fletchling','Normal','Flying',45,50,43,40,38,62,_binary '\0','These friendly Pokémon send signals to one another with beautiful chirps and tail-feather movements.'),(662,'Fletchinder','Fire','Flying',62,73,55,56,52,84,_binary '\0','From its beak, it expels embers that set the tall grass on fire. Then it pounces on the bewildered prey that pop out of the grass.'),(663,'Talonflame','Fire','Flying',78,81,71,74,69,126,_binary '\0','In the fever of an exciting battle, it showers embers from the gaps between its feathers and takes to the air.'),(664,'Scatterbug','Bug','',38,35,40,27,25,35,_binary '\0','When under attack from bird Pokémon, it spews a poisonous black powder that causes paralysis on contact.'),(665,'Spewpa','Bug','',45,22,60,27,30,29,_binary '\0','It lives hidden within thicket shadows. When predators attack, it quickly bristles the fur covering its body in an effort to threaten them.'),(666,'Vivillon','Bug','Flying',80,52,50,90,50,89,_binary '\0','Vivillon with many different patterns are found all over the world. These patterns are affected by the climate of their habitat.'),(667,'Litleo','Fire','Normal',62,50,58,73,54,72,_binary '\0','The stronger the opponent it faces, the more heat surges from its mane and the more power flows through its body.'),(668,'Pyroar','Fire','Normal',86,68,72,109,66,106,_binary '\0','The male with the largest mane of fire is the leader of the pride.'),(669,'Flabébé','Fairy','',44,38,39,61,79,42,_binary '\0','It draws out and controls the hidden power of flowers. The flower Flabébé holds is most likely part of its body.'),(670,'Floette','Fairy','',54,45,47,75,98,52,_binary '\0','It flutters around fields of flowers and cares for flowers that are starting to wilt. It draws out the hidden power of flowers to battle.'),(671,'Florges','Fairy','',78,65,68,112,154,75,_binary '\0','It claims exquisite flower gardens as its territory, and it obtains power from basking in the energy emitted by flowering plants.'),(672,'Skiddo','Grass','',66,65,48,62,57,52,_binary '\0','Thought to be one of the first Pokémon to live in harmony with humans, it has a placid disposition.'),(673,'Gogoat','Grass','',123,100,62,97,81,68,_binary '\0','It can tell how its Trainer is feeling by subtle shifts in the grip on its horns. This empathic sense lets them run as if one being.'),(674,'Pancham','Fighting','',67,82,62,46,48,43,_binary '\0','It does its best to be taken seriously by its enemies, but its glare is not sufficiently intimidating. Chewing on a leaf is its trademark.'),(675,'Pangoro','Fighting','Dark',95,124,78,69,71,58,_binary '\0','Although it possesses a violent temperament, it won’t put up with bullying. It uses the leaf in its mouth to sense the movements of its enemies.'),(676,'Furfrou','Normal','',75,80,60,65,90,102,_binary '\0','Trimming its fluffy fur not only makes it more elegant but also increases the swiftness of its movements.'),(677,'Espurr','Psychic','',62,48,54,63,60,68,_binary '\0','The organ that emits its intense psychic power is sheltered by its ears to keep power from leaking out.'),(678,'Meowstic','Psychic','',74,48,76,83,81,104,_binary '\0','When in danger, it raises its ears and releases enough psychic power to grind a 10-ton truck into dust.'),(679,'Honedge','Steel','Ghost',45,80,100,35,37,28,_binary '\0','Apparently this Pokémon is born when a departed spirit inhabits a sword. It attaches itself to people and drinks their life force.'),(680,'Doublade','Steel','Ghost',59,110,150,45,49,35,_binary '\0','When Honedge evolves, it divides into two swords, which cooperate via telepathy to coordinate attacks and slash their enemies to ribbons.'),(681,'Aegislash','Steel','Ghost',60,150,50,150,50,60,_binary '\0','Generations of kings were attended by these Pokémon, which used their spectral power to manipulate and control people and Pokémon.'),(682,'Spritzee','Fairy','',78,52,60,63,65,23,_binary '\0','It emits a scent that enraptures those who smell it. This fragrance changes depending on what it has eaten.'),(683,'Aromatisse','Fairy','',101,72,72,99,89,29,_binary '\0','It devises various scents, pleasant and unpleasant, and emits scents that its enemies dislike in order to gain an edge in battle.'),(684,'Swirlix','Fairy','',62,48,66,59,57,49,_binary '\0','To entangle its opponents in battle, it extrudes white threads as sweet and sticky as cotton candy.'),(685,'Slurpuff','Fairy','',82,80,86,85,75,72,_binary '\0','It can distinguish the faintest of scents. It puts its sensitive sense of smell to use by helping pastry chefs in their work.'),(686,'Inkay','Dark','Psychic',53,54,53,37,46,45,_binary '\0','Opponents who stare at the flashing of the light-emitting spots on its body become dazed and lose their will to fight.'),(687,'Malamar','Dark','Psychic',86,92,88,68,75,73,_binary '\0','It wields the most compelling hypnotic powers of any Pokémon, and it forces others to do whatever it wants.'),(688,'Binacle','Rock','Water',42,52,67,39,56,50,_binary '\0','Two Binacle live together on one rock. When they fight, one of them will move to a different rock.'),(689,'Barbaracle','Rock','Water',72,105,115,54,86,68,_binary '\0','When they evolve, two Binacle multiply into seven. They fight with the power of seven Binacle.'),(690,'Skrelp','Poison','Water',50,60,60,60,60,30,_binary '\0','Camouflaged as rotten kelp, they spray liquid poison on prey that approaches unawares and then finish it off.'),(691,'Dragalge','Poison','Dragon',65,75,90,97,123,44,_binary '\0','Their poison is strong enough to eat through the hull of a tanker, and they spit it indiscriminately at anything that enters their territory.'),(692,'Clauncher','Water','',50,53,62,58,63,44,_binary '\0','They knock down flying prey by firing compressed water from their massive claws like shooting a pistol.'),(693,'Clawitzer','Water','',71,73,88,120,89,59,_binary '\0','Their enormous claws launch cannonballs of water powerful enough to pierce tanker hulls.'),(694,'Helioptile','Electric','Normal',44,38,33,61,43,70,_binary '\0','They make their home in deserts. They can generate their energy from basking in the sun, so eating food is not a requirement.'),(695,'Heliolisk','Electric','Normal',62,55,52,109,94,109,_binary '\0','They flare their frills and generate energy. A single Heliolisk can generate sufficient electricity to power a skyscraper.'),(696,'Tyrunt','Rock','Dragon',58,89,77,45,45,48,_binary '\0','This Pokémon was restored from a fossil. If something happens that it doesn’t like, it throws a tantrum and runs wild.'),(697,'Tyrantrum','Rock','Dragon',82,121,119,69,59,71,_binary '\0','Thanks to its gargantuan jaws, which could shred thick metal plates as if they were paper, it was invincible in the ancient world it once inhabited.'),(698,'Amaura','Rock','Ice',77,59,50,67,63,46,_binary '\0','This ancient Pokémon was restored from part of its body that had been frozen in ice for over 100 million years.'),(699,'Aurorus','Rock','Ice',123,77,72,99,92,58,_binary '\0','The diamond-shaped crystals on its body expel air as cold as -240 degrees Fahrenheit, surrounding its enemies and encasing them in ice.'),(700,'Sylveon','Fairy','',95,65,65,110,130,60,_binary '\0','It sends a soothing aura from its ribbonlike feelers to calm fights.'),(701,'Hawlucha','Fighting','Flying',78,92,75,74,63,118,_binary '\0','Although its body is small, its proficient fighting skills enable it to keep up with big bruisers like Machamp and Hariyama.'),(702,'Dedenne','Electric','Fairy',67,58,57,81,67,101,_binary '\0','Its whiskers serve as antennas. By sending and receiving electrical waves, it can communicate with others over vast distances.'),(703,'Carbink','Rock','Fairy',50,50,150,50,150,50,_binary '\0','Born from the temperatures and pressures deep underground, it fires beams from the stone in its head.'),(704,'Goomy','Dragon','',45,50,35,55,75,40,_binary '\0','The weakest Dragon-type Pokémon, it lives in damp, shady places, so its body doesn’t dry out.'),(705,'Sliggoo','Dragon','',68,75,53,83,113,60,_binary '\0','It drives away opponents by excreting a sticky liquid that can dissolve anything. Its eyes devolved, so it can’t see anything.'),(706,'Goodra','Dragon','',90,100,70,110,150,80,_binary '\0','This very friendly Dragon-type Pokémon will hug its beloved Trainer, leaving that Trainer covered in sticky slime.'),(707,'Klefki','Steel','Fairy',57,80,91,80,87,75,_binary '\0','These key collectors threaten any attackers by fiercely jingling their keys at them.'),(708,'Phantump','Ghost','Grass',43,70,48,50,60,38,_binary '\0','These Pokémon are created when spirits possess rotten tree stumps. They prefer to live in abandoned forests.'),(709,'Trevenant','Ghost','Grass',85,110,76,65,82,56,_binary '\0','It can control trees at will. It will trap people who harm the forest, so they can never leave.'),(710,'Pumpkaboo','Ghost','Grass',49,66,70,44,55,51,_binary '\0','The pumpkin body is inhabited by a spirit trapped in this world. As the sun sets, it becomes restless and active.'),(711,'Gourgeist','Ghost','Grass',65,90,122,58,75,84,_binary '\0','Singing in eerie voices, they wander town streets on the night of the new moon. Anyone who hears their song is cursed.'),(712,'Bergmite','Ice','',55,69,85,32,35,28,_binary '\0','It blocks opponents’ attacks with the ice that shields its body. It uses cold air to repair any cracks with new ice.'),(713,'Avalugg','Ice','',95,117,184,44,46,28,_binary '\0','Its ice-covered body is as hard as steel. Its cumbersome frame crushes anything that stands in its way.'),(714,'Noibat','Flying','Dragon',40,30,35,45,40,55,_binary '\0','They live in pitch-black caves. Their enormous ears can emit ultrasonic waves of 200,000 hertz.'),(715,'Noivern','Flying','Dragon',85,70,80,97,80,123,_binary '\0','They fly around on moonless nights and attack careless prey. Nothing can beat them in a battle in the dark.'),(716,'Xerneas','Fairy','',126,131,95,131,98,99,_binary '','Legends say it can share eternal life. It slept for a thousand years in the form of a tree before its revival.'),(717,'Yveltal','Dark','Flying',126,131,95,131,98,99,_binary '','When this legendary Pokémon’s wings and tail feathers spread wide and glow red, it absorbs the life force of living creatures.'),(718,'Zygarde','Dragon','Ground',108,100,121,81,95,95,_binary '','When the Kalos region’s ecosystem falls into disarray, it appears and reveals its secret power.'),(719,'Diancie','Rock','Fairy',50,100,150,100,150,50,_binary '','A sudden transformation of Carbink, its pink, glimmering body is said to be the loveliest sight in the whole world.'),(720,'Hoopa','Psychic','Ghost',80,110,60,150,130,70,_binary '','This troublemaker sends anything and everything to faraway places using its loop, which can warp space.'),(721,'Volcanion','Fire','Water',80,110,120,130,90,70,_binary '','It lets out billows of steam and disappears into the dense fog. It’s said to live in mountains where humans do not tread.');
/*!40000 ALTER TABLE `pokedex` ENABLE KEYS */;
UNLOCK TABLES;

--
-- Table structure for table `reply`
--

DROP TABLE IF EXISTS `reply`;
/*!40101 SET @saved_cs_client     = @@character_set_client */;
/*!50503 SET character_set_client = utf8mb4 */;
CREATE TABLE `reply` (
  `replyID` int NOT NULL AUTO_INCREMENT,
  `listingID` int NOT NULL,
  `instanceID` int NOT NULL,
  `respondantID` int NOT NULL,
  PRIMARY KEY (`replyID`)
) ENGINE=InnoDB AUTO_INCREMENT=2 DEFAULT CHARSET=utf8mb4 COLLATE=utf8mb4_0900_ai_ci;
/*!40101 SET character_set_client = @saved_cs_client */;

--
-- Dumping data for table `reply`
--

LOCK TABLES `reply` WRITE;
/*!40000 ALTER TABLE `reply` DISABLE KEYS */;
INSERT INTO `reply` VALUES (1,3,1,101);
/*!40000 ALTER TABLE `reply` ENABLE KEYS */;
UNLOCK TABLES;

--
-- Table structure for table `trades`
--

DROP TABLE IF EXISTS `trades`;
/*!40101 SET @saved_cs_client     = @@character_set_client */;
/*!50503 SET character_set_client = utf8mb4 */;
CREATE TABLE `trades` (
  `tradeID` int NOT NULL AUTO_INCREMENT,
  `listingID` int NOT NULL,
  `replyID` int NOT NULL,
  `time` datetime DEFAULT '2000-01-01 00:00:00',
  PRIMARY KEY (`tradeID`),
  KEY `listingID` (`listingID`),
  KEY `replyID` (`replyID`),
  CONSTRAINT `trades_ibfk_1` FOREIGN KEY (`listingID`) REFERENCES `listing` (`listingID`),
  CONSTRAINT `trades_ibfk_2` FOREIGN KEY (`replyID`) REFERENCES `reply` (`replyID`)
) ENGINE=InnoDB AUTO_INCREMENT=2 DEFAULT CHARSET=utf8mb4 COLLATE=utf8mb4_0900_ai_ci;
/*!40101 SET character_set_client = @saved_cs_client */;

--
-- Dumping data for table `trades`
--

LOCK TABLES `trades` WRITE;
/*!40000 ALTER TABLE `trades` DISABLE KEYS */;
INSERT INTO `trades` VALUES (1,3,1,'2025-07-21 22:50:23');
/*!40000 ALTER TABLE `trades` ENABLE KEYS */;
UNLOCK TABLES;

--
-- Table structure for table `typefx`
--

DROP TABLE IF EXISTS `typefx`;
/*!40101 SET @saved_cs_client     = @@character_set_client */;
/*!50503 SET character_set_client = utf8mb4 */;
CREATE TABLE `typefx` (
  `type1` varchar(10) NOT NULL,
  `type2` varchar(10) NOT NULL,
  `double_strength` bit(1) NOT NULL,
  `half_strength` bit(1) NOT NULL,
  `no_impact` bit(1) NOT NULL,
  PRIMARY KEY (`type1`,`type2`),
  CONSTRAINT `typefx_chk_1` CHECK ((((`half_strength` + `double_strength`) + `no_impact`) = 1))
) ENGINE=InnoDB DEFAULT CHARSET=utf8mb4 COLLATE=utf8mb4_0900_ai_ci;
/*!40101 SET character_set_client = @saved_cs_client */;

--
-- Dumping data for table `typefx`
--

LOCK TABLES `typefx` WRITE;
/*!40000 ALTER TABLE `typefx` DISABLE KEYS */;
INSERT INTO `typefx` VALUES ('Bug','Dark',_binary '',_binary '\0',_binary '\0'),('Bug','Fairy',_binary '\0',_binary '',_binary '\0'),('Bug','Fighting',_binary '\0',_binary '',_binary '\0'),('Bug','Fire',_binary '\0',_binary '',_binary '\0'),('Bug','Flying',_binary '\0',_binary '',_binary '\0'),('Bug','Ghost',_binary '\0',_binary '',_binary '\0'),('Bug','Grass',_binary '',_binary '\0',_binary '\0'),('Bug','Poison',_binary '\0',_binary '',_binary '\0'),('Bug','Psychic',_binary '',_binary '\0',_binary '\0'),('Bug','Steel',_binary '\0',_binary '',_binary '\0'),('Dark','Dark',_binary '\0',_binary '',_binary '\0'),('Dark','Fairy',_binary '\0',_binary '',_binary '\0'),('Dark','Fighting',_binary '\0',_binary '',_binary '\0'),('Dark','Ghost',_binary '',_binary '\0',_binary '\0'),('Dark','Psychic',_binary '',_binary '\0',_binary '\0'),('Dragon','Dragon',_binary '',_binary '\0',_binary '\0'),('Dragon','Fairy',_binary '\0',_binary '\0',_binary ''),('Dragon','Steel',_binary '\0',_binary '',_binary '\0'),('Electric','Dragon',_binary '\0',_binary '',_binary '\0'),('Electric','Electric',_binary '\0',_binary '',_binary '\0'),('Electric','Flying',_binary '',_binary '\0',_binary '\0'),('Electric','Grass',_binary '\0',_binary '',_binary '\0'),('Electric','Ground',_binary '\0',_binary '\0',_binary ''),('Electric','Water',_binary '',_binary '\0',_binary '\0'),('Fairy','Dark',_binary '',_binary '\0',_binary '\0'),('Fairy','Dragon',_binary '',_binary '\0',_binary '\0'),('Fairy','Fighting',_binary '',_binary '\0',_binary '\0'),('Fairy','Fire',_binary '\0',_binary '',_binary '\0'),('Fairy','Poison',_binary '\0',_binary '',_binary '\0'),('Fairy','Steel',_binary '\0',_binary '',_binary '\0'),('Fighting','Bug',_binary '\0',_binary '',_binary '\0'),('Fighting','Dark',_binary '',_binary '\0',_binary '\0'),('Fighting','Fairy',_binary '\0',_binary '',_binary '\0'),('Fighting','Flying',_binary '\0',_binary '',_binary '\0'),('Fighting','Ghost',_binary '\0',_binary '\0',_binary ''),('Fighting','Ice',_binary '',_binary '\0',_binary '\0'),('Fighting','Normal',_binary '',_binary '\0',_binary '\0'),('Fighting','Poison',_binary '\0',_binary '',_binary '\0'),('Fighting','Psychic',_binary '\0',_binary '',_binary '\0'),('Fighting','Rock',_binary '',_binary '\0',_binary '\0'),('Fighting','Steel',_binary '',_binary '\0',_binary '\0'),('Fire','Bug',_binary '',_binary '\0',_binary '\0'),('Fire','Dragon',_binary '\0',_binary '',_binary '\0'),('Fire','Fire',_binary '\0',_binary '',_binary '\0'),('Fire','Grass',_binary '',_binary '\0',_binary '\0'),('Fire','Ice',_binary '',_binary '\0',_binary '\0'),('Fire','Rock',_binary '\0',_binary '',_binary '\0'),('Fire','Steel',_binary '',_binary '\0',_binary '\0'),('Fire','Water',_binary '\0',_binary '',_binary '\0'),('Flying','Bug',_binary '',_binary '\0',_binary '\0'),('Flying','Electric',_binary '\0',_binary '',_binary '\0'),('Flying','Fighting',_binary '',_binary '\0',_binary '\0'),('Flying','Grass',_binary '',_binary '\0',_binary '\0'),('Flying','Rock',_binary '\0',_binary '',_binary '\0'),('Flying','Steel',_binary '\0',_binary '',_binary '\0'),('Ghost','Dark',_binary '\0',_binary '',_binary '\0'),('Ghost','Ghost',_binary '',_binary '\0',_binary '\0'),('Ghost','Normal',_binary '\0',_binary '\0',_binary ''),('Ghost','Psychic',_binary '\0',_binary '\0',_binary ''),('Grass','Bug',_binary '\0',_binary '',_binary '\0'),('Grass','Dragon',_binary '\0',_binary '',_binary '\0'),('Grass','Fire',_binary '\0',_binary '',_binary '\0'),('Grass','Flying',_binary '\0',_binary '',_binary '\0'),('Grass','Grass',_binary '\0',_binary '',_binary '\0'),('Grass','Ground',_binary '',_binary '\0',_binary '\0'),('Grass','Poison',_binary '\0',_binary '',_binary '\0'),('Grass','Rock',_binary '',_binary '\0',_binary '\0'),('Grass','Steel',_binary '\0',_binary '',_binary '\0'),('Grass','Water',_binary '',_binary '\0',_binary '\0'),('Ground','Bug',_binary '\0',_binary '',_binary '\0'),('Ground','Electric',_binary '',_binary '\0',_binary '\0'),('Ground','Fire',_binary '',_binary '\0',_binary '\0'),('Ground','Flying',_binary '\0',_binary '\0',_binary ''),('Ground','Grass',_binary '\0',_binary '',_binary '\0'),('Ground','Poison',_binary '',_binary '\0',_binary '\0'),('Ground','Rock',_binary '',_binary '\0',_binary '\0'),('Ground','Steel',_binary '',_binary '\0',_binary '\0'),('Ice','Dragon',_binary '',_binary '\0',_binary '\0'),('Ice','Flying',_binary '',_binary '\0',_binary '\0'),('Ice','Grass',_binary '',_binary '\0',_binary '\0'),('Ice','Ground',_binary '',_binary '\0',_binary '\0'),('Ice','Ice',_binary '\0',_binary '',_binary '\0'),('Ice','Steel',_binary '\0',_binary '',_binary '\0'),('Ice','Water',_binary '\0',_binary '',_binary '\0'),('Normal','Ghost',_binary '\0',_binary '\0',_binary ''),('Normal','Rock',_binary '\0',_binary '',_binary '\0'),('Normal','Steel',_binary '\0',_binary '',_binary '\0'),('Poison','Fairy',_binary '',_binary '\0',_binary '\0'),('Poison','Ghost',_binary '\0',_binary '',_binary '\0'),('Poison','Grass',_binary '',_binary '\0',_binary '\0'),('Poison','Ground',_binary '\0',_binary '',_binary '\0'),('Poison','Poison',_binary '\0',_binary '',_binary '\0'),('Poison','Rock',_binary '\0',_binary '',_binary '\0'),('Poison','Steel',_binary '\0',_binary '\0',_binary ''),('Psychic','Dark',_binary '\0',_binary '\0',_binary ''),('Psychic','Fighting',_binary '',_binary '\0',_binary '\0'),('Psychic','Poison',_binary '',_binary '\0',_binary '\0'),('Psychic','Psychic',_binary '\0',_binary '',_binary '\0'),('Psychic','Steel',_binary '\0',_binary '',_binary '\0'),('Rock','Bug',_binary '',_binary '\0',_binary '\0'),('Rock','Fighting',_binary '\0',_binary '',_binary '\0'),('Rock','Fire',_binary '',_binary '\0',_binary '\0'),('Rock','Flying',_binary '',_binary '\0',_binary '\0'),('Rock','Ground',_binary '\0',_binary '',_binary '\0'),('Rock','Ice',_binary '',_binary '\0',_binary '\0'),('Rock','Steel',_binary '\0',_binary '',_binary '\0'),('Steel','Fairy',_binary '',_binary '\0',_binary '\0'),('Steel','Fire',_binary '\0',_binary '',_binary '\0'),('Steel','Ice',_binary '',_binary '\0',_binary '\0'),('Steel','Psychic',_binary '\0',_binary '',_binary '\0'),('Steel','Rock',_binary '',_binary '\0',_binary '\0'),('Steel','Steel',_binary '\0',_binary '',_binary '\0'),('Steel','Water',_binary '\0',_binary '',_binary '\0'),('Water','Dragon',_binary '\0',_binary '',_binary '\0'),('Water','Fire',_binary '',_binary '\0',_binary '\0'),('Water','Grass',_binary '\0',_binary '',_binary '\0'),('Water','Ground',_binary '',_binary '\0',_binary '\0'),('Water','Rock',_binary '',_binary '\0',_binary '\0'),('Water','Water',_binary '\0',_binary '',_binary '\0');
/*!40000 ALTER TABLE `typefx` ENABLE KEYS */;
UNLOCK TABLES;

--
-- Table structure for table `types`
--

DROP TABLE IF EXISTS `types`;
/*!40101 SET @saved_cs_client     = @@character_set_client */;
/*!50503 SET character_set_client = utf8mb4 */;
CREATE TABLE `types` (
  `type` varchar(10) NOT NULL,
  PRIMARY KEY (`type`)
) ENGINE=InnoDB DEFAULT CHARSET=utf8mb4 COLLATE=utf8mb4_0900_ai_ci;
/*!40101 SET character_set_client = @saved_cs_client */;

--
-- Dumping data for table `types`
--

LOCK TABLES `types` WRITE;
/*!40000 ALTER TABLE `types` DISABLE KEYS */;
INSERT INTO `types` VALUES ('Bug'),('Dark'),('Dragon'),('Electric'),('Fairy'),('Fighting'),('Fire'),('Flying'),('Ghost'),('Grass'),('Ground'),('Ice'),('Normal'),('Poison'),('Psychic'),('Rock'),('Steel'),('Water');
/*!40000 ALTER TABLE `types` ENABLE KEYS */;
UNLOCK TABLES;

--
-- Table structure for table `user`
--

DROP TABLE IF EXISTS `user`;
/*!40101 SET @saved_cs_client     = @@character_set_client */;
/*!50503 SET character_set_client = utf8mb4 */;
CREATE TABLE `user` (
  `uID` int NOT NULL AUTO_INCREMENT,
  `name` varchar(40) NOT NULL,
  `tradeCount` int NOT NULL,
  `username` varchar(30) NOT NULL,
  `password` varchar(20) NOT NULL,
  PRIMARY KEY (`uID`),
  UNIQUE KEY `username` (`username`),
  UNIQUE KEY `password` (`password`),
  CONSTRAINT `user_chk_1` CHECK (((length(`password`) > 7) and regexp_like(`password`,_utf8mb4'[0-9]') and regexp_like(`password`,_utf8mb4'[a-z]') and regexp_like(`password`,_utf8mb4'[A-Z]') and regexp_like(`password`,_utf8mb4'[^a-zA-Z0-9]')))
) ENGINE=InnoDB AUTO_INCREMENT=102 DEFAULT CHARSET=utf8mb4 COLLATE=utf8mb4_0900_ai_ci;
/*!40101 SET character_set_client = @saved_cs_client */;

--
-- Dumping data for table `user`
--

LOCK TABLES `user` WRITE;
/*!40000 ALTER TABLE `user` DISABLE KEYS */;
INSERT INTO `user` VALUES (1,'Lola',0,'Kami','Letters123&'),(3,'Lola',0,'Kamigoroshi','TyneRdmn4$'),(101,'Tyne',0,'Haze','Password!2');
/*!40000 ALTER TABLE `user` ENABLE KEYS */;
UNLOCK TABLES;

--
-- Dumping events for database 'pokedex'
--

--
-- Dumping routines for database 'pokedex'
--
/*!40103 SET TIME_ZONE=@OLD_TIME_ZONE */;

/*!40101 SET SQL_MODE=@OLD_SQL_MODE */;
/*!40014 SET FOREIGN_KEY_CHECKS=@OLD_FOREIGN_KEY_CHECKS */;
/*!40014 SET UNIQUE_CHECKS=@OLD_UNIQUE_CHECKS */;
/*!40101 SET CHARACTER_SET_CLIENT=@OLD_CHARACTER_SET_CLIENT */;
/*!40101 SET CHARACTER_SET_RESULTS=@OLD_CHARACTER_SET_RESULTS */;
/*!40101 SET COLLATION_CONNECTION=@OLD_COLLATION_CONNECTION */;
/*!40111 SET SQL_NOTES=@OLD_SQL_NOTES */;

-- Dump completed on 2025-07-22  4:48:13
