CREATE DATABASE  IF NOT EXISTS `pokedexbackup` /*!40100 DEFAULT CHARACTER SET utf8mb4 COLLATE utf8mb4_0900_ai_ci */ /*!80016 DEFAULT ENCRYPTION='N' */;
USE `pokedexbackup`;
-- MySQL dump 10.13  Distrib 8.0.42, for Win64 (x86_64)
--
-- Host: 127.0.0.1    Database: pokedexbackup
-- ------------------------------------------------------
-- Server version	9.3.0

/*!40101 SET @OLD_CHARACTER_SET_CLIENT=@@CHARACTER_SET_CLIENT */;
/*!40101 SET @OLD_CHARACTER_SET_RESULTS=@@CHARACTER_SET_RESULTS */;
/*!40101 SET @OLD_COLLATION_CONNECTION=@@COLLATION_CONNECTION */;
/*!50503 SET NAMES utf8 */;
/*!40103 SET @OLD_TIME_ZONE=@@TIME_ZONE */;
/*!40103 SET TIME_ZONE='+00:00' */;
/*!40014 SET @OLD_UNIQUE_CHECKS=@@UNIQUE_CHECKS, UNIQUE_CHECKS=0 */;
/*!40014 SET @OLD_FOREIGN_KEY_CHECKS=@@FOREIGN_KEY_CHECKS, FOREIGN_KEY_CHECKS=0 */;
/*!40101 SET @OLD_SQL_MODE=@@SQL_MODE, SQL_MODE='NO_AUTO_VALUE_ON_ZERO' */;
/*!40111 SET @OLD_SQL_NOTES=@@SQL_NOTES, SQL_NOTES=0 */;

--
-- Table structure for table `attacks`
--

DROP TABLE IF EXISTS `attacks`;
/*!40101 SET @saved_cs_client     = @@character_set_client */;
/*!50503 SET character_set_client = utf8mb4 */;
CREATE TABLE `attacks` (
  `aID` int NOT NULL AUTO_INCREMENT,
  `attack_name` varchar(50) NOT NULL,
  `type` varchar(10) NOT NULL,
  `category` varchar(20) DEFAULT NULL,
  `power` int DEFAULT NULL,
  `accuracy` int DEFAULT NULL,
  `PP` int DEFAULT NULL,
  `effect` varchar(100) NOT NULL,
  PRIMARY KEY (`aID`),
  CONSTRAINT `attacks_chk_1` CHECK (((`power` >= 0) and (`accuracy` >= 0) and (`PP` >= 0)))
) ENGINE=InnoDB AUTO_INCREMENT=97 DEFAULT CHARSET=utf8mb4 COLLATE=utf8mb4_0900_ai_ci;
/*!40101 SET character_set_client = @saved_cs_client */;

--
-- Dumping data for table `attacks`
--

LOCK TABLES `attacks` WRITE;
/*!40000 ALTER TABLE `attacks` DISABLE KEYS */;
INSERT INTO `attacks` VALUES (1,'Absorb','Grass','special',20,100,25,'User recovers half the HP inflicted on opponent.'),(2,'Acid','Poison','special',40,100,30,'May lower opponent\'s Special Defense.'),(3,'Aurora Beam','Ice','special',65,100,20,'May lower opponent\'s Attack.'),(4,'Barrage','Normal','physical',15,85,20,'Hits 2-5 times in one turn.'),(5,'Bind','Normal','physical',15,85,20,'Traps opponent, damaging them for 4-5 turns.'),(6,'Bite','Dark','physical',60,100,25,'May cause flinching.'),(7,'Blizzard','Ice','special',110,70,5,'May freeze opponent.'),(8,'Body Slam','Normal','physical',85,100,15,'May paralyze opponent.'),(9,'Bone Club','Ground','physical',65,85,20,'May cause flinching.'),(10,'Bonemerang','Ground','physical',50,90,10,'Hits twice in one turn.'),(11,'Bubble','Water','special',40,100,30,'May lower opponent\'s Speed.'),(12,'Bubble Beam','Water','special',65,100,20,'May lower opponent\'s Speed.'),(13,'Clamp','Water','physical',35,85,15,'Traps opponent, damaging them for 4-5 turns.'),(14,'Comet Punch','Normal','physical',18,85,15,'Hits 2-5 times in one turn.'),(15,'Confusion','Psychic','special',50,100,25,'May confuse opponent.'),(16,'Constrict','Normal','physical',10,100,35,'May lower opponent\'s Speed by one stage.'),(17,'Crabhammer','Water','physical',100,90,10,'High critical hit ratio.'),(18,'Cut','Normal','physical',50,95,30,''),(19,'Dig','Ground','physical',80,100,10,'Digs underground on first turn, attacks on second. Can also escape from caves.'),(20,'Dizzy Punch','Normal','physical',70,100,10,'May confuse opponent.'),(21,'Double Kick','Fighting','physical',30,100,30,'Hits twice in one turn.'),(22,'Double Slap','Normal','physical',15,85,10,'Hits 2-5 times in one turn.'),(23,'Double-Edge','Normal','physical',120,100,15,'User receives recoil damage.'),(24,'Dream Eater','Psychic','special',100,100,15,'User recovers half the HP inflicted on a sleeping opponent.'),(25,'Drill Peck','Flying','physical',80,100,20,''),(26,'Earthquake','Ground','physical',100,100,10,'Power is doubled if opponent is underground from using Dig.'),(27,'Egg Bomb','Normal','physical',100,75,10,''),(28,'Ember','Fire','special',40,100,25,'May burn opponent.'),(29,'Explosion','Normal','physical',250,100,5,'User faints.'),(30,'Fire Blast','Fire','special',110,85,5,'May burn opponent.'),(31,'Fire Punch','Fire','physical',75,100,15,'May burn opponent.'),(32,'Fire Spin','Fire','special',35,85,15,'Traps opponent, damaging them for 4-5 turns.'),(33,'Flamethrower','Fire','special',90,100,15,'May burn opponent.'),(34,'Fly','Flying','physical',90,95,15,'Flies up on first turn, attacks on second turn.'),(35,'Fury Attack','Normal','physical',15,85,20,'Hits 2-5 times in one turn.'),(36,'Fury Swipes','Normal','physical',18,80,15,'Hits 2-5 times in one turn.'),(37,'Gust','Flying','special',40,100,35,'Hits Pokemon using Fly/Bounce/Sky Drop with double power.'),(38,'Headbutt','Normal','physical',70,100,15,'May cause flinching.'),(39,'High Jump Kick','Fighting','physical',130,90,10,'If it misses, the user loses half their HP.'),(40,'Horn Attack','Normal','physical',65,100,25,''),(41,'Hydro Pump','Water','special',110,80,5,''),(42,'Hyper Beam','Normal','special',150,90,5,'User must recharge next turn.'),(43,'Hyper Fang','Normal','physical',80,90,15,'May cause flinching.'),(44,'Ice Beam','Ice','special',90,100,10,'May freeze opponent.'),(45,'Ice Punch','Ice','physical',75,100,15,'May freeze opponent.'),(46,'Jump Kick','Fighting','physical',100,95,10,'If it misses, the user loses half their HP.'),(47,'Karate Chop','Fighting','physical',50,100,25,'High critical hit ratio.'),(48,'Leech Life','Bug','physical',80,100,10,'User recovers half the HP inflicted on opponent.'),(49,'Lick','Ghost','physical',30,100,30,'May paralyze opponent.'),(50,'Mega Drain','Grass','special',40,100,15,'User recovers half the HP inflicted on opponent.'),(51,'Mega Kick','Normal','physical',120,75,5,''),(52,'Mega Punch','Normal','physical',80,85,20,''),(53,'Pay Day','Normal','physical',40,100,20,'Money is earned after the battle.'),(54,'Peck','Flying','physical',35,100,35,''),(55,'Petal Dance','Grass','special',120,100,10,'User attacks for 2-3 turns but then becomes confused.'),(56,'Pin Missile','Bug','physical',25,95,20,'Hits 2-5 times in one turn.'),(57,'Poison Sting','Poison','physical',15,100,35,'May poison the opponent.'),(58,'Pound','Normal','physical',40,100,35,''),(59,'Psybeam','Psychic','special',65,100,20,'May confuse opponent.'),(60,'Psychic','Psychic','special',90,100,10,'May lower opponent\'s Special Defense.'),(61,'Quick Attack','Normal','physical',40,100,30,'User attacks first.'),(62,'Rage','Normal','physical',20,100,20,'Raises user\'s Attack when hit.'),(63,'Razor Leaf','Grass','physical',55,95,25,'High critical hit ratio.'),(64,'Razor Wind','Normal','special',80,100,10,'Charges on first turn, attacks on second. High critical hit ratio.'),(65,'Rock Slide','Rock','physical',75,90,10,'May cause flinching.'),(66,'Rock Throw','Rock','physical',50,90,15,''),(67,'Rolling Kick','Fighting','physical',60,85,15,'May cause flinching.'),(68,'Scratch','Normal','physical',40,100,35,''),(69,'Self-Destruct','Normal','physical',200,100,5,'User faints.'),(70,'Skull Bash','Normal','physical',130,100,10,'Raises Defense on first turn, attacks on second.'),(71,'Sky Attack','Flying','physical',140,90,5,'Charges on first turn, attacks on second. May cause flinching. High critical hit ratio.'),(72,'Slam','Normal','physical',80,75,20,''),(73,'Slash','Normal','physical',70,100,20,'High critical hit ratio.'),(74,'Sludge','Poison','special',65,100,20,'May poison opponent.'),(75,'Smog','Poison','special',30,70,20,'May poison opponent.'),(76,'Solar Beam','Grass','special',120,100,10,'Charges on first turn, attacks on second.'),(77,'Spike Cannon','Normal','physical',20,100,15,'Hits 2-5 times in one turn.'),(78,'Stomp','Normal','physical',65,100,20,'May cause flinching.'),(79,'Strength','Normal','physical',80,100,15,''),(80,'Submission','Fighting','physical',80,80,20,'User receives recoil damage.'),(81,'Surf','Water','special',90,100,15,'Hits all adjacent Pokï¿½mon.'),(82,'Tackle','Normal','physical',40,100,35,''),(83,'Take Down','Normal','physical',90,85,20,'User receives recoil damage.'),(84,'Thrash','Normal','physical',120,100,10,'User attacks for 2-3 turns but then becomes confused.'),(85,'Thunder','Electric','special',110,70,10,'May paralyze opponent.'),(86,'Thunder Punch','Electric','physical',75,100,15,'May paralyze opponent.'),(87,'Thunder Shock','Electric','special',40,100,30,'May paralyze opponent.'),(88,'Thunderbolt','Electric','special',90,100,15,'May paralyze opponent.'),(89,'Tri Attack','Normal','special',80,100,10,'May paralyze, burn or freeze opponent.'),(90,'Twineedle','Bug','physical',25,100,20,'Hits twice in one turn. May poison opponent.'),(91,'Vine Whip','Grass','physical',45,100,25,''),(92,'Vise Grip','Normal','physical',55,100,30,''),(93,'Water Gun','Water','special',40,100,25,''),(94,'Waterfall','Water','physical',80,100,15,'May cause flinching.'),(95,'Wing Attack','Flying','physical',60,100,35,''),(96,'Wrap','Normal','physical',15,90,20,'Traps opponent, damaging them for 4-5 turns.');
/*!40000 ALTER TABLE `attacks` ENABLE KEYS */;
UNLOCK TABLES;

--
-- Table structure for table `currentattacks`
--

DROP TABLE IF EXISTS `currentattacks`;
/*!40101 SET @saved_cs_client     = @@character_set_client */;
/*!50503 SET character_set_client = utf8mb4 */;
CREATE TABLE `currentattacks` (
  `instanceID` int NOT NULL,
  `aID` int NOT NULL,
  PRIMARY KEY (`instanceID`,`aID`),
  CONSTRAINT `currentattacks_ibfk_1` FOREIGN KEY (`instanceID`) REFERENCES `mypokemon` (`instanceID`)
) ENGINE=InnoDB DEFAULT CHARSET=utf8mb4 COLLATE=utf8mb4_0900_ai_ci;
/*!40101 SET character_set_client = @saved_cs_client */;

--
-- Dumping data for table `currentattacks`
--

LOCK TABLES `currentattacks` WRITE;
/*!40000 ALTER TABLE `currentattacks` DISABLE KEYS */;
/*!40000 ALTER TABLE `currentattacks` ENABLE KEYS */;
UNLOCK TABLES;

--
-- Table structure for table `evolutions`
--

DROP TABLE IF EXISTS `evolutions`;
/*!40101 SET @saved_cs_client     = @@character_set_client */;
/*!50503 SET character_set_client = utf8mb4 */;
CREATE TABLE `evolutions` (
  `base` int NOT NULL,
  `stage1` int NOT NULL,
  `stage2` int DEFAULT NULL,
  PRIMARY KEY (`base`,`stage1`)
) ENGINE=InnoDB DEFAULT CHARSET=utf8mb4 COLLATE=utf8mb4_0900_ai_ci;
/*!40101 SET character_set_client = @saved_cs_client */;

--
-- Dumping data for table `evolutions`
--

LOCK TABLES `evolutions` WRITE;
/*!40000 ALTER TABLE `evolutions` DISABLE KEYS */;
INSERT INTO `evolutions` VALUES (1,2,3),(4,5,6),(7,8,9),(10,11,12),(13,14,15),(16,17,18),(19,20,NULL),(21,22,NULL),(23,24,NULL),(27,28,NULL),(29,30,31),(32,33,34),(37,38,NULL),(41,42,NULL),(43,44,45),(46,47,NULL),(48,49,NULL),(50,51,NULL),(52,53,NULL),(54,55,NULL),(56,57,NULL),(58,59,NULL),(60,61,62),(63,64,65),(66,67,68),(69,70,71),(72,73,NULL),(74,75,76),(77,78,NULL),(79,80,NULL),(81,82,NULL),(84,85,NULL),(86,87,NULL),(88,89,NULL),(90,91,NULL),(92,93,94),(96,97,NULL),(98,99,NULL),(100,101,NULL),(102,103,NULL),(104,105,NULL),(109,110,NULL),(111,112,NULL),(116,117,NULL),(118,119,NULL),(120,121,NULL),(129,130,NULL),(133,134,NULL),(133,135,NULL),(133,136,NULL),(138,139,NULL),(140,141,NULL),(147,148,149);
/*!40000 ALTER TABLE `evolutions` ENABLE KEYS */;
UNLOCK TABLES;

--
-- Table structure for table `group_members`
--

DROP TABLE IF EXISTS `group_members`;
/*!40101 SET @saved_cs_client     = @@character_set_client */;
/*!50503 SET character_set_client = utf8mb4 */;
CREATE TABLE `group_members` (
  `id` int NOT NULL AUTO_INCREMENT,
  `first_name` varchar(45) DEFAULT NULL,
  `last_name` varchar(45) DEFAULT NULL,
  `favourite_colour` varchar(45) DEFAULT NULL,
  UNIQUE KEY `id` (`id`)
) ENGINE=InnoDB AUTO_INCREMENT=5 DEFAULT CHARSET=utf8mb4 COLLATE=utf8mb4_0900_ai_ci;
/*!40101 SET character_set_client = @saved_cs_client */;

--
-- Dumping data for table `group_members`
--

LOCK TABLES `group_members` WRITE;
/*!40000 ALTER TABLE `group_members` DISABLE KEYS */;
INSERT INTO `group_members` VALUES (1,'Mya','Kay','pink'),(2,'Jasmine','Yip','red'),(3,'Lola','James','purple'),(4,'Mahdee','Khandokar','black');
/*!40000 ALTER TABLE `group_members` ENABLE KEYS */;
UNLOCK TABLES;

--
-- Table structure for table `learnableattacks`
--

DROP TABLE IF EXISTS `learnableattacks`;
/*!40101 SET @saved_cs_client     = @@character_set_client */;
/*!50503 SET character_set_client = utf8mb4 */;
CREATE TABLE `learnableattacks` (
  `pID` int NOT NULL,
  `aID` int NOT NULL,
  PRIMARY KEY (`pID`,`aID`)
) ENGINE=InnoDB DEFAULT CHARSET=utf8mb4 COLLATE=utf8mb4_0900_ai_ci;
/*!40101 SET character_set_client = @saved_cs_client */;

--
-- Dumping data for table `learnableattacks`
--

LOCK TABLES `learnableattacks` WRITE;
/*!40000 ALTER TABLE `learnableattacks` DISABLE KEYS */;
INSERT INTO `learnableattacks` VALUES (1,5),(1,8),(1,18),(1,38),(1,50),(1,55),(1,62),(1,63),(1,64),(1,70),(1,74),(1,76),(1,79),(1,82),(1,83),(1,91),(2,5),(2,8),(2,18),(2,38),(2,50),(2,55),(2,62),(2,63),(2,76),(2,79),(2,82),(2,83),(2,91),(3,5),(3,8),(3,18),(3,26),(3,38),(3,42),(3,50),(3,55),(3,62),(3,63),(3,76),(3,79),(3,82),(3,83),(3,91),(4,6),(4,8),(4,18),(4,19),(4,28),(4,30),(4,31),(4,32),(4,33),(4,36),(4,38),(4,51),(4,52),(4,62),(4,65),(4,68),(4,70),(4,73),(4,79),(4,80),(4,83),(4,86),(4,95),(5,6),(5,8),(5,18),(5,19),(5,28),(5,30),(5,31),(5,32),(5,33),(5,36),(5,38),(5,51),(5,52),(5,62),(5,65),(5,68),(5,70),(5,73),(5,79),(5,80),(5,83),(5,86),(6,6),(6,8),(6,18),(6,19),(6,26),(6,28),(6,30),(6,31),(6,32),(6,33),(6,34),(6,36),(6,38),(6,42),(6,51),(6,52),(6,62),(6,65),(6,68),(6,70),(6,73),(6,76),(6,79),(6,80),(6,83),(6,86),(6,95),(7,6),(7,7),(7,8),(7,11),(7,12),(7,15),(7,19),(7,38),(7,41),(7,44),(7,45),(7,51),(7,52),(7,62),(7,65),(7,70),(7,79),(7,80),(7,81),(7,82),(7,83),(7,93),(7,94),(8,6),(8,7),(8,8),(8,11),(8,12),(8,19),(8,38),(8,41),(8,44),(8,45),(8,51),(8,52),(8,62),(8,65),(8,70),(8,79),(8,80),(8,81),(8,82),(8,83),(8,93),(8,94),(9,6),(9,7),(9,8),(9,11),(9,12),(9,19),(9,26),(9,38),(9,41),(9,42),(9,44),(9,45),(9,51),(9,52),(9,62),(9,65),(9,70),(9,79),(9,80),(9,81),(9,82),(9,83),(9,93),(9,94),(10,82),(12,15),(12,24),(12,37),(12,38),(12,42),(12,50),(12,59),(12,60),(12,62),(12,64),(12,76),(12,82),(12,83),(13,57),(15,18),(15,35),(15,38),(15,42),(15,50),(15,54),(15,56),(15,57),(15,62),(15,70),(15,76),(15,83),(15,90),(16,34),(16,37),(16,38),(16,61),(16,62),(16,64),(16,71),(16,82),(16,83),(16,95),(17,34),(17,37),(17,38),(17,61),(17,62),(17,64),(17,71),(17,82),(17,83),(17,95),(18,34),(18,37),(18,38),(18,42),(18,61),(18,62),(18,64),(18,71),(18,82),(18,83),(18,95),(19,6),(19,7),(19,8),(19,12),(19,18),(19,19),(19,36),(19,38),(19,43),(19,44),(19,61),(19,62),(19,70),(19,82),(19,83),(19,85),(19,88),(19,93),(20,6),(20,7),(20,8),(20,12),(20,18),(20,19),(20,36),(20,38),(20,42),(20,43),(20,44),(20,61),(20,62),(20,70),(20,79),(20,82),(20,83),(20,85),(20,88),(20,93),(21,25),(21,34),(21,35),(21,38),(21,54),(21,61),(21,62),(21,64),(21,71),(21,83),(21,89),(21,95),(22,25),(22,34),(22,35),(22,38),(22,42),(22,54),(22,61),(22,62),(22,64),(22,71),(22,83),(22,89),(22,95),(23,2),(23,5),(23,6),(23,8),(23,19),(23,26),(23,38),(23,48),(23,50),(23,57),(23,62),(23,65),(23,70),(23,72),(23,79),(23,83),(23,96),(24,2),(24,5),(24,6),(24,8),(24,19),(24,26),(24,38),(24,42),(24,48),(24,50),(24,57),(24,62),(24,65),(24,70),(24,72),(24,79),(24,83),(24,96),(25,8),(25,19),(25,21),(25,38),(25,51),(25,52),(25,53),(25,61),(25,62),(25,70),(25,72),(25,79),(25,80),(25,81),(25,83),(25,85),(25,86),(25,87),(25,88),(26,8),(26,19),(26,38),(26,42),(26,51),(26,52),(26,53),(26,61),(26,62),(26,70),(26,72),(26,79),(26,80),(26,81),(26,83),(26,85),(26,86),(26,87),(26,88),(27,8),(27,18),(27,19),(27,26),(27,36),(27,38),(27,48),(27,57),(27,62),(27,65),(27,68),(27,70),(27,73),(27,79),(27,80),(27,83),(28,8),(28,18),(28,19),(28,26),(28,36),(28,38),(28,42),(28,48),(28,56),(28,57),(28,62),(28,65),(28,68),(28,70),(28,73),(28,79),(28,80),(28,83),(30,6),(30,7),(30,8),(30,12),(30,18),(30,19),(30,21),(30,36),(30,38),(30,44),(30,57),(30,62),(30,68),(30,70),(30,79),(30,82),(30,83),(30,85),(30,88),(30,93),(31,6),(31,7),(31,8),(31,12),(31,18),(31,19),(31,21),(31,26),(31,30),(31,31),(31,33),(31,36),(31,38),(31,42),(31,44),(31,45),(31,51),(31,52),(31,53),(31,57),(31,62),(31,65),(31,68),(31,70),(31,79),(31,80),(31,81),(31,82),(31,83),(31,85),(31,86),(31,88),(31,93),(33,7),(33,8),(33,12),(33,18),(33,19),(33,21),(33,35),(33,38),(33,40),(33,44),(33,54),(33,57),(33,62),(33,70),(33,79),(33,82),(33,83),(33,85),(33,88),(33,93),(34,7),(34,8),(34,12),(34,18),(34,19),(34,21),(34,26),(34,30),(34,31),(34,33),(34,35),(34,38),(34,40),(34,42),(34,44),(34,45),(34,51),(34,52),(34,53),(34,54),(34,57),(34,62),(34,65),(34,70),(34,79),(34,80),(34,81),(34,82),(34,83),(34,84),(34,85),(34,86),(34,88),(34,93),(35,7),(35,8),(35,12),(35,19),(35,22),(35,24),(35,30),(35,31),(35,33),(35,38),(35,44),(35,45),(35,51),(35,52),(35,58),(35,59),(35,60),(35,62),(35,70),(35,76),(35,79),(35,80),(35,82),(35,83),(35,85),(35,86),(35,88),(35,89),(35,93),(36,7),(36,8),(36,12),(36,19),(36,22),(36,24),(36,30),(36,31),(36,33),(36,38),(36,42),(36,44),(36,45),(36,51),(36,52),(36,58),(36,59),(36,60),(36,62),(36,70),(36,76),(36,79),(36,80),(36,82),(36,83),(36,85),(36,86),(36,88),(36,89),(36,93),(37,8),(37,19),(37,28),(37,30),(37,32),(37,33),(37,38),(37,61),(37,62),(37,70),(37,82),(37,83),(38,8),(38,19),(38,24),(38,28),(38,30),(38,32),(38,33),(38,38),(38,42),(38,61),(38,62),(38,70),(38,76),(38,82),(38,83),(39,7),(39,8),(39,12),(39,19),(39,22),(39,24),(39,30),(39,31),(39,33),(39,38),(39,44),(39,45),(39,51),(39,52),(39,58),(39,60),(39,62),(39,70),(39,76),(39,79),(39,80),(39,83),(39,85),(39,86),(39,88),(39,89),(39,93),(40,7),(40,8),(40,12),(40,19),(40,22),(40,24),(40,30),(40,31),(40,33),(40,38),(40,42),(40,44),(40,45),(40,51),(40,52),(40,58),(40,60),(40,62),(40,70),(40,76),(40,79),(40,80),(40,83),(40,85),(40,86),(40,88),(40,89),(40,93),(41,1),(41,6),(41,34),(41,37),(41,38),(41,48),(41,50),(41,61),(41,62),(41,64),(41,83),(41,95),(42,1),(42,6),(42,34),(42,37),(42,38),(42,42),(42,48),(42,50),(42,61),(42,62),(42,64),(42,83),(42,95),(43,1),(43,2),(43,18),(43,38),(43,50),(43,55),(43,62),(43,63),(43,76),(43,83),(44,1),(44,2),(44,18),(44,38),(44,50),(44,55),(44,62),(44,63),(44,76),(44,83),(45,1),(45,2),(45,8),(45,18),(45,38),(45,42),(45,50),(45,55),(45,62),(45,63),(45,76),(45,83),(46,1),(46,8),(46,18),(46,19),(46,36),(46,38),(46,48),(46,50),(46,59),(46,62),(46,68),(46,70),(46,73),(46,76),(46,83),(47,1),(47,8),(47,18),(47,19),(47,36),(47,38),(47,42),(47,48),(47,50),(47,62),(47,68),(47,70),(47,73),(47,76),(47,83),(48,15),(48,38),(48,48),(48,50),(48,59),(48,60),(48,62),(48,76),(48,82),(48,83),(49,15),(49,24),(49,37),(49,38),(49,42),(49,48),(49,50),(49,59),(49,60),(49,62),(49,64),(49,76),(49,82),(49,83),(50,8),(50,18),(50,19),(50,26),(50,36),(50,38),(50,62),(50,65),(50,68),(50,73),(50,83),(51,8),(51,18),(51,19),(51,26),(51,36),(51,38),(51,42),(51,62),(51,65),(51,68),(51,73),(51,83),(51,89),(52,6),(52,8),(52,12),(52,18),(52,19),(52,24),(52,36),(52,38),(52,53),(52,62),(52,68),(52,70),(52,73),(52,83),(52,85),(52,88),(52,93),(53,6),(53,8),(53,12),(53,18),(53,19),(53,24),(53,36),(53,38),(53,42),(53,53),(53,62),(53,68),(53,70),(53,73),(53,83),(53,85),(53,88),(53,93),(54,7),(54,8),(54,11),(54,12),(54,15),(54,19),(54,36),(54,38),(54,41),(54,44),(54,45),(54,51),(54,52),(54,53),(54,59),(54,60),(54,62),(54,68),(54,70),(54,79),(54,80),(54,81),(54,83),(54,93),(54,94),(55,7),(55,8),(55,11),(55,12),(55,15),(55,19),(55,36),(55,38),(55,41),(55,42),(55,44),(55,45),(55,51),(55,52),(55,53),(55,59),(55,60),(55,62),(55,68),(55,70),(55,79),(55,80),(55,81),(55,83),(55,93),(55,94),(56,8),(56,19),(56,26),(56,31),(56,36),(56,38),(56,45),(56,47),(56,51),(56,52),(56,53),(56,62),(56,65),(56,68),(56,70),(56,79),(56,80),(56,83),(56,84),(56,85),(56,86),(56,88),(57,8),(57,19),(57,26),(57,31),(57,36),(57,38),(57,42),(57,45),(57,47),(57,51),(57,52),(57,53),(57,62),(57,65),(57,68),(57,70),(57,79),(57,80),(57,83),(57,84),(57,85),(57,86),(57,88),(58,6),(58,8),(58,19),(58,21),(58,28),(58,30),(58,32),(58,33),(58,38),(58,62),(58,70),(58,79),(58,83),(58,84),(59,6),(59,8),(59,19),(59,28),(59,30),(59,32),(59,33),(59,38),(59,42),(59,62),(59,70),(59,76),(59,79),(59,83),(60,7),(60,8),(60,11),(60,12),(60,19),(60,22),(60,38),(60,41),(60,44),(60,58),(60,60),(60,62),(60,70),(60,81),(60,83),(60,93),(60,94),(61,7),(61,8),(61,11),(61,12),(61,19),(61,22),(61,26),(61,38),(61,41),(61,44),(61,45),(61,51),(61,52),(61,58),(61,60),(61,62),(61,70),(61,79),(61,80),(61,81),(61,83),(61,93),(61,94),(62,7),(62,8),(62,11),(62,12),(62,19),(62,22),(62,26),(62,38),(62,41),(62,42),(62,44),(62,45),(62,51),(62,52),(62,58),(62,60),(62,62),(62,65),(62,70),(62,79),(62,80),(62,81),(62,83),(62,93),(62,94),(63,8),(63,15),(63,24),(63,31),(63,38),(63,45),(63,51),(63,52),(63,60),(63,62),(63,70),(63,80),(63,83),(63,86),(63,89),(64,8),(64,15),(64,19),(64,24),(64,31),(64,38),(64,45),(64,51),(64,52),(64,59),(64,60),(64,62),(64,70),(64,80),(64,83),(64,86),(64,89),(65,8),(65,15),(65,19),(65,24),(65,31),(65,38),(65,42),(65,45),(65,51),(65,52),(65,59),(65,60),(65,62),(65,70),(65,80),(65,83),(65,86),(65,89),(66,8),(66,19),(66,26),(66,30),(66,31),(66,33),(66,38),(66,45),(66,47),(66,51),(66,52),(66,62),(66,65),(66,67),(66,70),(66,79),(66,80),(66,82),(66,83),(66,86),(67,8),(67,19),(67,26),(67,30),(67,31),(67,33),(67,38),(67,45),(67,47),(67,51),(67,52),(67,62),(67,65),(67,70),(67,79),(67,80),(67,82),(67,83),(67,86),(68,8),(68,19),(68,26),(68,30),(68,31),(68,33),(68,38),(68,42),(68,45),(68,47),(68,51),(68,52),(68,62),(68,65),(68,70),(68,79),(68,80),(68,82),(68,83),(68,86),(69,2),(69,5),(69,18),(69,38),(69,48),(69,50),(69,62),(69,63),(69,72),(69,76),(69,83),(69,91),(69,96),(70,2),(70,5),(70,8),(70,18),(70,38),(70,48),(70,50),(70,62),(70,63),(70,72),(70,76),(70,83),(70,91),(70,96),(71,2),(71,5),(71,8),(71,18),(71,38),(71,42),(71,48),(71,50),(71,62),(71,63),(71,72),(71,76),(71,83),(71,91),(71,96),(72,2),(72,3),(72,5),(72,7),(72,11),(72,12),(72,16),(72,18),(72,38),(72,41),(72,44),(72,50),(72,57),(72,62),(72,70),(72,81),(72,83),(72,93),(72,94),(72,96),(73,2),(73,3),(73,5),(73,7),(73,11),(73,12),(73,16),(73,18),(73,38),(73,41),(73,42),(73,44),(73,50),(73,57),(73,62),(73,70),(73,81),(73,83),(73,93),(73,94),(73,96),(74,8),(74,19),(74,26),(74,29),(74,30),(74,31),(74,33),(74,38),(74,52),(74,62),(74,65),(74,66),(74,79),(74,80),(74,82),(74,83),(74,86),(75,8),(75,19),(75,26),(75,29),(75,30),(75,31),(75,33),(75,38),(75,52),(75,62),(75,65),(75,66),(75,79),(75,80),(75,82),(75,83),(75,86),(76,8),(76,19),(76,26),(76,29),(76,30),(76,31),(76,33),(76,38),(76,42),(76,51),(76,52),(76,62),(76,65),(76,66),(76,79),(76,80),(76,82),(76,83),(76,86),(77,8),(77,21),(77,28),(77,30),(77,32),(77,33),(77,38),(77,61),(77,62),(77,70),(77,76),(77,78),(77,79),(77,82),(77,83),(77,84),(78,8),(78,21),(78,28),(78,30),(78,32),(78,33),(78,35),(78,38),(78,42),(78,53),(78,61),(78,62),(78,70),(78,76),(78,78),(78,79),(78,82),(78,83),(79,7),(79,8),(79,12),(79,15),(79,19),(79,24),(79,26),(79,30),(79,33),(79,38),(79,41),(79,44),(79,53),(79,59),(79,60),(79,62),(79,70),(79,78),(79,79),(79,81),(79,82),(79,83),(79,89),(79,93),(79,94),(80,7),(80,8),(80,12),(80,15),(80,19),(80,24),(80,26),(80,30),(80,33),(80,38),(80,41),(80,42),(80,44),(80,45),(80,51),(80,52),(80,53),(80,59),(80,60),(80,62),(80,70),(80,78),(80,79),(80,80),(80,81),(80,82),(80,83),(80,89),(80,93),(80,94),(81,29),(81,38),(81,62),(81,82),(81,83),(81,85),(81,87),(81,88),(82,29),(82,38),(82,42),(82,62),(82,82),(82,83),(82,85),(82,87),(82,88),(82,89),(84,8),(84,25),(84,34),(84,35),(84,38),(84,46),(84,54),(84,61),(84,62),(84,70),(84,71),(84,83),(84,84),(84,89),(84,95),(85,8),(85,25),(85,34),(85,35),(85,38),(85,42),(85,46),(85,54),(85,61),(85,62),(85,70),(85,71),(85,83),(85,84),(85,89),(85,95),(86,3),(86,7),(86,8),(86,12),(86,38),(86,41),(86,44),(86,49),(86,53),(86,54),(86,62),(86,70),(86,72),(86,79),(86,81),(86,83),(86,93),(86,94),(87,3),(87,7),(87,8),(87,12),(87,38),(87,41),(87,42),(87,44),(87,49),(87,53),(87,62),(87,70),(87,79),(87,81),(87,83),(87,93),(87,94),(88,8),(88,19),(88,29),(88,30),(88,31),(88,33),(88,38),(88,45),(88,49),(88,50),(88,58),(88,62),(88,65),(88,74),(88,75),(88,79),(88,83),(88,85),(88,86),(88,88),(89,8),(89,19),(89,29),(89,30),(89,31),(89,33),(89,38),(89,42),(89,45),(89,50),(89,58),(89,62),(89,65),(89,74),(89,75),(89,79),(89,83),(89,85),(89,86),(89,88),(90,3),(90,7),(90,12),(90,13),(90,29),(90,38),(90,41),(90,44),(90,62),(90,81),(90,82),(90,83),(90,89),(90,90),(90,93),(90,94),(91,3),(91,7),(91,8),(91,12),(91,13),(91,29),(91,38),(91,41),(91,42),(91,44),(91,56),(91,62),(91,77),(91,81),(91,82),(91,83),(91,89),(91,90),(91,93),(91,94),(92,24),(92,29),(92,31),(92,38),(92,45),(92,49),(92,50),(92,60),(92,62),(92,75),(92,85),(92,86),(92,88),(93,24),(93,29),(93,31),(93,38),(93,45),(93,49),(93,50),(93,60),(93,62),(93,75),(93,85),(93,86),(93,88),(94,8),(94,24),(94,29),(94,31),(94,38),(94,42),(94,45),(94,49),(94,50),(94,51),(94,52),(94,60),(94,62),(94,70),(94,75),(94,79),(94,80),(94,83),(94,85),(94,86),(94,88),(95,5),(95,8),(95,19),(95,26),(95,29),(95,38),(95,62),(95,65),(95,66),(95,70),(95,72),(95,79),(95,82),(95,83),(96,8),(96,15),(96,24),(96,31),(96,38),(96,45),(96,51),(96,52),(96,58),(96,59),(96,60),(96,62),(96,70),(96,80),(96,83),(96,86),(96,89),(97,8),(97,15),(97,24),(97,31),(97,38),(97,42),(97,45),(97,51),(97,52),(97,58),(97,59),(97,60),(97,62),(97,70),(97,80),(97,83),(97,86),(97,89),(98,7),(98,8),(98,11),(98,12),(98,17),(98,18),(98,19),(98,38),(98,44),(98,62),(98,65),(98,72),(98,73),(98,78),(98,79),(98,81),(98,83),(98,93),(99,7),(99,8),(99,11),(99,12),(99,17),(99,18),(99,19),(99,38),(99,41),(99,42),(99,44),(99,62),(99,65),(99,72),(99,78),(99,79),(99,81),(99,83),(99,93),(100,29),(100,38),(100,62),(100,82),(100,83),(100,85),(100,87),(100,88),(101,29),(101,38),(101,42),(101,62),(101,70),(101,82),(101,83),(101,85),(101,87),(101,88),(102,1),(102,4),(102,15),(102,24),(102,27),(102,29),(102,38),(102,50),(102,59),(102,60),(102,62),(102,76),(102,79),(102,83),(103,1),(103,4),(103,8),(103,15),(103,24),(103,26),(103,27),(103,29),(103,38),(103,42),(103,50),(103,59),(103,60),(103,62),(103,76),(103,78),(103,79),(103,83),(104,7),(104,8),(104,9),(104,10),(104,12),(104,19),(104,21),(104,26),(104,30),(104,31),(104,33),(104,38),(104,44),(104,51),(104,52),(104,62),(104,65),(104,70),(104,79),(104,80),(104,83),(104,84),(104,86),(104,93),(105,7),(105,8),(105,9),(105,10),(105,12),(105,19),(105,26),(105,30),(105,31),(105,33),(105,38),(105,42),(105,44),(105,51),(105,52),(105,62),(105,65),(105,70),(105,79),(105,80),(105,83),(105,84),(105,86),(105,93),(106,8),(106,21),(106,26),(106,38),(106,39),(106,46),(106,51),(106,52),(106,62),(106,65),(106,67),(106,70),(106,79),(106,80),(106,82),(106,83),(107,8),(107,14),(107,20),(107,26),(107,31),(107,38),(107,39),(107,45),(107,51),(107,52),(107,62),(107,65),(107,70),(107,79),(107,80),(107,82),(107,83),(107,86),(108,2),(108,5),(108,7),(108,8),(108,12),(108,18),(108,19),(108,24),(108,26),(108,30),(108,31),(108,33),(108,38),(108,41),(108,42),(108,44),(108,45),(108,49),(108,51),(108,52),(108,62),(108,65),(108,70),(108,72),(108,76),(108,78),(108,79),(108,80),(108,81),(108,82),(108,83),(108,84),(108,85),(108,86),(108,88),(108,93),(108,96),(109,8),(109,29),(109,30),(109,33),(109,38),(109,59),(109,62),(109,74),(109,75),(109,82),(109,83),(109,85),(109,88),(110,8),(110,29),(110,30),(110,33),(110,38),(110,42),(110,59),(110,62),(110,74),(110,75),(110,82),(110,83),(110,85),(110,88),(111,7),(111,8),(111,19),(111,26),(111,30),(111,33),(111,35),(111,38),(111,40),(111,44),(111,62),(111,65),(111,66),(111,70),(111,78),(111,79),(111,82),(111,83),(111,84),(111,85),(111,88),(112,7),(112,8),(112,12),(112,18),(112,19),(112,26),(112,30),(112,31),(112,33),(112,35),(112,38),(112,40),(112,41),(112,42),(112,44),(112,45),(112,51),(112,52),(112,53),(112,62),(112,65),(112,66),(112,70),(112,78),(112,79),(112,80),(112,81),(112,82),(112,83),(112,85),(112,86),(112,88),(112,93),(113,7),(113,8),(113,12),(113,22),(113,24),(113,26),(113,27),(113,30),(113,31),(113,33),(113,38),(113,42),(113,44),(113,45),(113,51),(113,52),(113,58),(113,60),(113,62),(113,65),(113,70),(113,76),(113,79),(113,80),(113,82),(113,83),(113,85),(113,86),(113,88),(113,89),(113,93),(114,1),(114,5),(114,8),(114,15),(114,16),(114,18),(114,38),(114,42),(114,50),(114,62),(114,70),(114,72),(114,76),(114,83),(114,91),(115,6),(115,7),(115,8),(115,12),(115,14),(115,18),(115,19),(115,20),(115,26),(115,30),(115,31),(115,33),(115,38),(115,41),(115,42),(115,44),(115,45),(115,51),(115,52),(115,58),(115,62),(115,65),(115,70),(115,76),(115,78),(115,79),(115,80),(115,81),(115,83),(115,85),(115,86),(115,88),(115,93),(116,3),(116,7),(116,11),(116,12),(116,38),(116,41),(116,44),(116,62),(116,64),(116,70),(116,81),(116,83),(116,93),(116,94),(117,3),(117,7),(117,11),(117,12),(117,38),(117,41),(117,42),(117,44),(117,62),(117,70),(117,81),(117,83),(117,93),(117,94),(118,7),(118,8),(118,12),(118,35),(118,38),(118,40),(118,41),(118,44),(118,54),(118,59),(118,61),(118,62),(118,70),(118,81),(118,83),(118,93),(118,94),(119,7),(119,8),(119,12),(119,35),(119,38),(119,40),(119,41),(119,42),(119,44),(119,54),(119,59),(119,61),(119,62),(119,70),(119,81),(119,83),(119,93),(119,94),(120,3),(120,7),(120,12),(120,38),(120,41),(120,44),(120,59),(120,60),(120,62),(120,70),(120,81),(120,82),(120,83),(120,85),(120,88),(120,89),(120,93),(120,94),(121,7),(121,12),(121,24),(121,38),(121,41),(121,42),(121,44),(121,59),(121,60),(121,62),(121,70),(121,81),(121,82),(121,83),(121,85),(121,88),(121,89),(121,93),(121,94),(123,18),(123,38),(123,42),(123,61),(123,62),(123,64),(123,70),(123,73),(123,83),(123,95),(124,7),(124,8),(124,12),(124,15),(124,22),(124,24),(124,38),(124,42),(124,44),(124,45),(124,49),(124,51),(124,52),(124,58),(124,60),(124,62),(124,70),(124,80),(124,83),(124,84),(124,93),(125,8),(125,31),(125,38),(125,42),(125,45),(125,51),(125,52),(125,60),(125,61),(125,62),(125,70),(125,79),(125,80),(125,83),(125,85),(125,86),(125,87),(125,88),(126,8),(126,28),(126,30),(126,31),(126,32),(126,33),(126,38),(126,42),(126,51),(126,52),(126,60),(126,62),(126,70),(126,75),(126,79),(126,80),(126,82),(126,83),(126,86),(127,5),(127,8),(127,18),(127,19),(127,26),(127,35),(127,38),(127,42),(127,61),(127,62),(127,65),(127,73),(127,79),(127,80),(127,83),(127,84),(128,7),(128,8),(128,19),(128,26),(128,30),(128,33),(128,38),(128,40),(128,42),(128,44),(128,62),(128,65),(128,70),(128,76),(128,78),(128,79),(128,81),(128,82),(128,83),(128,84),(128,85),(128,88),(129,41),(129,82),(130,5),(130,6),(130,7),(130,8),(130,12),(130,26),(130,30),(130,33),(130,38),(130,41),(130,42),(130,44),(130,62),(130,70),(130,79),(130,81),(130,82),(130,83),(130,84),(130,85),(130,88),(130,93),(130,94),(131,3),(131,7),(131,8),(131,12),(131,24),(131,26),(131,38),(131,41),(131,42),(131,44),(131,60),(131,62),(131,70),(131,76),(131,79),(131,81),(131,83),(131,85),(131,88),(131,93),(131,94),(133,6),(133,8),(133,19),(133,21),(133,38),(133,53),(133,61),(133,62),(133,70),(133,82),(133,83),(134,3),(134,6),(134,7),(134,8),(134,11),(134,12),(134,19),(134,21),(134,38),(134,41),(134,42),(134,44),(134,53),(134,61),(134,62),(134,70),(134,79),(134,81),(134,82),(134,83),(134,93),(134,94),(135,6),(135,8),(135,19),(135,21),(135,38),(135,42),(135,53),(135,56),(135,61),(135,62),(135,70),(135,79),(135,82),(135,83),(135,85),(135,87),(135,88),(136,6),(136,8),(136,19),(136,21),(136,28),(136,30),(136,32),(136,33),(136,38),(136,42),(136,53),(136,61),(136,62),(136,70),(136,75),(136,79),(136,82),(136,83),(137,7),(137,24),(137,38),(137,42),(137,44),(137,59),(137,60),(137,62),(137,70),(137,76),(137,82),(137,83),(137,85),(137,87),(137,88),(137,89),(138,3),(138,5),(138,6),(138,7),(138,8),(138,12),(138,16),(138,38),(138,40),(138,41),(138,44),(138,62),(138,65),(138,66),(138,72),(138,77),(138,81),(138,83),(138,93),(138,94),(139,5),(139,6),(139,7),(139,8),(139,12),(139,16),(139,38),(139,40),(139,41),(139,42),(139,44),(139,56),(139,62),(139,65),(139,66),(139,70),(139,77),(139,80),(139,81),(139,83),(139,93),(139,94),(140,1),(140,3),(140,7),(140,8),(140,12),(140,19),(140,38),(140,41),(140,44),(140,48),(140,50),(140,62),(140,65),(140,66),(140,68),(140,73),(140,81),(140,83),(140,93),(140,94),(141,1),(141,7),(141,8),(141,12),(141,18),(141,19),(141,38),(141,41),(141,42),(141,44),(141,48),(141,50),(141,51),(141,62),(141,64),(141,65),(141,66),(141,68),(141,70),(141,73),(141,80),(141,81),(141,83),(141,93),(141,94),(142,6),(142,26),(142,30),(142,33),(142,34),(142,38),(142,42),(142,62),(142,64),(142,65),(142,66),(142,71),(142,79),(142,83),(142,95),(143,6),(143,7),(143,8),(143,12),(143,19),(143,26),(143,30),(143,31),(143,33),(143,38),(143,41),(143,42),(143,44),(143,45),(143,49),(143,51),(143,52),(143,53),(143,60),(143,62),(143,65),(143,70),(143,76),(143,79),(143,80),(143,81),(143,82),(143,83),(143,85),(143,86),(143,88),(143,93),(144,7),(144,12),(144,34),(144,37),(144,38),(144,42),(144,44),(144,54),(144,62),(144,64),(144,71),(144,83),(144,93),(145,25),(145,34),(145,38),(145,42),(145,54),(145,62),(145,64),(145,71),(145,83),(145,85),(145,87),(145,88),(146,28),(146,30),(146,32),(146,33),(146,34),(146,37),(146,38),(146,42),(146,54),(146,62),(146,64),(146,71),(146,76),(146,83),(146,95),(147,5),(147,7),(147,8),(147,12),(147,30),(147,32),(147,33),(147,38),(147,41),(147,42),(147,44),(147,62),(147,70),(147,72),(147,81),(147,83),(147,85),(147,88),(147,93),(147,94),(147,96),(148,5),(148,7),(148,8),(148,12),(148,30),(148,32),(148,33),(148,38),(148,41),(148,42),(148,44),(148,62),(148,70),(148,72),(148,81),(148,83),(148,85),(148,88),(148,93),(148,94),(148,96),(149,5),(149,7),(149,8),(149,12),(149,18),(149,26),(149,30),(149,31),(149,32),(149,33),(149,34),(149,38),(149,41),(149,42),(149,44),(149,45),(149,51),(149,52),(149,62),(149,64),(149,65),(149,70),(149,72),(149,79),(149,81),(149,83),(149,85),(149,86),(149,88),(149,93),(149,94),(149,95),(149,96),(150,7),(150,8),(150,12),(150,15),(150,24),(150,26),(150,30),(150,31),(150,33),(150,38),(150,42),(150,44),(150,45),(150,51),(150,52),(150,53),(150,59),(150,60),(150,62),(150,65),(150,70),(150,76),(150,79),(150,80),(150,83),(150,85),(150,86),(150,88),(150,89),(150,93),(151,5),(151,7),(151,8),(151,12),(151,15),(151,18),(151,19),(151,24),(151,26),(151,27),(151,29),(151,30),(151,31),(151,32),(151,33),(151,34),(151,38),(151,41),(151,42),(151,44),(151,45),(151,48),(151,50),(151,51),(151,52),(151,53),(151,56),(151,58),(151,59),(151,60),(151,62),(151,64),(151,65),(151,70),(151,71),(151,76),(151,79),(151,80),(151,81),(151,83),(151,85),(151,86),(151,88),(151,89),(151,93),(151,94);
/*!40000 ALTER TABLE `learnableattacks` ENABLE KEYS */;
UNLOCK TABLES;

--
-- Table structure for table `listing`
--

DROP TABLE IF EXISTS `listing`;
/*!40101 SET @saved_cs_client     = @@character_set_client */;
/*!50503 SET character_set_client = utf8mb4 */;
CREATE TABLE `listing` (
  `listingID` int NOT NULL AUTO_INCREMENT,
  `instanceID` int NOT NULL,
  `sellerID` int NOT NULL,
  `description` varchar(100) DEFAULT NULL,
  PRIMARY KEY (`listingID`)
) ENGINE=InnoDB DEFAULT CHARSET=utf8mb4 COLLATE=utf8mb4_0900_ai_ci;
/*!40101 SET character_set_client = @saved_cs_client */;

--
-- Dumping data for table `listing`
--

LOCK TABLES `listing` WRITE;
/*!40000 ALTER TABLE `listing` DISABLE KEYS */;
/*!40000 ALTER TABLE `listing` ENABLE KEYS */;
UNLOCK TABLES;

--
-- Table structure for table `mypokemon`
--

DROP TABLE IF EXISTS `mypokemon`;
/*!40101 SET @saved_cs_client     = @@character_set_client */;
/*!50503 SET character_set_client = utf8mb4 */;
CREATE TABLE `mypokemon` (
  `pID` int NOT NULL,
  `uID` int NOT NULL,
  `instanceID` int NOT NULL AUTO_INCREMENT,
  `nickname` varchar(30) DEFAULT NULL,
  `level` int DEFAULT NULL,
  `favourite` bit(1) DEFAULT b'0',
  `onteam` bit(1) DEFAULT b'0',
  `showcase` bit(1) DEFAULT b'0',
  `dateAdded` datetime DEFAULT '2000-01-01 00:00:00',
  PRIMARY KEY (`instanceID`),
  CONSTRAINT `mypokemon_chk_1` CHECK ((`level` > 0))
) ENGINE=InnoDB DEFAULT CHARSET=utf8mb4 COLLATE=utf8mb4_0900_ai_ci;
/*!40101 SET character_set_client = @saved_cs_client */;

--
-- Dumping data for table `mypokemon`
--

LOCK TABLES `mypokemon` WRITE;
/*!40000 ALTER TABLE `mypokemon` DISABLE KEYS */;
/*!40000 ALTER TABLE `mypokemon` ENABLE KEYS */;
UNLOCK TABLES;

--
-- Table structure for table `pokedex`
--

DROP TABLE IF EXISTS `pokedex`;
/*!40101 SET @saved_cs_client     = @@character_set_client */;
/*!50503 SET character_set_client = utf8mb4 */;
CREATE TABLE `pokedex` (
  `pID` int NOT NULL AUTO_INCREMENT,
  `name` varchar(40) NOT NULL,
  `type1` varchar(10) NOT NULL,
  `type2` varchar(10) DEFAULT NULL,
  `hp` int NOT NULL,
  `atk` int NOT NULL,
  `def` int NOT NULL,
  `spAtk` int NOT NULL,
  `spDef` int NOT NULL,
  `speed` int NOT NULL,
  `legendary` bit(1) NOT NULL,
  `description` varchar(200) DEFAULT NULL,
  PRIMARY KEY (`pID`),
  CONSTRAINT `pokedex_chk_1` CHECK (((`HP` >= 0) and (`atk` >= 0) and (`def` >= 0) and (`spAtk` >= 0) and (`spDef` >= 0) and (`speed` >= 0)))
) ENGINE=InnoDB AUTO_INCREMENT=152 DEFAULT CHARSET=utf8mb4 COLLATE=utf8mb4_0900_ai_ci;
/*!40101 SET character_set_client = @saved_cs_client */;

--
-- Dumping data for table `pokedex`
--

LOCK TABLES `pokedex` WRITE;
/*!40000 ALTER TABLE `pokedex` DISABLE KEYS */;
INSERT INTO `pokedex` VALUES (1,'Bulbasaur','Grass','Poison',45,49,49,65,65,45,_binary '\0',NULL),(2,'Ivysaur','Grass','Poison',60,62,63,80,80,60,_binary '\0',NULL),(3,'Venusaur','Grass','Poison',80,82,83,100,100,80,_binary '\0',NULL),(4,'Charmander','Fire','',39,52,43,60,50,65,_binary '\0',NULL),(5,'Charmeleon','Fire','',58,64,58,80,65,80,_binary '\0',NULL),(6,'Charizard','Fire','Flying',78,84,78,109,85,100,_binary '\0',NULL),(7,'Squirtle','Water','',44,48,65,50,64,43,_binary '\0',NULL),(8,'Wartortle','Water','',59,63,80,65,80,58,_binary '\0',NULL),(9,'Blastoise','Water','',79,83,100,85,105,78,_binary '\0',NULL),(10,'Caterpie','Bug','',45,30,35,20,20,45,_binary '\0',NULL),(11,'Metapod','Bug','',50,20,55,25,25,30,_binary '\0',NULL),(12,'Butterfree','Bug','Flying',60,45,50,90,80,70,_binary '\0',NULL),(13,'Weedle','Bug','Poison',40,35,30,20,20,50,_binary '\0',NULL),(14,'Kakuna','Bug','Poison',45,25,50,25,25,35,_binary '\0',NULL),(15,'Beedrill','Bug','Poison',65,90,40,45,80,75,_binary '\0',NULL),(16,'Pidgey','Normal','Flying',40,45,40,35,35,56,_binary '\0',NULL),(17,'Pidgeotto','Normal','Flying',63,60,55,50,50,71,_binary '\0',NULL),(18,'Pidgeot','Normal','Flying',83,80,75,70,70,101,_binary '\0',NULL),(19,'Rattata','Normal','',30,56,35,25,35,72,_binary '\0',NULL),(20,'Raticate','Normal','',55,81,60,50,70,97,_binary '\0',NULL),(21,'Spearow','Normal','Flying',40,60,30,31,31,70,_binary '\0',NULL),(22,'Fearow','Normal','Flying',65,90,65,61,61,100,_binary '\0',NULL),(23,'Ekans','Poison','',35,60,44,40,54,55,_binary '\0',NULL),(24,'Arbok','Poison','',60,85,69,65,79,80,_binary '\0',NULL),(25,'Pikachu','Electric','',35,55,40,50,50,90,_binary '\0',NULL),(26,'Raichu','Electric','',60,90,55,90,80,110,_binary '\0',NULL),(27,'Sandshrew','Ground','',50,75,85,20,30,40,_binary '\0',NULL),(28,'Sandslash','Ground','',75,100,110,45,55,65,_binary '\0',NULL),(29,'Nidoran♀','Poison','',55,47,52,40,40,41,_binary '\0',NULL),(30,'Nidorina','Poison','',70,62,67,55,55,56,_binary '\0',NULL),(31,'Nidoqueen','Poison','Ground',90,92,87,75,85,76,_binary '\0',NULL),(32,'Nidoran♂','Poison','',46,57,40,40,40,50,_binary '\0',NULL),(33,'Nidorino','Poison','',61,72,57,55,55,65,_binary '\0',NULL),(34,'Nidoking','Poison','Ground',81,102,77,85,75,85,_binary '\0',NULL),(35,'Clefairy','Fairy','',70,45,48,60,65,35,_binary '\0',NULL),(36,'Clefable','Fairy','',95,70,73,95,90,60,_binary '\0',NULL),(37,'Vulpix','Fire','',38,41,40,50,65,65,_binary '\0',NULL),(38,'Ninetales','Fire','',73,76,75,81,100,100,_binary '\0',NULL),(39,'Jigglypuff','Normal','Fairy',115,45,20,45,25,20,_binary '\0',NULL),(40,'Wigglytuff','Normal','Fairy',140,70,45,85,50,45,_binary '\0',NULL),(41,'Zubat','Poison','Flying',40,45,35,30,40,55,_binary '\0',NULL),(42,'Golbat','Poison','Flying',75,80,70,65,75,90,_binary '\0',NULL),(43,'Oddish','Grass','Poison',45,50,55,75,65,30,_binary '\0',NULL),(44,'Gloom','Grass','Poison',60,65,70,85,75,40,_binary '\0',NULL),(45,'Vileplume','Grass','Poison',75,80,85,110,90,50,_binary '\0',NULL),(46,'Paras','Bug','Grass',35,70,55,45,55,25,_binary '\0',NULL),(47,'Parasect','Bug','Grass',60,95,80,60,80,30,_binary '\0',NULL),(48,'Venonat','Bug','Poison',60,55,50,40,55,45,_binary '\0',NULL),(49,'Venomoth','Bug','Poison',70,65,60,90,75,90,_binary '\0',NULL),(50,'Diglett','Ground','',10,55,25,35,45,95,_binary '\0',NULL),(51,'Dugtrio','Ground','',35,80,50,50,70,120,_binary '\0',NULL),(52,'Meowth','Normal','',40,45,35,40,40,90,_binary '\0',NULL),(53,'Persian','Normal','',65,70,60,65,65,115,_binary '\0',NULL),(54,'Psyduck','Water','',50,52,48,65,50,55,_binary '\0',NULL),(55,'Golduck','Water','',80,82,78,95,80,85,_binary '\0',NULL),(56,'Mankey','Fighting','',40,80,35,35,45,70,_binary '\0',NULL),(57,'Primeape','Fighting','',65,105,60,60,70,95,_binary '\0',NULL),(58,'Growlithe','Fire','',55,70,45,70,50,60,_binary '\0',NULL),(59,'Arcanine','Fire','',90,110,80,100,80,95,_binary '\0',NULL),(60,'Poliwag','Water','',40,50,40,40,40,90,_binary '\0',NULL),(61,'Poliwhirl','Water','',65,65,65,50,50,90,_binary '\0',NULL),(62,'Poliwrath','Water','Fighting',90,95,95,70,90,70,_binary '\0',NULL),(63,'Abra','Psychic','',25,20,15,105,55,90,_binary '\0',NULL),(64,'Kadabra','Psychic','',40,35,30,120,70,105,_binary '\0',NULL),(65,'Alakazam','Psychic','',55,50,45,135,95,120,_binary '\0',NULL),(66,'Machop','Fighting','',70,80,50,35,35,35,_binary '\0',NULL),(67,'Machoke','Fighting','',80,100,70,50,60,45,_binary '\0',NULL),(68,'Machamp','Fighting','',90,130,80,65,85,55,_binary '\0',NULL),(69,'Bellsprout','Grass','Poison',50,75,35,70,30,40,_binary '\0',NULL),(70,'Weepinbell','Grass','Poison',65,90,50,85,45,55,_binary '\0',NULL),(71,'Victreebel','Grass','Poison',80,105,65,100,70,70,_binary '\0',NULL),(72,'Tentacool','Water','Poison',40,40,35,50,100,70,_binary '\0',NULL),(73,'Tentacruel','Water','Poison',80,70,65,80,120,100,_binary '\0',NULL),(74,'Geodude','Rock','Ground',40,80,100,30,30,20,_binary '\0',NULL),(75,'Graveler','Rock','Ground',55,95,115,45,45,35,_binary '\0',NULL),(76,'Golem','Rock','Ground',80,120,130,55,65,45,_binary '\0',NULL),(77,'Ponyta','Fire','',50,85,55,65,65,90,_binary '\0',NULL),(78,'Rapidash','Fire','',65,100,70,80,80,105,_binary '\0',NULL),(79,'Slowpoke','Water','Psychic',90,65,65,40,40,15,_binary '\0',NULL),(80,'Slowbro','Water','Psychic',95,75,110,100,80,30,_binary '\0',NULL),(81,'Magnemite','Electric','Steel',25,35,70,95,55,45,_binary '\0',NULL),(82,'Magneton','Electric','Steel',50,60,95,120,70,70,_binary '\0',NULL),(83,'Farfetch\'d','Normal','Flying',52,65,55,58,62,60,_binary '\0',NULL),(84,'Doduo','Normal','Flying',35,85,45,35,35,75,_binary '\0',NULL),(85,'Dodrio','Normal','Flying',60,110,70,60,60,100,_binary '\0',NULL),(86,'Seel','Water','',65,45,55,45,70,45,_binary '\0',NULL),(87,'Dewgong','Water','Ice',90,70,80,70,95,70,_binary '\0',NULL),(88,'Grimer','Poison','',80,80,50,40,50,25,_binary '\0',NULL),(89,'Muk','Poison','',105,105,75,65,100,50,_binary '\0',NULL),(90,'Shellder','Water','',30,65,100,45,25,40,_binary '\0',NULL),(91,'Cloyster','Water','Ice',50,95,180,85,45,70,_binary '\0',NULL),(92,'Gastly','Ghost','Poison',30,35,30,100,35,80,_binary '\0',NULL),(93,'Haunter','Ghost','Poison',45,50,45,115,55,95,_binary '\0',NULL),(94,'Gengar','Ghost','Poison',60,65,60,130,75,110,_binary '\0',NULL),(95,'Onix','Rock','Ground',35,45,160,30,45,70,_binary '\0',NULL),(96,'Drowzee','Psychic','',60,48,45,43,90,42,_binary '\0',NULL),(97,'Hypno','Psychic','',85,73,70,73,115,67,_binary '\0',NULL),(98,'Krabby','Water','',30,105,90,25,25,50,_binary '\0',NULL),(99,'Kingler','Water','',55,130,115,50,50,75,_binary '\0',NULL),(100,'Voltorb','Electric','',40,30,50,55,55,100,_binary '\0',NULL),(101,'Electrode','Electric','',60,50,70,80,80,140,_binary '\0',NULL),(102,'Exeggcute','Grass','Psychic',60,40,80,60,45,40,_binary '\0',NULL),(103,'Exeggutor','Grass','Psychic',95,95,85,125,65,55,_binary '\0',NULL),(104,'Cubone','Ground','',50,50,95,40,50,35,_binary '\0',NULL),(105,'Marowak','Ground','',60,80,110,50,80,45,_binary '\0',NULL),(106,'Hitmonlee','Fighting','',50,120,53,35,110,87,_binary '\0',NULL),(107,'Hitmonchan','Fighting','',50,105,79,35,110,76,_binary '\0',NULL),(108,'Lickitung','Normal','',90,55,75,60,75,30,_binary '\0',NULL),(109,'Koffing','Poison','',40,65,95,60,45,35,_binary '\0',NULL),(110,'Weezing','Poison','',65,90,120,85,70,60,_binary '\0',NULL),(111,'Rhyhorn','Ground','Rock',80,85,95,30,30,25,_binary '\0',NULL),(112,'Rhydon','Ground','Rock',105,130,120,45,45,40,_binary '\0',NULL),(113,'Chansey','Normal','',250,5,5,35,105,50,_binary '\0',NULL),(114,'Tangela','Grass','',65,55,115,100,40,60,_binary '\0',NULL),(115,'Kangaskhan','Normal','',105,95,80,40,80,90,_binary '\0',NULL),(116,'Horsea','Water','',30,40,70,70,25,60,_binary '\0',NULL),(117,'Seadra','Water','',55,65,95,95,45,85,_binary '\0',NULL),(118,'Goldeen','Water','',45,67,60,35,50,63,_binary '\0',NULL),(119,'Seaking','Water','',80,92,65,65,80,68,_binary '\0',NULL),(120,'Staryu','Water','',30,45,55,70,55,85,_binary '\0',NULL),(121,'Starmie','Water','Psychic',60,75,85,100,85,115,_binary '\0',NULL),(122,'Mr. Mime','Psychic','Fairy',40,45,65,100,120,90,_binary '\0',NULL),(123,'Scyther','Bug','Flying',70,110,80,55,80,105,_binary '\0',NULL),(124,'Jynx','Ice','Psychic',65,50,35,115,95,95,_binary '\0',NULL),(125,'Electabuzz','Electric','',65,83,57,95,85,105,_binary '\0',NULL),(126,'Magmar','Fire','',65,95,57,100,85,93,_binary '\0',NULL),(127,'Pinsir','Bug','',65,125,100,55,70,85,_binary '\0',NULL),(128,'Tauros','Normal','',75,100,95,40,70,110,_binary '\0',NULL),(129,'Magikarp','Water','',20,10,55,15,20,80,_binary '\0',NULL),(130,'Gyarados','Water','Flying',95,125,79,60,100,81,_binary '\0',NULL),(131,'Lapras','Water','Ice',130,85,80,85,95,60,_binary '\0',NULL),(132,'Ditto','Normal','',48,48,48,48,48,48,_binary '\0',NULL),(133,'Eevee','Normal','',55,55,50,45,65,55,_binary '\0',NULL),(134,'Vaporeon','Water','',130,65,60,110,95,65,_binary '\0',NULL),(135,'Jolteon','Electric','',65,65,60,110,95,130,_binary '\0',NULL),(136,'Flareon','Fire','',65,130,60,95,110,65,_binary '\0',NULL),(137,'Porygon','Normal','',65,60,70,85,75,40,_binary '\0',NULL),(138,'Omanyte','Rock','Water',35,40,100,90,55,35,_binary '\0',NULL),(139,'Omastar','Rock','Water',70,60,125,115,70,55,_binary '\0',NULL),(140,'Kabuto','Rock','Water',30,80,90,55,45,55,_binary '\0',NULL),(141,'Kabutops','Rock','Water',60,115,105,65,70,80,_binary '\0',NULL),(142,'Aerodactyl','Rock','Flying',80,105,65,60,75,130,_binary '\0',NULL),(143,'Snorlax','Normal','',160,110,65,65,110,30,_binary '\0',NULL),(144,'Articuno','Ice','Flying',90,85,100,95,125,85,_binary '',NULL),(145,'Zapdos','Electric','Flying',90,90,85,125,90,100,_binary '',NULL),(146,'Moltres','Fire','Flying',90,100,90,125,85,90,_binary '',NULL),(147,'Dratini','Dragon','',41,64,45,50,50,50,_binary '\0',NULL),(148,'Dragonair','Dragon','',61,84,65,70,70,70,_binary '\0',NULL),(149,'Dragonite','Dragon','Flying',91,134,95,100,100,80,_binary '\0',NULL),(150,'Mewtwo','Psychic','',106,110,90,154,90,130,_binary '',NULL),(151,'Mew','Psychic','',100,100,100,100,100,100,_binary '\0',NULL);
/*!40000 ALTER TABLE `pokedex` ENABLE KEYS */;
UNLOCK TABLES;

--
-- Table structure for table `reply`
--

DROP TABLE IF EXISTS `reply`;
/*!40101 SET @saved_cs_client     = @@character_set_client */;
/*!50503 SET character_set_client = utf8mb4 */;
CREATE TABLE `reply` (
  `replyID` int NOT NULL AUTO_INCREMENT,
  `listingID` int NOT NULL,
  `instanceID` int NOT NULL,
  `respondantID` int NOT NULL,
  PRIMARY KEY (`replyID`)
) ENGINE=InnoDB DEFAULT CHARSET=utf8mb4 COLLATE=utf8mb4_0900_ai_ci;
/*!40101 SET character_set_client = @saved_cs_client */;

--
-- Dumping data for table `reply`
--

LOCK TABLES `reply` WRITE;
/*!40000 ALTER TABLE `reply` DISABLE KEYS */;
/*!40000 ALTER TABLE `reply` ENABLE KEYS */;
UNLOCK TABLES;

--
-- Table structure for table `trades`
--

DROP TABLE IF EXISTS `trades`;
/*!40101 SET @saved_cs_client     = @@character_set_client */;
/*!50503 SET character_set_client = utf8mb4 */;
CREATE TABLE `trades` (
  `tradeID` int NOT NULL AUTO_INCREMENT,
  `listingID` int NOT NULL,
  `replyID` int NOT NULL,
  PRIMARY KEY (`tradeID`),
  KEY `listingID` (`listingID`),
  KEY `replyID` (`replyID`),
  CONSTRAINT `trades_ibfk_1` FOREIGN KEY (`listingID`) REFERENCES `listing` (`listingID`),
  CONSTRAINT `trades_ibfk_2` FOREIGN KEY (`replyID`) REFERENCES `reply` (`replyID`)
) ENGINE=InnoDB DEFAULT CHARSET=utf8mb4 COLLATE=utf8mb4_0900_ai_ci;
/*!40101 SET character_set_client = @saved_cs_client */;

--
-- Dumping data for table `trades`
--

LOCK TABLES `trades` WRITE;
/*!40000 ALTER TABLE `trades` DISABLE KEYS */;
/*!40000 ALTER TABLE `trades` ENABLE KEYS */;
UNLOCK TABLES;

--
-- Table structure for table `typefx`
--

DROP TABLE IF EXISTS `typefx`;
/*!40101 SET @saved_cs_client     = @@character_set_client */;
/*!50503 SET character_set_client = utf8mb4 */;
CREATE TABLE `typefx` (
  `type1` varchar(10) NOT NULL,
  `type2` varchar(10) NOT NULL,
  `double_strength` bit(1) NOT NULL,
  `half_strength` bit(1) NOT NULL,
  `no_impact` bit(1) NOT NULL,
  PRIMARY KEY (`type1`,`type2`),
  CONSTRAINT `typefx_chk_1` CHECK ((((`half_strength` + `double_strength`) + `no_impact`) = 1))
) ENGINE=InnoDB DEFAULT CHARSET=utf8mb4 COLLATE=utf8mb4_0900_ai_ci;
/*!40101 SET character_set_client = @saved_cs_client */;

--
-- Dumping data for table `typefx`
--

LOCK TABLES `typefx` WRITE;
/*!40000 ALTER TABLE `typefx` DISABLE KEYS */;
/*!40000 ALTER TABLE `typefx` ENABLE KEYS */;
UNLOCK TABLES;

--
-- Table structure for table `types`
--

DROP TABLE IF EXISTS `types`;
/*!40101 SET @saved_cs_client     = @@character_set_client */;
/*!50503 SET character_set_client = utf8mb4 */;
CREATE TABLE `types` (
  `type` varchar(10) NOT NULL,
  PRIMARY KEY (`type`)
) ENGINE=InnoDB DEFAULT CHARSET=utf8mb4 COLLATE=utf8mb4_0900_ai_ci;
/*!40101 SET character_set_client = @saved_cs_client */;

--
-- Dumping data for table `types`
--

LOCK TABLES `types` WRITE;
/*!40000 ALTER TABLE `types` DISABLE KEYS */;
/*!40000 ALTER TABLE `types` ENABLE KEYS */;
UNLOCK TABLES;

--
-- Table structure for table `user`
--

DROP TABLE IF EXISTS `user`;
/*!40101 SET @saved_cs_client     = @@character_set_client */;
/*!50503 SET character_set_client = utf8mb4 */;
CREATE TABLE `user` (
  `uID` int NOT NULL AUTO_INCREMENT,
  `name` varchar(40) NOT NULL,
  `tradeCount` int NOT NULL,
  `username` varchar(30) NOT NULL,
  `password` varchar(20) NOT NULL,
  PRIMARY KEY (`uID`),
  UNIQUE KEY `username` (`username`),
  UNIQUE KEY `password` (`password`),
  CONSTRAINT `user_chk_1` CHECK (((length(`password`) > 7) and regexp_like(`password`,_utf8mb4'[0-9]') and regexp_like(`password`,_utf8mb4'[a-z]') and regexp_like(`password`,_utf8mb4'[A-Z]') and regexp_like(`password`,_utf8mb4'[^a-zA-Z0-9]')))
) ENGINE=InnoDB DEFAULT CHARSET=utf8mb4 COLLATE=utf8mb4_0900_ai_ci;
/*!40101 SET character_set_client = @saved_cs_client */;

--
-- Dumping data for table `user`
--

LOCK TABLES `user` WRITE;
/*!40000 ALTER TABLE `user` DISABLE KEYS */;
/*!40000 ALTER TABLE `user` ENABLE KEYS */;
UNLOCK TABLES;

--
-- Dumping events for database 'pokedexbackup'
--

--
-- Dumping routines for database 'pokedexbackup'
--
/*!40103 SET TIME_ZONE=@OLD_TIME_ZONE */;

/*!40101 SET SQL_MODE=@OLD_SQL_MODE */;
/*!40014 SET FOREIGN_KEY_CHECKS=@OLD_FOREIGN_KEY_CHECKS */;
/*!40014 SET UNIQUE_CHECKS=@OLD_UNIQUE_CHECKS */;
/*!40101 SET CHARACTER_SET_CLIENT=@OLD_CHARACTER_SET_CLIENT */;
/*!40101 SET CHARACTER_SET_RESULTS=@OLD_CHARACTER_SET_RESULTS */;
/*!40101 SET COLLATION_CONNECTION=@OLD_COLLATION_CONNECTION */;
/*!40111 SET SQL_NOTES=@OLD_SQL_NOTES */;

-- Dump completed on 2025-07-07 20:18:11
