-- MySQL dump 10.13  Distrib 8.0.40, for Win64 (x86_64)
--
-- Host: localhost    Database: pokedex
-- ------------------------------------------------------
-- Server version	8.0.40

/*!40101 SET @OLD_CHARACTER_SET_CLIENT=@@CHARACTER_SET_CLIENT */;
/*!40101 SET @OLD_CHARACTER_SET_RESULTS=@@CHARACTER_SET_RESULTS */;
/*!40101 SET @OLD_COLLATION_CONNECTION=@@COLLATION_CONNECTION */;
/*!50503 SET NAMES utf8 */;
/*!40103 SET @OLD_TIME_ZONE=@@TIME_ZONE */;
/*!40103 SET TIME_ZONE='+00:00' */;
/*!40014 SET @OLD_UNIQUE_CHECKS=@@UNIQUE_CHECKS, UNIQUE_CHECKS=0 */;
/*!40014 SET @OLD_FOREIGN_KEY_CHECKS=@@FOREIGN_KEY_CHECKS, FOREIGN_KEY_CHECKS=0 */;
/*!40101 SET @OLD_SQL_MODE=@@SQL_MODE, SQL_MODE='NO_AUTO_VALUE_ON_ZERO' */;
/*!40111 SET @OLD_SQL_NOTES=@@SQL_NOTES, SQL_NOTES=0 */;

--
-- Table structure for table `attacks`
--

DROP TABLE IF EXISTS `attacks`;
/*!40101 SET @saved_cs_client     = @@character_set_client */;
/*!50503 SET character_set_client = utf8mb4 */;
CREATE TABLE `attacks` (
  `aID` int NOT NULL AUTO_INCREMENT,
  `attack_name` varchar(50) NOT NULL,
  `type` varchar(10) NOT NULL,
  `category` varchar(20) DEFAULT NULL,
  `power` int DEFAULT NULL,
  `accuracy` int DEFAULT NULL,
  `PP` int DEFAULT NULL,
  `effect` varchar(100) NOT NULL,
  PRIMARY KEY (`aID`),
  CONSTRAINT `attacks_chk_1` CHECK (((`power` >= 0) and (`accuracy` >= 0) and (`PP` >= 0)))
) ENGINE=InnoDB AUTO_INCREMENT=97 DEFAULT CHARSET=utf8mb4 COLLATE=utf8mb4_0900_ai_ci;
/*!40101 SET character_set_client = @saved_cs_client */;

--
-- Dumping data for table `attacks`
--

LOCK TABLES `attacks` WRITE;
/*!40000 ALTER TABLE `attacks` DISABLE KEYS */;
INSERT INTO `attacks` VALUES (1,'Absorb','Grass','special',20,100,25,'User recovers half the HP inflicted on opponent.'),(2,'Acid','Poison','special',40,100,30,'May lower opponent\'s Special Defense.'),(3,'Aurora Beam','Ice','special',65,100,20,'May lower opponent\'s Attack.'),(4,'Barrage','Normal','physical',15,85,20,'Hits 2-5 times in one turn.'),(5,'Bind','Normal','physical',15,85,20,'Traps opponent, damaging them for 4-5 turns.'),(6,'Bite','Dark','physical',60,100,25,'May cause flinching.'),(7,'Blizzard','Ice','special',110,70,5,'May freeze opponent.'),(8,'Body Slam','Normal','physical',85,100,15,'May paralyze opponent.'),(9,'Bone Club','Ground','physical',65,85,20,'May cause flinching.'),(10,'Bonemerang','Ground','physical',50,90,10,'Hits twice in one turn.'),(11,'Bubble','Water','special',40,100,30,'May lower opponent\'s Speed.'),(12,'Bubble Beam','Water','special',65,100,20,'May lower opponent\'s Speed.'),(13,'Clamp','Water','physical',35,85,15,'Traps opponent, damaging them for 4-5 turns.'),(14,'Comet Punch','Normal','physical',18,85,15,'Hits 2-5 times in one turn.'),(15,'Confusion','Psychic','special',50,100,25,'May confuse opponent.'),(16,'Constrict','Normal','physical',10,100,35,'May lower opponent\'s Speed by one stage.'),(17,'Crabhammer','Water','physical',100,90,10,'High critical hit ratio.'),(18,'Cut','Normal','physical',50,95,30,''),(19,'Dig','Ground','physical',80,100,10,'Digs underground on first turn, attacks on second. Can also escape from caves.'),(20,'Dizzy Punch','Normal','physical',70,100,10,'May confuse opponent.'),(21,'Double Kick','Fighting','physical',30,100,30,'Hits twice in one turn.'),(22,'Double Slap','Normal','physical',15,85,10,'Hits 2-5 times in one turn.'),(23,'Double-Edge','Normal','physical',120,100,15,'User receives recoil damage.'),(24,'Dream Eater','Psychic','special',100,100,15,'User recovers half the HP inflicted on a sleeping opponent.'),(25,'Drill Peck','Flying','physical',80,100,20,''),(26,'Earthquake','Ground','physical',100,100,10,'Power is doubled if opponent is underground from using Dig.'),(27,'Egg Bomb','Normal','physical',100,75,10,''),(28,'Ember','Fire','special',40,100,25,'May burn opponent.'),(29,'Explosion','Normal','physical',250,100,5,'User faints.'),(30,'Fire Blast','Fire','special',110,85,5,'May burn opponent.'),(31,'Fire Punch','Fire','physical',75,100,15,'May burn opponent.'),(32,'Fire Spin','Fire','special',35,85,15,'Traps opponent, damaging them for 4-5 turns.'),(33,'Flamethrower','Fire','special',90,100,15,'May burn opponent.'),(34,'Fly','Flying','physical',90,95,15,'Flies up on first turn, attacks on second turn.'),(35,'Fury Attack','Normal','physical',15,85,20,'Hits 2-5 times in one turn.'),(36,'Fury Swipes','Normal','physical',18,80,15,'Hits 2-5 times in one turn.'),(37,'Gust','Flying','special',40,100,35,'Hits Pokemon using Fly/Bounce/Sky Drop with double power.'),(38,'Headbutt','Normal','physical',70,100,15,'May cause flinching.'),(39,'High Jump Kick','Fighting','physical',130,90,10,'If it misses, the user loses half their HP.'),(40,'Horn Attack','Normal','physical',65,100,25,''),(41,'Hydro Pump','Water','special',110,80,5,''),(42,'Hyper Beam','Normal','special',150,90,5,'User must recharge next turn.'),(43,'Hyper Fang','Normal','physical',80,90,15,'May cause flinching.'),(44,'Ice Beam','Ice','special',90,100,10,'May freeze opponent.'),(45,'Ice Punch','Ice','physical',75,100,15,'May freeze opponent.'),(46,'Jump Kick','Fighting','physical',100,95,10,'If it misses, the user loses half their HP.'),(47,'Karate Chop','Fighting','physical',50,100,25,'High critical hit ratio.'),(48,'Leech Life','Bug','physical',80,100,10,'User recovers half the HP inflicted on opponent.'),(49,'Lick','Ghost','physical',30,100,30,'May paralyze opponent.'),(50,'Mega Drain','Grass','special',40,100,15,'User recovers half the HP inflicted on opponent.'),(51,'Mega Kick','Normal','physical',120,75,5,''),(52,'Mega Punch','Normal','physical',80,85,20,''),(53,'Pay Day','Normal','physical',40,100,20,'Money is earned after the battle.'),(54,'Peck','Flying','physical',35,100,35,''),(55,'Petal Dance','Grass','special',120,100,10,'User attacks for 2-3 turns but then becomes confused.'),(56,'Pin Missile','Bug','physical',25,95,20,'Hits 2-5 times in one turn.'),(57,'Poison Sting','Poison','physical',15,100,35,'May poison the opponent.'),(58,'Pound','Normal','physical',40,100,35,''),(59,'Psybeam','Psychic','special',65,100,20,'May confuse opponent.'),(60,'Psychic','Psychic','special',90,100,10,'May lower opponent\'s Special Defense.'),(61,'Quick Attack','Normal','physical',40,100,30,'User attacks first.'),(62,'Rage','Normal','physical',20,100,20,'Raises user\'s Attack when hit.'),(63,'Razor Leaf','Grass','physical',55,95,25,'High critical hit ratio.'),(64,'Razor Wind','Normal','special',80,100,10,'Charges on first turn, attacks on second. High critical hit ratio.'),(65,'Rock Slide','Rock','physical',75,90,10,'May cause flinching.'),(66,'Rock Throw','Rock','physical',50,90,15,''),(67,'Rolling Kick','Fighting','physical',60,85,15,'May cause flinching.'),(68,'Scratch','Normal','physical',40,100,35,''),(69,'Self-Destruct','Normal','physical',200,100,5,'User faints.'),(70,'Skull Bash','Normal','physical',130,100,10,'Raises Defense on first turn, attacks on second.'),(71,'Sky Attack','Flying','physical',140,90,5,'Charges on first turn, attacks on second. May cause flinching. High critical hit ratio.'),(72,'Slam','Normal','physical',80,75,20,''),(73,'Slash','Normal','physical',70,100,20,'High critical hit ratio.'),(74,'Sludge','Poison','special',65,100,20,'May poison opponent.'),(75,'Smog','Poison','special',30,70,20,'May poison opponent.'),(76,'Solar Beam','Grass','special',120,100,10,'Charges on first turn, attacks on second.'),(77,'Spike Cannon','Normal','physical',20,100,15,'Hits 2-5 times in one turn.'),(78,'Stomp','Normal','physical',65,100,20,'May cause flinching.'),(79,'Strength','Normal','physical',80,100,15,''),(80,'Submission','Fighting','physical',80,80,20,'User receives recoil damage.'),(81,'Surf','Water','special',90,100,15,'Hits all adjacent Pokï¿½mon.'),(82,'Tackle','Normal','physical',40,100,35,''),(83,'Take Down','Normal','physical',90,85,20,'User receives recoil damage.'),(84,'Thrash','Normal','physical',120,100,10,'User attacks for 2-3 turns but then becomes confused.'),(85,'Thunder','Electric','special',110,70,10,'May paralyze opponent.'),(86,'Thunder Punch','Electric','physical',75,100,15,'May paralyze opponent.'),(87,'Thunder Shock','Electric','special',40,100,30,'May paralyze opponent.'),(88,'Thunderbolt','Electric','special',90,100,15,'May paralyze opponent.'),(89,'Tri Attack','Normal','special',80,100,10,'May paralyze, burn or freeze opponent.'),(90,'Twineedle','Bug','physical',25,100,20,'Hits twice in one turn. May poison opponent.'),(91,'Vine Whip','Grass','physical',45,100,25,''),(92,'Vise Grip','Normal','physical',55,100,30,''),(93,'Water Gun','Water','special',40,100,25,''),(94,'Waterfall','Water','physical',80,100,15,'May cause flinching.'),(95,'Wing Attack','Flying','physical',60,100,35,''),(96,'Wrap','Normal','physical',15,90,20,'Traps opponent, damaging them for 4-5 turns.');
/*!40000 ALTER TABLE `attacks` ENABLE KEYS */;
UNLOCK TABLES;

--
-- Table structure for table `currentattacks`
--

DROP TABLE IF EXISTS `currentattacks`;
/*!40101 SET @saved_cs_client     = @@character_set_client */;
/*!50503 SET character_set_client = utf8mb4 */;
CREATE TABLE `currentattacks` (
  `instanceID` int NOT NULL,
  `aID` int NOT NULL,
  PRIMARY KEY (`instanceID`,`aID`),
  CONSTRAINT `currentattacks_ibfk_1` FOREIGN KEY (`instanceID`) REFERENCES `mypokemon` (`instanceID`)
) ENGINE=InnoDB DEFAULT CHARSET=utf8mb4 COLLATE=utf8mb4_0900_ai_ci;
/*!40101 SET character_set_client = @saved_cs_client */;

--
-- Dumping data for table `currentattacks`
--

LOCK TABLES `currentattacks` WRITE;
/*!40000 ALTER TABLE `currentattacks` DISABLE KEYS */;
/*!40000 ALTER TABLE `currentattacks` ENABLE KEYS */;
UNLOCK TABLES;

--
-- Table structure for table `evolutions`
--

DROP TABLE IF EXISTS `evolutions`;
/*!40101 SET @saved_cs_client     = @@character_set_client */;
/*!50503 SET character_set_client = utf8mb4 */;
CREATE TABLE `evolutions` (
  `base` int NOT NULL,
  `stage1` int NOT NULL,
  `stage2` int DEFAULT NULL,
  PRIMARY KEY (`base`,`stage1`)
) ENGINE=InnoDB DEFAULT CHARSET=utf8mb4 COLLATE=utf8mb4_0900_ai_ci;
/*!40101 SET character_set_client = @saved_cs_client */;

--
-- Dumping data for table `evolutions`
--

LOCK TABLES `evolutions` WRITE;
/*!40000 ALTER TABLE `evolutions` DISABLE KEYS */;
INSERT INTO `evolutions` VALUES (1,2,3),(4,5,6),(7,8,9),(10,11,12),(13,14,15),(16,17,18),(19,20,NULL),(21,22,NULL),(23,24,NULL),(27,28,NULL),(29,30,31),(32,33,34),(37,38,NULL),(41,42,168),(46,47,NULL),(48,49,NULL),(50,51,NULL),(52,53,NULL),(54,55,NULL),(56,57,NULL),(58,59,NULL),(63,64,65),(66,67,68),(69,70,71),(72,73,NULL),(74,75,76),(77,78,NULL),(79,80,NULL),(79,198,NULL),(81,82,NULL),(84,85,NULL),(86,87,NULL),(88,89,NULL),(90,91,NULL),(92,93,94),(95,207,NULL),(96,97,NULL),(98,99,NULL),(100,101,NULL),(102,103,NULL),(104,105,NULL),(108,469,NULL),(109,110,NULL),(111,112,470),(113,241,NULL),(114,471,NULL),(116,117,229),(118,119,NULL),(120,121,NULL),(123,211,NULL),(129,130,NULL),(133,134,NULL),(133,135,NULL),(133,136,NULL),(133,195,NULL),(133,196,NULL),(133,475,NULL),(133,476,NULL),(133,722,NULL),(137,232,479),(138,139,NULL),(140,141,NULL),(147,148,149),(154,155,156),(157,158,159),(160,161,NULL),(162,163,NULL),(164,165,NULL),(166,167,NULL),(169,170,NULL),(171,25,26),(172,35,36),(173,39,40),(174,175,474),(176,177,NULL),(178,179,180),(186,187,188),(189,430,NULL),(190,191,NULL),(193,194,NULL),(197,436,NULL),(199,435,NULL),(203,204,NULL),(206,477,NULL),(208,209,NULL),(214,467,NULL),(215,216,NULL),(217,218,NULL),(219,220,478),(222,223,NULL),(227,228,NULL),(230,231,NULL),(235,106,NULL),(235,107,NULL),(235,236,NULL),(237,124,NULL),(238,125,472),(239,126,473),(245,246,247),(251,252,253),(254,255,256),(257,258,259),(260,261,NULL),(262,263,NULL),(264,265,266),(264,267,268),(269,270,271),(272,273,274),(275,276,NULL),(277,278,NULL),(282,283,NULL),(284,285,NULL),(286,287,288),(289,290,NULL),(289,291,NULL),(292,293,294),(295,296,NULL),(297,182,183),(298,481,NULL),(299,300,NULL),(303,304,305),(306,307,NULL),(308,309,NULL),(315,316,NULL),(317,318,NULL),(319,320,NULL),(321,322,NULL),(324,325,NULL),(327,328,329),(330,331,NULL),(332,333,NULL),(338,339,NULL),(340,341,NULL),(342,343,NULL),(344,345,NULL),(346,347,NULL),(348,349,NULL),(352,353,NULL),(354,355,482),(359,201,NULL),(360,361,NULL),(360,483,NULL),(362,363,364),(365,366,NULL),(365,367,NULL),(370,371,372),(373,374,375),(391,392,393),(394,395,396),(397,398,399),(400,401,402),(403,404,NULL),(405,406,NULL),(407,408,409),(410,314,411),(412,413,NULL),(414,415,NULL),(416,420,NULL),(421,422,NULL),(424,425,NULL),(426,427,NULL),(428,429,NULL),(431,432,NULL),(433,434,NULL),(437,438,NULL),(439,357,NULL),(440,441,NULL),(442,443,NULL),(444,184,NULL),(445,122,NULL),(449,450,451),(452,143,NULL),(453,454,NULL),(455,456,NULL),(457,458,NULL),(459,460,NULL),(462,463,NULL),(464,225,NULL),(465,466,NULL),(507,508,509),(510,511,512),(513,514,515),(516,517,NULL),(518,519,520),(521,522,NULL),(523,524,NULL),(525,526,NULL),(527,528,NULL),(529,530,NULL),(531,532,533),(534,535,NULL),(536,537,538),(539,540,NULL),(541,542,NULL),(544,545,546),(547,548,549),(552,553,554),(555,556,557),(558,559,NULL),(560,561,NULL),(563,564,565),(570,571,NULL),(572,573,NULL),(575,576,NULL),(577,578,NULL),(579,580,NULL),(581,582,NULL),(583,584,NULL),(585,586,NULL),(587,588,589),(590,591,592),(593,594,NULL),(595,596,597),(598,599,NULL),(601,602,NULL),(603,604,NULL),(605,606,NULL),(608,609,NULL),(610,611,NULL),(612,613,614),(615,616,617),(618,619,NULL),(620,621,622),(623,624,625),(626,627,NULL),(629,630,NULL),(632,633,NULL),(635,636,NULL),(640,641,NULL),(642,643,NULL),(646,647,648),(649,650,NULL),(670,671,672),(673,674,675),(676,677,678),(679,680,NULL),(681,682,683),(684,685,686),(687,688,NULL),(689,690,691),(692,693,NULL),(694,695,NULL),(704,705,NULL),(706,707,NULL),(708,709,NULL),(710,711,NULL),(712,713,NULL),(714,715,NULL),(716,717,NULL),(718,719,NULL),(720,721,NULL),(726,727,728),(730,731,NULL),(740,741,NULL),(742,743,NULL);
/*!40000 ALTER TABLE `evolutions` ENABLE KEYS */;
UNLOCK TABLES;

--
-- Table structure for table `group_members`
--

DROP TABLE IF EXISTS `group_members`;
/*!40101 SET @saved_cs_client     = @@character_set_client */;
/*!50503 SET character_set_client = utf8mb4 */;
CREATE TABLE `group_members` (
  `id` int NOT NULL AUTO_INCREMENT,
  `first_name` varchar(45) DEFAULT NULL,
  `last_name` varchar(45) DEFAULT NULL,
  `favourite_colour` varchar(45) DEFAULT NULL,
  UNIQUE KEY `id` (`id`)
) ENGINE=InnoDB AUTO_INCREMENT=5 DEFAULT CHARSET=utf8mb4 COLLATE=utf8mb4_0900_ai_ci;
/*!40101 SET character_set_client = @saved_cs_client */;

--
-- Dumping data for table `group_members`
--

LOCK TABLES `group_members` WRITE;
/*!40000 ALTER TABLE `group_members` DISABLE KEYS */;
INSERT INTO `group_members` VALUES (1,'Mya','Kay','pink'),(2,'Jasmine','Yip','red'),(3,'Lola','James','purple'),(4,'Mahdee','Khandokar','black');
/*!40000 ALTER TABLE `group_members` ENABLE KEYS */;
UNLOCK TABLES;

--
-- Table structure for table `learnableattacks`
--

DROP TABLE IF EXISTS `learnableattacks`;
/*!40101 SET @saved_cs_client     = @@character_set_client */;
/*!50503 SET character_set_client = utf8mb4 */;
CREATE TABLE `learnableattacks` (
  `pID` int NOT NULL,
  `aID` int NOT NULL,
  PRIMARY KEY (`pID`,`aID`)
) ENGINE=InnoDB DEFAULT CHARSET=utf8mb4 COLLATE=utf8mb4_0900_ai_ci;
/*!40101 SET character_set_client = @saved_cs_client */;

--
-- Dumping data for table `learnableattacks`
--

LOCK TABLES `learnableattacks` WRITE;
/*!40000 ALTER TABLE `learnableattacks` DISABLE KEYS */;
INSERT INTO `learnableattacks` VALUES (1,5),(1,8),(1,18),(1,38),(1,50),(1,55),(1,62),(1,63),(1,64),(1,70),(1,74),(1,76),(1,79),(1,82),(1,83),(1,91),(2,5),(2,8),(2,18),(2,38),(2,50),(2,55),(2,62),(2,63),(2,76),(2,79),(2,82),(2,83),(2,91),(3,5),(3,8),(3,18),(3,26),(3,38),(3,42),(3,50),(3,55),(3,62),(3,63),(3,76),(3,79),(3,82),(3,83),(3,91),(4,6),(4,8),(4,18),(4,19),(4,28),(4,30),(4,31),(4,32),(4,33),(4,36),(4,38),(4,51),(4,52),(4,62),(4,65),(4,68),(4,70),(4,73),(4,79),(4,80),(4,83),(4,86),(4,95),(5,6),(5,8),(5,18),(5,19),(5,28),(5,30),(5,31),(5,32),(5,33),(5,36),(5,38),(5,51),(5,52),(5,62),(5,65),(5,68),(5,70),(5,73),(5,79),(5,80),(5,83),(5,86),(6,6),(6,8),(6,18),(6,19),(6,26),(6,28),(6,30),(6,31),(6,32),(6,33),(6,34),(6,36),(6,38),(6,42),(6,51),(6,52),(6,62),(6,65),(6,68),(6,70),(6,73),(6,76),(6,79),(6,80),(6,83),(6,86),(6,95),(7,6),(7,7),(7,8),(7,11),(7,12),(7,15),(7,19),(7,38),(7,41),(7,44),(7,45),(7,51),(7,52),(7,62),(7,65),(7,70),(7,79),(7,80),(7,81),(7,82),(7,83),(7,93),(7,94),(8,6),(8,7),(8,8),(8,11),(8,12),(8,19),(8,38),(8,41),(8,44),(8,45),(8,51),(8,52),(8,62),(8,65),(8,70),(8,79),(8,80),(8,81),(8,82),(8,83),(8,93),(8,94),(9,6),(9,7),(9,8),(9,11),(9,12),(9,19),(9,26),(9,38),(9,41),(9,42),(9,44),(9,45),(9,51),(9,52),(9,62),(9,65),(9,70),(9,79),(9,80),(9,81),(9,82),(9,83),(9,93),(9,94),(10,82),(12,15),(12,24),(12,37),(12,38),(12,42),(12,50),(12,59),(12,60),(12,62),(12,64),(12,76),(12,82),(12,83),(13,57),(15,18),(15,35),(15,38),(15,42),(15,50),(15,54),(15,56),(15,57),(15,62),(15,70),(15,76),(15,83),(15,90),(16,34),(16,37),(16,38),(16,61),(16,62),(16,64),(16,71),(16,82),(16,83),(16,95),(17,34),(17,37),(17,38),(17,61),(17,62),(17,64),(17,71),(17,82),(17,83),(17,95),(18,34),(18,37),(18,38),(18,42),(18,61),(18,62),(18,64),(18,71),(18,82),(18,83),(18,95),(19,6),(19,7),(19,8),(19,12),(19,18),(19,19),(19,36),(19,38),(19,43),(19,44),(19,61),(19,62),(19,70),(19,82),(19,83),(19,85),(19,88),(19,93),(20,6),(20,7),(20,8),(20,12),(20,18),(20,19),(20,36),(20,38),(20,42),(20,43),(20,44),(20,61),(20,62),(20,70),(20,79),(20,82),(20,83),(20,85),(20,88),(20,93),(21,25),(21,34),(21,35),(21,38),(21,54),(21,61),(21,62),(21,64),(21,71),(21,83),(21,89),(21,95),(22,25),(22,34),(22,35),(22,38),(22,42),(22,54),(22,61),(22,62),(22,64),(22,71),(22,83),(22,89),(22,95),(23,2),(23,5),(23,6),(23,8),(23,19),(23,26),(23,38),(23,48),(23,50),(23,57),(23,62),(23,65),(23,70),(23,72),(23,79),(23,83),(23,96),(24,2),(24,5),(24,6),(24,8),(24,19),(24,26),(24,38),(24,42),(24,48),(24,50),(24,57),(24,62),(24,65),(24,70),(24,72),(24,79),(24,83),(24,96),(25,8),(25,19),(25,21),(25,38),(25,51),(25,52),(25,53),(25,61),(25,62),(25,70),(25,72),(25,79),(25,80),(25,81),(25,83),(25,85),(25,86),(25,87),(25,88),(26,8),(26,19),(26,38),(26,42),(26,51),(26,52),(26,53),(26,61),(26,62),(26,70),(26,72),(26,79),(26,80),(26,81),(26,83),(26,85),(26,86),(26,87),(26,88),(27,8),(27,18),(27,19),(27,26),(27,36),(27,38),(27,48),(27,57),(27,62),(27,65),(27,68),(27,70),(27,73),(27,79),(27,80),(27,83),(28,8),(28,18),(28,19),(28,26),(28,36),(28,38),(28,42),(28,48),(28,56),(28,57),(28,62),(28,65),(28,68),(28,70),(28,73),(28,79),(28,80),(28,83),(30,6),(30,7),(30,8),(30,12),(30,18),(30,19),(30,21),(30,36),(30,38),(30,44),(30,57),(30,62),(30,68),(30,70),(30,79),(30,82),(30,83),(30,85),(30,88),(30,93),(31,6),(31,7),(31,8),(31,12),(31,18),(31,19),(31,21),(31,26),(31,30),(31,31),(31,33),(31,36),(31,38),(31,42),(31,44),(31,45),(31,51),(31,52),(31,53),(31,57),(31,62),(31,65),(31,68),(31,70),(31,79),(31,80),(31,81),(31,82),(31,83),(31,85),(31,86),(31,88),(31,93),(33,7),(33,8),(33,12),(33,18),(33,19),(33,21),(33,35),(33,38),(33,40),(33,44),(33,54),(33,57),(33,62),(33,70),(33,79),(33,82),(33,83),(33,85),(33,88),(33,93),(34,7),(34,8),(34,12),(34,18),(34,19),(34,21),(34,26),(34,30),(34,31),(34,33),(34,35),(34,38),(34,40),(34,42),(34,44),(34,45),(34,51),(34,52),(34,53),(34,54),(34,57),(34,62),(34,65),(34,70),(34,79),(34,80),(34,81),(34,82),(34,83),(34,84),(34,85),(34,86),(34,88),(34,93),(35,7),(35,8),(35,12),(35,19),(35,22),(35,24),(35,30),(35,31),(35,33),(35,38),(35,44),(35,45),(35,51),(35,52),(35,58),(35,59),(35,60),(35,62),(35,70),(35,76),(35,79),(35,80),(35,82),(35,83),(35,85),(35,86),(35,88),(35,89),(35,93),(36,7),(36,8),(36,12),(36,19),(36,22),(36,24),(36,30),(36,31),(36,33),(36,38),(36,42),(36,44),(36,45),(36,51),(36,52),(36,58),(36,59),(36,60),(36,62),(36,70),(36,76),(36,79),(36,80),(36,82),(36,83),(36,85),(36,86),(36,88),(36,89),(36,93),(37,8),(37,19),(37,28),(37,30),(37,32),(37,33),(37,38),(37,61),(37,62),(37,70),(37,82),(37,83),(38,8),(38,19),(38,24),(38,28),(38,30),(38,32),(38,33),(38,38),(38,42),(38,61),(38,62),(38,70),(38,76),(38,82),(38,83),(39,7),(39,8),(39,12),(39,19),(39,22),(39,24),(39,30),(39,31),(39,33),(39,38),(39,44),(39,45),(39,51),(39,52),(39,58),(39,60),(39,62),(39,70),(39,76),(39,79),(39,80),(39,83),(39,85),(39,86),(39,88),(39,89),(39,93),(40,7),(40,8),(40,12),(40,19),(40,22),(40,24),(40,30),(40,31),(40,33),(40,38),(40,42),(40,44),(40,45),(40,51),(40,52),(40,58),(40,60),(40,62),(40,70),(40,76),(40,79),(40,80),(40,83),(40,85),(40,86),(40,88),(40,89),(40,93),(41,1),(41,6),(41,34),(41,37),(41,38),(41,48),(41,50),(41,61),(41,62),(41,64),(41,83),(41,95),(42,1),(42,6),(42,34),(42,37),(42,38),(42,42),(42,48),(42,50),(42,61),(42,62),(42,64),(42,83),(42,95),(43,1),(43,2),(43,18),(43,38),(43,50),(43,55),(43,62),(43,63),(43,76),(43,83),(44,1),(44,2),(44,18),(44,38),(44,50),(44,55),(44,62),(44,63),(44,76),(44,83),(45,1),(45,2),(45,8),(45,18),(45,38),(45,42),(45,50),(45,55),(45,62),(45,63),(45,76),(45,83),(46,1),(46,8),(46,18),(46,19),(46,36),(46,38),(46,48),(46,50),(46,59),(46,62),(46,68),(46,70),(46,73),(46,76),(46,83),(47,1),(47,8),(47,18),(47,19),(47,36),(47,38),(47,42),(47,48),(47,50),(47,62),(47,68),(47,70),(47,73),(47,76),(47,83),(48,15),(48,38),(48,48),(48,50),(48,59),(48,60),(48,62),(48,76),(48,82),(48,83),(49,15),(49,24),(49,37),(49,38),(49,42),(49,48),(49,50),(49,59),(49,60),(49,62),(49,64),(49,76),(49,82),(49,83),(50,8),(50,18),(50,19),(50,26),(50,36),(50,38),(50,62),(50,65),(50,68),(50,73),(50,83),(51,8),(51,18),(51,19),(51,26),(51,36),(51,38),(51,42),(51,62),(51,65),(51,68),(51,73),(51,83),(51,89),(52,6),(52,8),(52,12),(52,18),(52,19),(52,24),(52,36),(52,38),(52,53),(52,62),(52,68),(52,70),(52,73),(52,83),(52,85),(52,88),(52,93),(53,6),(53,8),(53,12),(53,18),(53,19),(53,24),(53,36),(53,38),(53,42),(53,53),(53,62),(53,68),(53,70),(53,73),(53,83),(53,85),(53,88),(53,93),(54,7),(54,8),(54,11),(54,12),(54,15),(54,19),(54,36),(54,38),(54,41),(54,44),(54,45),(54,51),(54,52),(54,53),(54,59),(54,60),(54,62),(54,68),(54,70),(54,79),(54,80),(54,81),(54,83),(54,93),(54,94),(55,7),(55,8),(55,11),(55,12),(55,15),(55,19),(55,36),(55,38),(55,41),(55,42),(55,44),(55,45),(55,51),(55,52),(55,53),(55,59),(55,60),(55,62),(55,68),(55,70),(55,79),(55,80),(55,81),(55,83),(55,93),(55,94),(56,8),(56,19),(56,26),(56,31),(56,36),(56,38),(56,45),(56,47),(56,51),(56,52),(56,53),(56,62),(56,65),(56,68),(56,70),(56,79),(56,80),(56,83),(56,84),(56,85),(56,86),(56,88),(57,8),(57,19),(57,26),(57,31),(57,36),(57,38),(57,42),(57,45),(57,47),(57,51),(57,52),(57,53),(57,62),(57,65),(57,68),(57,70),(57,79),(57,80),(57,83),(57,84),(57,85),(57,86),(57,88),(58,6),(58,8),(58,19),(58,21),(58,28),(58,30),(58,32),(58,33),(58,38),(58,62),(58,70),(58,79),(58,83),(58,84),(59,6),(59,8),(59,19),(59,28),(59,30),(59,32),(59,33),(59,38),(59,42),(59,62),(59,70),(59,76),(59,79),(59,83),(60,7),(60,8),(60,11),(60,12),(60,19),(60,22),(60,38),(60,41),(60,44),(60,58),(60,60),(60,62),(60,70),(60,81),(60,83),(60,93),(60,94),(61,7),(61,8),(61,11),(61,12),(61,19),(61,22),(61,26),(61,38),(61,41),(61,44),(61,45),(61,51),(61,52),(61,58),(61,60),(61,62),(61,70),(61,79),(61,80),(61,81),(61,83),(61,93),(61,94),(62,7),(62,8),(62,11),(62,12),(62,19),(62,22),(62,26),(62,38),(62,41),(62,42),(62,44),(62,45),(62,51),(62,52),(62,58),(62,60),(62,62),(62,65),(62,70),(62,79),(62,80),(62,81),(62,83),(62,93),(62,94),(63,8),(63,15),(63,24),(63,31),(63,38),(63,45),(63,51),(63,52),(63,60),(63,62),(63,70),(63,80),(63,83),(63,86),(63,89),(64,8),(64,15),(64,19),(64,24),(64,31),(64,38),(64,45),(64,51),(64,52),(64,59),(64,60),(64,62),(64,70),(64,80),(64,83),(64,86),(64,89),(65,8),(65,15),(65,19),(65,24),(65,31),(65,38),(65,42),(65,45),(65,51),(65,52),(65,59),(65,60),(65,62),(65,70),(65,80),(65,83),(65,86),(65,89),(66,8),(66,19),(66,26),(66,30),(66,31),(66,33),(66,38),(66,45),(66,47),(66,51),(66,52),(66,62),(66,65),(66,67),(66,70),(66,79),(66,80),(66,82),(66,83),(66,86),(67,8),(67,19),(67,26),(67,30),(67,31),(67,33),(67,38),(67,45),(67,47),(67,51),(67,52),(67,62),(67,65),(67,70),(67,79),(67,80),(67,82),(67,83),(67,86),(68,8),(68,19),(68,26),(68,30),(68,31),(68,33),(68,38),(68,42),(68,45),(68,47),(68,51),(68,52),(68,62),(68,65),(68,70),(68,79),(68,80),(68,82),(68,83),(68,86),(69,2),(69,5),(69,18),(69,38),(69,48),(69,50),(69,62),(69,63),(69,72),(69,76),(69,83),(69,91),(69,96),(70,2),(70,5),(70,8),(70,18),(70,38),(70,48),(70,50),(70,62),(70,63),(70,72),(70,76),(70,83),(70,91),(70,96),(71,2),(71,5),(71,8),(71,18),(71,38),(71,42),(71,48),(71,50),(71,62),(71,63),(71,72),(71,76),(71,83),(71,91),(71,96),(72,2),(72,3),(72,5),(72,7),(72,11),(72,12),(72,16),(72,18),(72,38),(72,41),(72,44),(72,50),(72,57),(72,62),(72,70),(72,81),(72,83),(72,93),(72,94),(72,96),(73,2),(73,3),(73,5),(73,7),(73,11),(73,12),(73,16),(73,18),(73,38),(73,41),(73,42),(73,44),(73,50),(73,57),(73,62),(73,70),(73,81),(73,83),(73,93),(73,94),(73,96),(74,8),(74,19),(74,26),(74,29),(74,30),(74,31),(74,33),(74,38),(74,52),(74,62),(74,65),(74,66),(74,79),(74,80),(74,82),(74,83),(74,86),(75,8),(75,19),(75,26),(75,29),(75,30),(75,31),(75,33),(75,38),(75,52),(75,62),(75,65),(75,66),(75,79),(75,80),(75,82),(75,83),(75,86),(76,8),(76,19),(76,26),(76,29),(76,30),(76,31),(76,33),(76,38),(76,42),(76,51),(76,52),(76,62),(76,65),(76,66),(76,79),(76,80),(76,82),(76,83),(76,86),(77,8),(77,21),(77,28),(77,30),(77,32),(77,33),(77,38),(77,61),(77,62),(77,70),(77,76),(77,78),(77,79),(77,82),(77,83),(77,84),(78,8),(78,21),(78,28),(78,30),(78,32),(78,33),(78,35),(78,38),(78,42),(78,53),(78,61),(78,62),(78,70),(78,76),(78,78),(78,79),(78,82),(78,83),(79,7),(79,8),(79,12),(79,15),(79,19),(79,24),(79,26),(79,30),(79,33),(79,38),(79,41),(79,44),(79,53),(79,59),(79,60),(79,62),(79,70),(79,78),(79,79),(79,81),(79,82),(79,83),(79,89),(79,93),(79,94),(80,7),(80,8),(80,12),(80,15),(80,19),(80,24),(80,26),(80,30),(80,33),(80,38),(80,41),(80,42),(80,44),(80,45),(80,51),(80,52),(80,53),(80,59),(80,60),(80,62),(80,70),(80,78),(80,79),(80,80),(80,81),(80,82),(80,83),(80,89),(80,93),(80,94),(81,29),(81,38),(81,62),(81,82),(81,83),(81,85),(81,87),(81,88),(82,29),(82,38),(82,42),(82,62),(82,82),(82,83),(82,85),(82,87),(82,88),(82,89),(84,8),(84,25),(84,34),(84,35),(84,38),(84,46),(84,54),(84,61),(84,62),(84,70),(84,71),(84,83),(84,84),(84,89),(84,95),(85,8),(85,25),(85,34),(85,35),(85,38),(85,42),(85,46),(85,54),(85,61),(85,62),(85,70),(85,71),(85,83),(85,84),(85,89),(85,95),(86,3),(86,7),(86,8),(86,12),(86,38),(86,41),(86,44),(86,49),(86,53),(86,54),(86,62),(86,70),(86,72),(86,79),(86,81),(86,83),(86,93),(86,94),(87,3),(87,7),(87,8),(87,12),(87,38),(87,41),(87,42),(87,44),(87,49),(87,53),(87,62),(87,70),(87,79),(87,81),(87,83),(87,93),(87,94),(88,8),(88,19),(88,29),(88,30),(88,31),(88,33),(88,38),(88,45),(88,49),(88,50),(88,58),(88,62),(88,65),(88,74),(88,75),(88,79),(88,83),(88,85),(88,86),(88,88),(89,8),(89,19),(89,29),(89,30),(89,31),(89,33),(89,38),(89,42),(89,45),(89,50),(89,58),(89,62),(89,65),(89,74),(89,75),(89,79),(89,83),(89,85),(89,86),(89,88),(90,3),(90,7),(90,12),(90,13),(90,29),(90,38),(90,41),(90,44),(90,62),(90,81),(90,82),(90,83),(90,89),(90,90),(90,93),(90,94),(91,3),(91,7),(91,8),(91,12),(91,13),(91,29),(91,38),(91,41),(91,42),(91,44),(91,56),(91,62),(91,77),(91,81),(91,82),(91,83),(91,89),(91,90),(91,93),(91,94),(92,24),(92,29),(92,31),(92,38),(92,45),(92,49),(92,50),(92,60),(92,62),(92,75),(92,85),(92,86),(92,88),(93,24),(93,29),(93,31),(93,38),(93,45),(93,49),(93,50),(93,60),(93,62),(93,75),(93,85),(93,86),(93,88),(94,8),(94,24),(94,29),(94,31),(94,38),(94,42),(94,45),(94,49),(94,50),(94,51),(94,52),(94,60),(94,62),(94,70),(94,75),(94,79),(94,80),(94,83),(94,85),(94,86),(94,88),(95,5),(95,8),(95,19),(95,26),(95,29),(95,38),(95,62),(95,65),(95,66),(95,70),(95,72),(95,79),(95,82),(95,83),(96,8),(96,15),(96,24),(96,31),(96,38),(96,45),(96,51),(96,52),(96,58),(96,59),(96,60),(96,62),(96,70),(96,80),(96,83),(96,86),(96,89),(97,8),(97,15),(97,24),(97,31),(97,38),(97,42),(97,45),(97,51),(97,52),(97,58),(97,59),(97,60),(97,62),(97,70),(97,80),(97,83),(97,86),(97,89),(98,7),(98,8),(98,11),(98,12),(98,17),(98,18),(98,19),(98,38),(98,44),(98,62),(98,65),(98,72),(98,73),(98,78),(98,79),(98,81),(98,83),(98,93),(99,7),(99,8),(99,11),(99,12),(99,17),(99,18),(99,19),(99,38),(99,41),(99,42),(99,44),(99,62),(99,65),(99,72),(99,78),(99,79),(99,81),(99,83),(99,93),(100,29),(100,38),(100,62),(100,82),(100,83),(100,85),(100,87),(100,88),(101,29),(101,38),(101,42),(101,62),(101,70),(101,82),(101,83),(101,85),(101,87),(101,88),(102,1),(102,4),(102,15),(102,24),(102,27),(102,29),(102,38),(102,50),(102,59),(102,60),(102,62),(102,76),(102,79),(102,83),(103,1),(103,4),(103,8),(103,15),(103,24),(103,26),(103,27),(103,29),(103,38),(103,42),(103,50),(103,59),(103,60),(103,62),(103,76),(103,78),(103,79),(103,83),(104,7),(104,8),(104,9),(104,10),(104,12),(104,19),(104,21),(104,26),(104,30),(104,31),(104,33),(104,38),(104,44),(104,51),(104,52),(104,62),(104,65),(104,70),(104,79),(104,80),(104,83),(104,84),(104,86),(104,93),(105,7),(105,8),(105,9),(105,10),(105,12),(105,19),(105,26),(105,30),(105,31),(105,33),(105,38),(105,42),(105,44),(105,51),(105,52),(105,62),(105,65),(105,70),(105,79),(105,80),(105,83),(105,84),(105,86),(105,93),(106,8),(106,21),(106,26),(106,38),(106,39),(106,46),(106,51),(106,52),(106,62),(106,65),(106,67),(106,70),(106,79),(106,80),(106,82),(106,83),(107,8),(107,14),(107,20),(107,26),(107,31),(107,38),(107,39),(107,45),(107,51),(107,52),(107,62),(107,65),(107,70),(107,79),(107,80),(107,82),(107,83),(107,86),(108,2),(108,5),(108,7),(108,8),(108,12),(108,18),(108,19),(108,24),(108,26),(108,30),(108,31),(108,33),(108,38),(108,41),(108,42),(108,44),(108,45),(108,49),(108,51),(108,52),(108,62),(108,65),(108,70),(108,72),(108,76),(108,78),(108,79),(108,80),(108,81),(108,82),(108,83),(108,84),(108,85),(108,86),(108,88),(108,93),(108,96),(109,8),(109,29),(109,30),(109,33),(109,38),(109,59),(109,62),(109,74),(109,75),(109,82),(109,83),(109,85),(109,88),(110,8),(110,29),(110,30),(110,33),(110,38),(110,42),(110,59),(110,62),(110,74),(110,75),(110,82),(110,83),(110,85),(110,88),(111,7),(111,8),(111,19),(111,26),(111,30),(111,33),(111,35),(111,38),(111,40),(111,44),(111,62),(111,65),(111,66),(111,70),(111,78),(111,79),(111,82),(111,83),(111,84),(111,85),(111,88),(112,7),(112,8),(112,12),(112,18),(112,19),(112,26),(112,30),(112,31),(112,33),(112,35),(112,38),(112,40),(112,41),(112,42),(112,44),(112,45),(112,51),(112,52),(112,53),(112,62),(112,65),(112,66),(112,70),(112,78),(112,79),(112,80),(112,81),(112,82),(112,83),(112,85),(112,86),(112,88),(112,93),(113,7),(113,8),(113,12),(113,22),(113,24),(113,26),(113,27),(113,30),(113,31),(113,33),(113,38),(113,42),(113,44),(113,45),(113,51),(113,52),(113,58),(113,60),(113,62),(113,65),(113,70),(113,76),(113,79),(113,80),(113,82),(113,83),(113,85),(113,86),(113,88),(113,89),(113,93),(114,1),(114,5),(114,8),(114,15),(114,16),(114,18),(114,38),(114,42),(114,50),(114,62),(114,70),(114,72),(114,76),(114,83),(114,91),(115,6),(115,7),(115,8),(115,12),(115,14),(115,18),(115,19),(115,20),(115,26),(115,30),(115,31),(115,33),(115,38),(115,41),(115,42),(115,44),(115,45),(115,51),(115,52),(115,58),(115,62),(115,65),(115,70),(115,76),(115,78),(115,79),(115,80),(115,81),(115,83),(115,85),(115,86),(115,88),(115,93),(116,3),(116,7),(116,11),(116,12),(116,38),(116,41),(116,44),(116,62),(116,64),(116,70),(116,81),(116,83),(116,93),(116,94),(117,3),(117,7),(117,11),(117,12),(117,38),(117,41),(117,42),(117,44),(117,62),(117,70),(117,81),(117,83),(117,93),(117,94),(118,7),(118,8),(118,12),(118,35),(118,38),(118,40),(118,41),(118,44),(118,54),(118,59),(118,61),(118,62),(118,70),(118,81),(118,83),(118,93),(118,94),(119,7),(119,8),(119,12),(119,35),(119,38),(119,40),(119,41),(119,42),(119,44),(119,54),(119,59),(119,61),(119,62),(119,70),(119,81),(119,83),(119,93),(119,94),(120,3),(120,7),(120,12),(120,38),(120,41),(120,44),(120,59),(120,60),(120,62),(120,70),(120,81),(120,82),(120,83),(120,85),(120,88),(120,89),(120,93),(120,94),(121,7),(121,12),(121,24),(121,38),(121,41),(121,42),(121,44),(121,59),(121,60),(121,62),(121,70),(121,81),(121,82),(121,83),(121,85),(121,88),(121,89),(121,93),(121,94),(123,18),(123,38),(123,42),(123,61),(123,62),(123,64),(123,70),(123,73),(123,83),(123,95),(124,7),(124,8),(124,12),(124,15),(124,22),(124,24),(124,38),(124,42),(124,44),(124,45),(124,49),(124,51),(124,52),(124,58),(124,60),(124,62),(124,70),(124,80),(124,83),(124,84),(124,93),(125,8),(125,31),(125,38),(125,42),(125,45),(125,51),(125,52),(125,60),(125,61),(125,62),(125,70),(125,79),(125,80),(125,83),(125,85),(125,86),(125,87),(125,88),(126,8),(126,28),(126,30),(126,31),(126,32),(126,33),(126,38),(126,42),(126,51),(126,52),(126,60),(126,62),(126,70),(126,75),(126,79),(126,80),(126,82),(126,83),(126,86),(127,5),(127,8),(127,18),(127,19),(127,26),(127,35),(127,38),(127,42),(127,61),(127,62),(127,65),(127,73),(127,79),(127,80),(127,83),(127,84),(128,7),(128,8),(128,19),(128,26),(128,30),(128,33),(128,38),(128,40),(128,42),(128,44),(128,62),(128,65),(128,70),(128,76),(128,78),(128,79),(128,81),(128,82),(128,83),(128,84),(128,85),(128,88),(129,41),(129,82),(130,5),(130,6),(130,7),(130,8),(130,12),(130,26),(130,30),(130,33),(130,38),(130,41),(130,42),(130,44),(130,62),(130,70),(130,79),(130,81),(130,82),(130,83),(130,84),(130,85),(130,88),(130,93),(130,94),(131,3),(131,7),(131,8),(131,12),(131,24),(131,26),(131,38),(131,41),(131,42),(131,44),(131,60),(131,62),(131,70),(131,76),(131,79),(131,81),(131,83),(131,85),(131,88),(131,93),(131,94),(133,6),(133,8),(133,19),(133,21),(133,38),(133,53),(133,61),(133,62),(133,70),(133,82),(133,83),(134,3),(134,6),(134,7),(134,8),(134,11),(134,12),(134,19),(134,21),(134,38),(134,41),(134,42),(134,44),(134,53),(134,61),(134,62),(134,70),(134,79),(134,81),(134,82),(134,83),(134,93),(134,94),(135,6),(135,8),(135,19),(135,21),(135,38),(135,42),(135,53),(135,56),(135,61),(135,62),(135,70),(135,79),(135,82),(135,83),(135,85),(135,87),(135,88),(136,6),(136,8),(136,19),(136,21),(136,28),(136,30),(136,32),(136,33),(136,38),(136,42),(136,53),(136,61),(136,62),(136,70),(136,75),(136,79),(136,82),(136,83),(137,7),(137,24),(137,38),(137,42),(137,44),(137,59),(137,60),(137,62),(137,70),(137,76),(137,82),(137,83),(137,85),(137,87),(137,88),(137,89),(138,3),(138,5),(138,6),(138,7),(138,8),(138,12),(138,16),(138,38),(138,40),(138,41),(138,44),(138,62),(138,65),(138,66),(138,72),(138,77),(138,81),(138,83),(138,93),(138,94),(139,5),(139,6),(139,7),(139,8),(139,12),(139,16),(139,38),(139,40),(139,41),(139,42),(139,44),(139,56),(139,62),(139,65),(139,66),(139,70),(139,77),(139,80),(139,81),(139,83),(139,93),(139,94),(140,1),(140,3),(140,7),(140,8),(140,12),(140,19),(140,38),(140,41),(140,44),(140,48),(140,50),(140,62),(140,65),(140,66),(140,68),(140,73),(140,81),(140,83),(140,93),(140,94),(141,1),(141,7),(141,8),(141,12),(141,18),(141,19),(141,38),(141,41),(141,42),(141,44),(141,48),(141,50),(141,51),(141,62),(141,64),(141,65),(141,66),(141,68),(141,70),(141,73),(141,80),(141,81),(141,83),(141,93),(141,94),(142,6),(142,26),(142,30),(142,33),(142,34),(142,38),(142,42),(142,62),(142,64),(142,65),(142,66),(142,71),(142,79),(142,83),(142,95),(143,6),(143,7),(143,8),(143,12),(143,19),(143,26),(143,30),(143,31),(143,33),(143,38),(143,41),(143,42),(143,44),(143,45),(143,49),(143,51),(143,52),(143,53),(143,60),(143,62),(143,65),(143,70),(143,76),(143,79),(143,80),(143,81),(143,82),(143,83),(143,85),(143,86),(143,88),(143,93),(144,7),(144,12),(144,34),(144,37),(144,38),(144,42),(144,44),(144,54),(144,62),(144,64),(144,71),(144,83),(144,93),(145,25),(145,34),(145,38),(145,42),(145,54),(145,62),(145,64),(145,71),(145,83),(145,85),(145,87),(145,88),(146,28),(146,30),(146,32),(146,33),(146,34),(146,37),(146,38),(146,42),(146,54),(146,62),(146,64),(146,71),(146,76),(146,83),(146,95),(147,5),(147,7),(147,8),(147,12),(147,30),(147,32),(147,33),(147,38),(147,41),(147,42),(147,44),(147,62),(147,70),(147,72),(147,81),(147,83),(147,85),(147,88),(147,93),(147,94),(147,96),(148,5),(148,7),(148,8),(148,12),(148,30),(148,32),(148,33),(148,38),(148,41),(148,42),(148,44),(148,62),(148,70),(148,72),(148,81),(148,83),(148,85),(148,88),(148,93),(148,94),(148,96),(149,5),(149,7),(149,8),(149,12),(149,18),(149,26),(149,30),(149,31),(149,32),(149,33),(149,34),(149,38),(149,41),(149,42),(149,44),(149,45),(149,51),(149,52),(149,62),(149,64),(149,65),(149,70),(149,72),(149,79),(149,81),(149,83),(149,85),(149,86),(149,88),(149,93),(149,94),(149,95),(149,96),(150,7),(150,8),(150,12),(150,15),(150,24),(150,26),(150,30),(150,31),(150,33),(150,38),(150,42),(150,44),(150,45),(150,51),(150,52),(150,53),(150,59),(150,60),(150,62),(150,65),(150,70),(150,76),(150,79),(150,80),(150,83),(150,85),(150,86),(150,88),(150,89),(150,93),(151,5),(151,7),(151,8),(151,12),(151,15),(151,18),(151,19),(151,24),(151,26),(151,27),(151,29),(151,30),(151,31),(151,32),(151,33),(151,34),(151,38),(151,41),(151,42),(151,44),(151,45),(151,48),(151,50),(151,51),(151,52),(151,53),(151,56),(151,58),(151,59),(151,60),(151,62),(151,64),(151,65),(151,70),(151,71),(151,76),(151,79),(151,80),(151,81),(151,83),(151,85),(151,86),(151,88),(151,89),(151,93),(151,94);
/*!40000 ALTER TABLE `learnableattacks` ENABLE KEYS */;
UNLOCK TABLES;

--
-- Table structure for table `listing`
--

DROP TABLE IF EXISTS `listing`;
/*!40101 SET @saved_cs_client     = @@character_set_client */;
/*!50503 SET character_set_client = utf8mb4 */;
CREATE TABLE `listing` (
  `listingID` int NOT NULL AUTO_INCREMENT,
  `instanceID` int NOT NULL,
  `sellerID` int NOT NULL,
  `description` varchar(100) DEFAULT NULL,
  PRIMARY KEY (`listingID`)
) ENGINE=InnoDB DEFAULT CHARSET=utf8mb4 COLLATE=utf8mb4_0900_ai_ci;
/*!40101 SET character_set_client = @saved_cs_client */;

--
-- Dumping data for table `listing`
--

LOCK TABLES `listing` WRITE;
/*!40000 ALTER TABLE `listing` DISABLE KEYS */;
/*!40000 ALTER TABLE `listing` ENABLE KEYS */;
UNLOCK TABLES;

--
-- Table structure for table `mypokemon`
--

DROP TABLE IF EXISTS `mypokemon`;
/*!40101 SET @saved_cs_client     = @@character_set_client */;
/*!50503 SET character_set_client = utf8mb4 */;
CREATE TABLE `mypokemon` (
  `pID` int NOT NULL,
  `uID` int NOT NULL,
  `instanceID` int NOT NULL AUTO_INCREMENT,
  `nickname` varchar(30) DEFAULT NULL,
  `level` int DEFAULT NULL,
  `favourite` bit(1) DEFAULT b'0',
  `onteam` bit(1) DEFAULT b'0',
  `showcase` bit(1) DEFAULT b'0',
  `dateAdded` datetime DEFAULT '2000-01-01 00:00:00',
  PRIMARY KEY (`instanceID`),
  CONSTRAINT `mypokemon_chk_1` CHECK ((`level` > 0))
) ENGINE=InnoDB DEFAULT CHARSET=utf8mb4 COLLATE=utf8mb4_0900_ai_ci;
/*!40101 SET character_set_client = @saved_cs_client */;

--
-- Dumping data for table `mypokemon`
--

LOCK TABLES `mypokemon` WRITE;
/*!40000 ALTER TABLE `mypokemon` DISABLE KEYS */;
/*!40000 ALTER TABLE `mypokemon` ENABLE KEYS */;
UNLOCK TABLES;

--
-- Table structure for table `pokedex`
--

DROP TABLE IF EXISTS `pokedex`;
/*!40101 SET @saved_cs_client     = @@character_set_client */;
/*!50503 SET character_set_client = utf8mb4 */;
CREATE TABLE `pokedex` (
  `pID` int NOT NULL AUTO_INCREMENT,
  `name` varchar(40) NOT NULL,
  `type1` varchar(10) NOT NULL,
  `type2` varchar(10) DEFAULT NULL,
  `hp` int NOT NULL,
  `atk` int NOT NULL,
  `def` int NOT NULL,
  `spAtk` int NOT NULL,
  `spDef` int NOT NULL,
  `speed` int NOT NULL,
  `legendary` bit(1) NOT NULL,
  `description` varchar(200) DEFAULT NULL,
  PRIMARY KEY (`pID`),
  CONSTRAINT `pokedex_chk_1` CHECK (((`HP` >= 0) and (`atk` >= 0) and (`def` >= 0) and (`spAtk` >= 0) and (`spDef` >= 0) and (`speed` >= 0)))
) ENGINE=InnoDB AUTO_INCREMENT=751 DEFAULT CHARSET=utf8mb4 COLLATE=utf8mb4_0900_ai_ci;
/*!40101 SET character_set_client = @saved_cs_client */;

--
-- Dumping data for table `pokedex`
--

LOCK TABLES `pokedex` WRITE;
/*!40000 ALTER TABLE `pokedex` DISABLE KEYS */;
INSERT INTO `pokedex` VALUES (1,'Bulbasaur','Grass','Poison',45,49,49,65,65,45,_binary '\0',NULL),(2,'Ivysaur','Grass','Poison',60,62,63,80,80,60,_binary '\0',NULL),(3,'Venusaur','Grass','Poison',80,82,83,100,100,80,_binary '\0',NULL),(4,'Charmander','Fire','',39,52,43,60,50,65,_binary '\0',NULL),(5,'Charmeleon','Fire','',58,64,58,80,65,80,_binary '\0',NULL),(6,'Charizard','Fire','Flying',78,84,78,109,85,100,_binary '\0',NULL),(7,'Squirtle','Water','',44,48,65,50,64,43,_binary '\0',NULL),(8,'Wartortle','Water','',59,63,80,65,80,58,_binary '\0',NULL),(9,'Blastoise','Water','',79,83,100,85,105,78,_binary '\0',NULL),(10,'Caterpie','Bug','',45,30,35,20,20,45,_binary '\0',NULL),(11,'Metapod','Bug','',50,20,55,25,25,30,_binary '\0',NULL),(12,'Butterfree','Bug','Flying',60,45,50,90,80,70,_binary '\0',NULL),(13,'Weedle','Bug','Poison',40,35,30,20,20,50,_binary '\0',NULL),(14,'Kakuna','Bug','Poison',45,25,50,25,25,35,_binary '\0',NULL),(15,'Beedrill','Bug','Poison',65,90,40,45,80,75,_binary '\0',NULL),(16,'Pidgey','Normal','Flying',40,45,40,35,35,56,_binary '\0',NULL),(17,'Pidgeotto','Normal','Flying',63,60,55,50,50,71,_binary '\0',NULL),(18,'Pidgeot','Normal','Flying',83,80,75,70,70,101,_binary '\0',NULL),(19,'Rattata','Normal','',30,56,35,25,35,72,_binary '\0',NULL),(20,'Raticate','Normal','',55,81,60,50,70,97,_binary '\0',NULL),(21,'Spearow','Normal','Flying',40,60,30,31,31,70,_binary '\0',NULL),(22,'Fearow','Normal','Flying',65,90,65,61,61,100,_binary '\0',NULL),(23,'Ekans','Poison','',35,60,44,40,54,55,_binary '\0',NULL),(24,'Arbok','Poison','',60,85,69,65,79,80,_binary '\0',NULL),(25,'Pikachu','Electric','',35,55,40,50,50,90,_binary '\0',NULL),(26,'Raichu','Electric','',60,90,55,90,80,110,_binary '\0',NULL),(27,'Sandshrew','Ground','',50,75,85,20,30,40,_binary '\0',NULL),(28,'Sandslash','Ground','',75,100,110,45,55,65,_binary '\0',NULL),(29,'Nidoran♀','Poison','',55,47,52,40,40,41,_binary '\0',NULL),(30,'Nidorina','Poison','',70,62,67,55,55,56,_binary '\0',NULL),(31,'Nidoqueen','Poison','Ground',90,92,87,75,85,76,_binary '\0',NULL),(32,'Nidoran♂','Poison','',46,57,40,40,40,50,_binary '\0',NULL),(33,'Nidorino','Poison','',61,72,57,55,55,65,_binary '\0',NULL),(34,'Nidoking','Poison','Ground',81,102,77,85,75,85,_binary '\0',NULL),(35,'Clefairy','Fairy','',70,45,48,60,65,35,_binary '\0',NULL),(36,'Clefable','Fairy','',95,70,73,95,90,60,_binary '\0',NULL),(37,'Vulpix','Fire','',38,41,40,50,65,65,_binary '\0',NULL),(38,'Ninetales','Fire','',73,76,75,81,100,100,_binary '\0',NULL),(39,'Jigglypuff','Normal','Fairy',115,45,20,45,25,20,_binary '\0',NULL),(40,'Wigglytuff','Normal','Fairy',140,70,45,85,50,45,_binary '\0',NULL),(41,'Zubat','Poison','Flying',40,45,35,30,40,55,_binary '\0',NULL),(42,'Golbat','Poison','Flying',75,80,70,65,75,90,_binary '\0',NULL),(43,'Oddish','Grass','Poison',45,50,55,75,65,30,_binary '\0',NULL),(44,'Gloom','Grass','Poison',60,65,70,85,75,40,_binary '\0',NULL),(45,'Vileplume','Grass','Poison',75,80,85,110,90,50,_binary '\0',NULL),(46,'Paras','Bug','Grass',35,70,55,45,55,25,_binary '\0',NULL),(47,'Parasect','Bug','Grass',60,95,80,60,80,30,_binary '\0',NULL),(48,'Venonat','Bug','Poison',60,55,50,40,55,45,_binary '\0',NULL),(49,'Venomoth','Bug','Poison',70,65,60,90,75,90,_binary '\0',NULL),(50,'Diglett','Ground','',10,55,25,35,45,95,_binary '\0',NULL),(51,'Dugtrio','Ground','',35,80,50,50,70,120,_binary '\0',NULL),(52,'Meowth','Normal','',40,45,35,40,40,90,_binary '\0',NULL),(53,'Persian','Normal','',65,70,60,65,65,115,_binary '\0',NULL),(54,'Psyduck','Water','',50,52,48,65,50,55,_binary '\0',NULL),(55,'Golduck','Water','',80,82,78,95,80,85,_binary '\0',NULL),(56,'Mankey','Fighting','',40,80,35,35,45,70,_binary '\0',NULL),(57,'Primeape','Fighting','',65,105,60,60,70,95,_binary '\0',NULL),(58,'Growlithe','Fire','',55,70,45,70,50,60,_binary '\0',NULL),(59,'Arcanine','Fire','',90,110,80,100,80,95,_binary '\0',NULL),(60,'Poliwag','Water','',40,50,40,40,40,90,_binary '\0',NULL),(61,'Poliwhirl','Water','',65,65,65,50,50,90,_binary '\0',NULL),(62,'Poliwrath','Water','Fighting',90,95,95,70,90,70,_binary '\0',NULL),(63,'Abra','Psychic','',25,20,15,105,55,90,_binary '\0',NULL),(64,'Kadabra','Psychic','',40,35,30,120,70,105,_binary '\0',NULL),(65,'Alakazam','Psychic','',55,50,45,135,95,120,_binary '\0',NULL),(66,'Machop','Fighting','',70,80,50,35,35,35,_binary '\0',NULL),(67,'Machoke','Fighting','',80,100,70,50,60,45,_binary '\0',NULL),(68,'Machamp','Fighting','',90,130,80,65,85,55,_binary '\0',NULL),(69,'Bellsprout','Grass','Poison',50,75,35,70,30,40,_binary '\0',NULL),(70,'Weepinbell','Grass','Poison',65,90,50,85,45,55,_binary '\0',NULL),(71,'Victreebel','Grass','Poison',80,105,65,100,70,70,_binary '\0',NULL),(72,'Tentacool','Water','Poison',40,40,35,50,100,70,_binary '\0',NULL),(73,'Tentacruel','Water','Poison',80,70,65,80,120,100,_binary '\0',NULL),(74,'Geodude','Rock','Ground',40,80,100,30,30,20,_binary '\0',NULL),(75,'Graveler','Rock','Ground',55,95,115,45,45,35,_binary '\0',NULL),(76,'Golem','Rock','Ground',80,120,130,55,65,45,_binary '\0',NULL),(77,'Ponyta','Fire','',50,85,55,65,65,90,_binary '\0',NULL),(78,'Rapidash','Fire','',65,100,70,80,80,105,_binary '\0',NULL),(79,'Slowpoke','Water','Psychic',90,65,65,40,40,15,_binary '\0',NULL),(80,'Slowbro','Water','Psychic',95,75,110,100,80,30,_binary '\0',NULL),(81,'Magnemite','Electric','Steel',25,35,70,95,55,45,_binary '\0',NULL),(82,'Magneton','Electric','Steel',50,60,95,120,70,70,_binary '\0',NULL),(83,'Farfetch\'d','Normal','Flying',52,65,55,58,62,60,_binary '\0',NULL),(84,'Doduo','Normal','Flying',35,85,45,35,35,75,_binary '\0',NULL),(85,'Dodrio','Normal','Flying',60,110,70,60,60,100,_binary '\0',NULL),(86,'Seel','Water','',65,45,55,45,70,45,_binary '\0',NULL),(87,'Dewgong','Water','Ice',90,70,80,70,95,70,_binary '\0',NULL),(88,'Grimer','Poison','',80,80,50,40,50,25,_binary '\0',NULL),(89,'Muk','Poison','',105,105,75,65,100,50,_binary '\0',NULL),(90,'Shellder','Water','',30,65,100,45,25,40,_binary '\0',NULL),(91,'Cloyster','Water','Ice',50,95,180,85,45,70,_binary '\0',NULL),(92,'Gastly','Ghost','Poison',30,35,30,100,35,80,_binary '\0',NULL),(93,'Haunter','Ghost','Poison',45,50,45,115,55,95,_binary '\0',NULL),(94,'Gengar','Ghost','Poison',60,65,60,130,75,110,_binary '\0',NULL),(95,'Onix','Rock','Ground',35,45,160,30,45,70,_binary '\0',NULL),(96,'Drowzee','Psychic','',60,48,45,43,90,42,_binary '\0',NULL),(97,'Hypno','Psychic','',85,73,70,73,115,67,_binary '\0',NULL),(98,'Krabby','Water','',30,105,90,25,25,50,_binary '\0',NULL),(99,'Kingler','Water','',55,130,115,50,50,75,_binary '\0',NULL),(100,'Voltorb','Electric','',40,30,50,55,55,100,_binary '\0',NULL),(101,'Electrode','Electric','',60,50,70,80,80,140,_binary '\0',NULL),(102,'Exeggcute','Grass','Psychic',60,40,80,60,45,40,_binary '\0',NULL),(103,'Exeggutor','Grass','Psychic',95,95,85,125,65,55,_binary '\0',NULL),(104,'Cubone','Ground','',50,50,95,40,50,35,_binary '\0',NULL),(105,'Marowak','Ground','',60,80,110,50,80,45,_binary '\0',NULL),(106,'Hitmonlee','Fighting','',50,120,53,35,110,87,_binary '\0',NULL),(107,'Hitmonchan','Fighting','',50,105,79,35,110,76,_binary '\0',NULL),(108,'Lickitung','Normal','',90,55,75,60,75,30,_binary '\0',NULL),(109,'Koffing','Poison','',40,65,95,60,45,35,_binary '\0',NULL),(110,'Weezing','Poison','',65,90,120,85,70,60,_binary '\0',NULL),(111,'Rhyhorn','Ground','Rock',80,85,95,30,30,25,_binary '\0',NULL),(112,'Rhydon','Ground','Rock',105,130,120,45,45,40,_binary '\0',NULL),(113,'Chansey','Normal','',250,5,5,35,105,50,_binary '\0',NULL),(114,'Tangela','Grass','',65,55,115,100,40,60,_binary '\0',NULL),(115,'Kangaskhan','Normal','',105,95,80,40,80,90,_binary '\0',NULL),(116,'Horsea','Water','',30,40,70,70,25,60,_binary '\0',NULL),(117,'Seadra','Water','',55,65,95,95,45,85,_binary '\0',NULL),(118,'Goldeen','Water','',45,67,60,35,50,63,_binary '\0',NULL),(119,'Seaking','Water','',80,92,65,65,80,68,_binary '\0',NULL),(120,'Staryu','Water','',30,45,55,70,55,85,_binary '\0',NULL),(121,'Starmie','Water','Psychic',60,75,85,100,85,115,_binary '\0',NULL),(122,'Mr. Mime','Psychic','Fairy',40,45,65,100,120,90,_binary '\0',NULL),(123,'Scyther','Bug','Flying',70,110,80,55,80,105,_binary '\0',NULL),(124,'Jynx','Ice','Psychic',65,50,35,115,95,95,_binary '\0',NULL),(125,'Electabuzz','Electric','',65,83,57,95,85,105,_binary '\0',NULL),(126,'Magmar','Fire','',65,95,57,100,85,93,_binary '\0',NULL),(127,'Pinsir','Bug','',65,125,100,55,70,85,_binary '\0',NULL),(128,'Tauros','Normal','',75,100,95,40,70,110,_binary '\0',NULL),(129,'Magikarp','Water','',20,10,55,15,20,80,_binary '\0',NULL),(130,'Gyarados','Water','Flying',95,125,79,60,100,81,_binary '\0',NULL),(131,'Lapras','Water','Ice',130,85,80,85,95,60,_binary '\0',NULL),(132,'Ditto','Normal','',48,48,48,48,48,48,_binary '\0',NULL),(133,'Eevee','Normal','',55,55,50,45,65,55,_binary '\0',NULL),(134,'Vaporeon','Water','',130,65,60,110,95,65,_binary '\0',NULL),(135,'Jolteon','Electric','',65,65,60,110,95,130,_binary '\0',NULL),(136,'Flareon','Fire','',65,130,60,95,110,65,_binary '\0',NULL),(137,'Porygon','Normal','',65,60,70,85,75,40,_binary '\0',NULL),(138,'Omanyte','Rock','Water',35,40,100,90,55,35,_binary '\0',NULL),(139,'Omastar','Rock','Water',70,60,125,115,70,55,_binary '\0',NULL),(140,'Kabuto','Rock','Water',30,80,90,55,45,55,_binary '\0',NULL),(141,'Kabutops','Rock','Water',60,115,105,65,70,80,_binary '\0',NULL),(142,'Aerodactyl','Rock','Flying',80,105,65,60,75,130,_binary '\0',NULL),(143,'Snorlax','Normal','',160,110,65,65,110,30,_binary '\0',NULL),(144,'Articuno','Ice','Flying',90,85,100,95,125,85,_binary '',NULL),(145,'Zapdos','Electric','Flying',90,90,85,125,90,100,_binary '',NULL),(146,'Moltres','Fire','Flying',90,100,90,125,85,90,_binary '',NULL),(147,'Dratini','Dragon','',41,64,45,50,50,50,_binary '\0',NULL),(148,'Dragonair','Dragon','',61,84,65,70,70,70,_binary '\0',NULL),(149,'Dragonite','Dragon','Flying',91,134,95,100,100,80,_binary '\0',NULL),(150,'Mewtwo','Psychic','',106,110,90,154,90,130,_binary '',NULL),(151,'Mew','Psychic','',100,100,100,100,100,100,_binary '\0',NULL),(152,'Chikorita','Grass','',45,49,65,49,65,45,_binary '\0',NULL),(153,'Bayleef','Grass','',60,62,80,63,80,60,_binary '\0',NULL),(154,'Cyndaquil','Fire','',39,52,43,60,50,65,_binary '\0',NULL),(155,'Quilava','Fire','',58,64,58,80,65,80,_binary '\0',NULL),(156,'Typhlosion','Fire','',78,84,78,109,85,100,_binary '\0',NULL),(157,'Totodile','Water','',50,65,64,44,48,43,_binary '\0',NULL),(158,'Croconaw','Water','',65,80,80,59,63,58,_binary '\0',NULL),(159,'Feraligatr','Water','',85,105,100,79,83,78,_binary '\0',NULL),(160,'Sentret','Normal','',35,46,34,35,45,20,_binary '\0',NULL),(161,'Furret','Normal','',85,76,64,45,55,90,_binary '\0',NULL),(162,'Hoothoot','Normal','Flying',60,30,30,36,56,50,_binary '\0',NULL),(163,'Noctowl','Normal','Flying',100,50,50,76,96,70,_binary '\0',NULL),(164,'Ledyba','Bug','Flying',40,20,30,40,80,55,_binary '\0',NULL),(165,'Ledian','Bug','Flying',55,35,50,55,110,85,_binary '\0',NULL),(166,'Spinarak','Bug','Poison',40,60,40,40,40,30,_binary '\0',NULL),(167,'Ariados','Bug','Poison',70,90,70,60,60,40,_binary '\0',NULL),(168,'Crobat','Poison','Flying',85,90,80,70,80,130,_binary '\0',NULL),(169,'Chinchou','Water','Electric',75,38,38,56,56,67,_binary '\0',NULL),(170,'Lanturn','Water','Electric',125,58,58,76,76,67,_binary '\0',NULL),(171,'Pichu','Electric','',20,40,15,35,35,60,_binary '\0',NULL),(172,'Cleffa','Fairy','',50,25,28,45,55,15,_binary '\0',NULL),(173,'Igglybuff','Normal','Fairy',90,30,15,40,20,15,_binary '\0',NULL),(174,'Togepi','Fairy','',35,20,65,40,65,20,_binary '\0',NULL),(175,'Togetic','Fairy','Flying',55,40,85,80,105,40,_binary '\0',NULL),(176,'Natu','Psychic','Flying',40,50,45,70,45,70,_binary '\0',NULL),(177,'Xatu','Psychic','Flying',65,75,70,95,70,95,_binary '\0',NULL),(178,'Mareep','Electric','',55,40,40,65,45,35,_binary '\0',NULL),(179,'Flaaffy','Electric','',70,55,55,80,60,45,_binary '\0',NULL),(180,'Ampharos','Electric','',90,75,85,115,90,55,_binary '\0',NULL),(181,'Bellossom','Grass','',75,80,95,90,100,50,_binary '\0',NULL),(182,'Marill','Water','Fairy',70,20,50,20,50,40,_binary '\0',NULL),(183,'Azumarill','Water','Fairy',100,50,80,60,80,50,_binary '\0',NULL),(184,'Sudowoodo','Rock','',70,100,115,30,65,30,_binary '\0',NULL),(185,'Politoed','Water','',90,75,75,90,100,70,_binary '\0',NULL),(186,'Hoppip','Grass','Flying',35,35,40,35,55,50,_binary '\0',NULL),(187,'Skiploom','Grass','Flying',55,45,50,45,65,80,_binary '\0',NULL),(188,'Jumpluff','Grass','Flying',75,55,70,55,95,110,_binary '\0',NULL),(189,'Aipom','Normal','',55,70,55,40,55,85,_binary '\0',NULL),(190,'Sunkern','Grass','',30,30,30,30,30,30,_binary '\0',NULL),(191,'Sunflora','Grass','',75,75,55,105,85,30,_binary '\0',NULL),(192,'Yanma','Bug','Flying',65,65,45,75,45,95,_binary '\0',NULL),(193,'Wooper','Water','Ground',55,45,45,25,25,15,_binary '\0',NULL),(194,'Quagsire','Water','Ground',95,85,85,65,65,35,_binary '\0',NULL),(195,'Espeon','Psychic','',65,65,60,130,95,110,_binary '\0',NULL),(196,'Umbreon','Dark','',95,65,110,60,130,65,_binary '\0',NULL),(197,'Murkrow','Dark','Flying',60,85,42,85,42,91,_binary '\0',NULL),(198,'Slowking','Water','Psychic',95,75,80,100,110,30,_binary '\0',NULL),(199,'Misdreavus','Ghost','',60,60,60,85,85,85,_binary '\0',NULL),(200,'Unown','Psychic','',48,72,48,72,48,48,_binary '\0',NULL),(201,'Wobbuffet','Psychic','',190,33,58,33,58,33,_binary '\0',NULL),(202,'Girafarig','Normal','Psychic',70,80,65,90,65,85,_binary '\0',NULL),(203,'Pineco','Bug','',50,65,90,35,35,15,_binary '\0',NULL),(204,'Forretress','Bug','Steel',75,90,140,60,60,40,_binary '\0',NULL),(205,'Dunsparce','Normal','',100,70,70,65,65,45,_binary '\0',NULL),(206,'Gligar','Ground','Flying',65,75,105,35,65,85,_binary '\0',NULL),(207,'Steelix','Steel','Ground',75,85,200,55,65,30,_binary '\0',NULL),(208,'Snubbull','Fairy','',60,80,50,40,40,30,_binary '\0',NULL),(209,'Granbull','Fairy','',90,120,75,60,60,45,_binary '\0',NULL),(210,'Qwilfish','Water','Poison',65,95,75,55,55,85,_binary '\0',NULL),(211,'Scizor','Bug','Steel',70,130,100,55,80,65,_binary '\0',NULL),(212,'Shuckle','Bug','Rock',20,10,230,10,230,5,_binary '\0',NULL),(213,'Heracross','Bug','Fighting',80,125,75,40,95,85,_binary '\0',NULL),(214,'Sneasel','Dark','Ice',55,95,55,35,75,115,_binary '\0',NULL),(215,'Teddiursa','Normal','',60,80,50,50,50,40,_binary '\0',NULL),(216,'Ursaring','Normal','',90,130,75,75,75,55,_binary '\0',NULL),(217,'Slugma','Fire','',40,40,40,70,40,20,_binary '\0',NULL),(218,'Magcargo','Fire','Rock',50,50,120,80,80,30,_binary '\0',NULL),(219,'Swinub','Ice','Ground',50,50,40,30,30,50,_binary '\0',NULL),(220,'Piloswine','Ice','Ground',100,100,80,60,60,50,_binary '\0',NULL),(221,'Corsola','Water','Rock',55,55,85,65,85,35,_binary '\0',NULL),(222,'Remoraid','Water','',35,65,35,65,35,65,_binary '\0',NULL),(223,'Octillery','Water','',75,105,75,105,75,45,_binary '\0',NULL),(224,'Delibird','Ice','Flying',45,55,45,65,45,75,_binary '\0',NULL),(225,'Mantine','Water','Flying',65,40,70,80,140,70,_binary '\0',NULL),(226,'Skarmory','Steel','Flying',65,80,140,40,70,70,_binary '\0',NULL),(227,'Houndour','Dark','Fire',45,60,30,80,50,65,_binary '\0',NULL),(228,'Houndoom','Dark','Fire',75,90,50,110,80,95,_binary '\0',NULL),(229,'Kingdra','Water','Dragon',75,95,95,95,95,85,_binary '\0',NULL),(230,'Phanpy','Ground','',90,60,60,40,40,40,_binary '\0',NULL),(231,'Donphan','Ground','',90,120,120,60,60,50,_binary '\0',NULL),(232,'Porygon2','Normal','',85,80,90,105,95,60,_binary '\0',NULL),(233,'Stantler','Normal','',73,95,62,85,65,85,_binary '\0',NULL),(234,'Smeargle','Normal','',55,20,35,20,45,75,_binary '\0',NULL),(235,'Tyrogue','Fighting','',35,35,35,35,35,35,_binary '\0',NULL),(236,'Hitmontop','Fighting','',50,95,95,35,110,70,_binary '\0',NULL),(237,'Smoochum','Ice','Psychic',45,30,15,85,65,65,_binary '\0',NULL),(238,'Elekid','Electric','',45,63,37,65,55,95,_binary '\0',NULL),(239,'Magby','Fire','',45,75,37,70,55,83,_binary '\0',NULL),(240,'Miltank','Normal','',95,80,105,40,70,100,_binary '\0',NULL),(241,'Blissey','Normal','',255,10,10,75,135,55,_binary '\0',NULL),(242,'Raikou','Electric','',90,85,75,115,100,115,_binary '',NULL),(243,'Entei','Fire','',115,115,85,90,75,100,_binary '',NULL),(244,'Suicune','Water','',100,75,115,90,115,85,_binary '',NULL),(245,'Larvitar','Rock','Ground',50,64,50,45,50,41,_binary '\0',NULL),(246,'Pupitar','Rock','Ground',70,84,70,65,70,51,_binary '\0',NULL),(247,'Tyranitar','Rock','Dark',100,134,110,95,100,61,_binary '\0',NULL),(248,'Lugia','Psychic','Flying',106,90,130,90,154,110,_binary '',NULL),(249,'Ho-oh','Fire','Flying',106,130,90,110,154,90,_binary '',NULL),(250,'Celebi','Psychic','Grass',100,100,100,100,100,100,_binary '\0',NULL),(251,'Treecko','Grass','',40,45,35,65,55,70,_binary '\0',NULL),(252,'Grovyle','Grass','',50,65,45,85,65,95,_binary '\0',NULL),(253,'Sceptile','Grass','',70,85,65,105,85,120,_binary '\0',NULL),(254,'Torchic','Fire','',45,60,40,70,50,45,_binary '\0',NULL),(255,'Combusken','Fire','Fighting',60,85,60,85,60,55,_binary '\0',NULL),(256,'Blaziken','Fire','Fighting',80,120,70,110,70,80,_binary '\0',NULL),(257,'Mudkip','Water','',50,70,50,50,50,40,_binary '\0',NULL),(258,'Marshtomp','Water','Ground',70,85,70,60,70,50,_binary '\0',NULL),(259,'Swampert','Water','Ground',100,110,90,85,90,60,_binary '\0',NULL),(260,'Poochyena','Dark','',35,55,35,30,30,35,_binary '\0',NULL),(261,'Mightyena','Dark','',70,90,70,60,60,70,_binary '\0',NULL),(262,'Zigzagoon','Normal','',38,30,41,30,41,60,_binary '\0',NULL),(263,'Linoone','Normal','',78,70,61,50,61,100,_binary '\0',NULL),(264,'Wurmple','Bug','',45,45,35,20,30,20,_binary '\0',NULL),(265,'Silcoon','Bug','',50,35,55,25,25,15,_binary '\0',NULL),(266,'Beautifly','Bug','Flying',60,70,50,100,50,65,_binary '\0',NULL),(267,'Cascoon','Bug','',50,35,55,25,25,15,_binary '\0',NULL),(268,'Dustox','Bug','Poison',60,50,70,50,90,65,_binary '\0',NULL),(269,'Lotad','Water','Grass',40,30,30,40,50,30,_binary '\0',NULL),(270,'Lombre','Water','Grass',60,50,50,60,70,50,_binary '\0',NULL),(271,'Ludicolo','Water','Grass',80,70,70,90,100,70,_binary '\0',NULL),(272,'Seedot','Grass','',40,40,50,30,30,30,_binary '\0',NULL),(273,'Nuzleaf','Grass','Dark',70,70,40,60,40,60,_binary '\0',NULL),(274,'Shiftry','Grass','Dark',90,100,60,90,60,80,_binary '\0',NULL),(275,'Taillow','Normal','Flying',40,55,30,30,30,85,_binary '\0',NULL),(276,'Swellow','Normal','Flying',60,85,60,50,50,125,_binary '\0',NULL),(277,'Wingull','Water','Flying',40,30,30,55,30,85,_binary '\0',NULL),(278,'Pelipper','Water','Flying',60,50,100,85,70,65,_binary '\0',NULL),(279,'Ralts','Psychic','Fairy',28,25,25,45,35,40,_binary '\0',NULL),(280,'Kirlia','Psychic','Fairy',38,35,35,65,55,50,_binary '\0',NULL),(281,'Gardevoir','Psychic','Fairy',68,65,65,125,115,80,_binary '\0',NULL),(282,'Surskit','Bug','Water',40,30,32,50,52,65,_binary '\0',NULL),(283,'Masquerain','Bug','Flying',70,60,62,80,82,60,_binary '\0',NULL),(284,'Shroomish','Grass','',60,40,60,40,60,35,_binary '\0',NULL),(285,'Breloom','Grass','Fighting',60,130,80,60,60,70,_binary '\0',NULL),(286,'Slakoth','Normal','',60,60,60,35,35,30,_binary '\0',NULL),(287,'Vigoroth','Normal','',80,80,80,55,55,90,_binary '\0',NULL),(288,'Slaking','Normal','',150,160,100,95,65,100,_binary '\0',NULL),(289,'Nincada','Bug','Ground',31,45,90,30,30,40,_binary '\0',NULL),(290,'Ninjask','Bug','Flying',61,90,45,50,50,160,_binary '\0',NULL),(291,'Shedinja','Bug','Ghost',1,90,45,30,30,40,_binary '\0',NULL),(292,'Whismur','Normal','',64,51,23,51,23,28,_binary '\0',NULL),(293,'Loudred','Normal','',84,71,43,71,43,48,_binary '\0',NULL),(294,'Exploud','Normal','',104,91,63,91,73,68,_binary '\0',NULL),(295,'Makuhita','Fighting','',72,60,30,20,30,25,_binary '\0',NULL),(296,'Hariyama','Fighting','',144,120,60,40,60,50,_binary '\0',NULL),(297,'Azurill','Normal','Fairy',50,20,40,20,40,20,_binary '\0',NULL),(298,'Nosepass','Rock','',30,45,135,45,90,30,_binary '\0',NULL),(299,'Skitty','Normal','',50,45,45,35,35,50,_binary '\0',NULL),(300,'Delcatty','Normal','',70,65,65,55,55,70,_binary '\0',NULL),(301,'Sableye','Dark','Ghost',50,75,75,65,65,50,_binary '\0',NULL),(302,'Mawile','Steel','Fairy',50,85,85,55,55,50,_binary '\0',NULL),(303,'Aron','Steel','Rock',50,70,100,40,40,30,_binary '\0',NULL),(304,'Lairon','Steel','Rock',60,90,140,50,50,40,_binary '\0',NULL),(305,'Aggron','Steel','Rock',70,110,180,60,60,50,_binary '\0',NULL),(306,'Meditite','Fighting','Psychic',30,40,55,40,55,60,_binary '\0',NULL),(307,'Medicham','Fighting','Psychic',60,60,75,60,75,80,_binary '\0',NULL),(308,'Electrike','Electric','',40,45,40,65,40,65,_binary '\0',NULL),(309,'Manectric','Electric','',70,75,60,105,60,105,_binary '\0',NULL),(310,'Plusle','Electric','',60,50,40,85,75,95,_binary '\0',NULL),(311,'Minun','Electric','',60,40,50,75,85,95,_binary '\0',NULL),(312,'Volbeat','Bug','',65,73,55,47,75,85,_binary '\0',NULL),(313,'Illumise','Bug','',65,47,55,73,75,85,_binary '\0',NULL),(314,'Roselia','Grass','Poison',50,60,45,100,80,65,_binary '\0',NULL),(315,'Gulpin','Poison','',70,43,53,43,53,40,_binary '\0',NULL),(316,'Swalot','Poison','',100,73,83,73,83,55,_binary '\0',NULL),(317,'Carvanha','Water','Dark',45,90,20,65,20,65,_binary '\0',NULL),(318,'Sharpedo','Water','Dark',70,120,40,95,40,95,_binary '\0',NULL),(319,'Wailmer','Water','',130,70,35,70,35,60,_binary '\0',NULL),(320,'Wailord','Water','',170,90,45,90,45,60,_binary '\0',NULL),(321,'Numel','Fire','Ground',60,60,40,65,45,35,_binary '\0',NULL),(322,'Camerupt','Fire','Ground',70,100,70,105,75,40,_binary '\0',NULL),(323,'Torkoal','Fire','',70,85,140,85,70,20,_binary '\0',NULL),(324,'Spoink','Psychic','',60,25,35,70,80,60,_binary '\0',NULL),(325,'Grumpig','Psychic','',80,45,65,90,110,80,_binary '\0',NULL),(326,'Spinda','Normal','',60,60,60,60,60,60,_binary '\0',NULL),(327,'Trapinch','Ground','',45,100,45,45,45,10,_binary '\0',NULL),(328,'Vibrava','Ground','Dragon',50,70,50,50,50,70,_binary '\0',NULL),(329,'Flygon','Ground','Dragon',80,100,80,80,80,100,_binary '\0',NULL),(330,'Cacnea','Grass','',50,85,40,85,40,35,_binary '\0',NULL),(331,'Cacturne','Grass','Dark',70,115,60,115,60,55,_binary '\0',NULL),(332,'Swablu','Normal','Flying',45,40,60,40,75,50,_binary '\0',NULL),(333,'Altaria','Dragon','Flying',75,70,90,70,105,80,_binary '\0',NULL),(334,'Zangoose','Normal','',73,115,60,60,60,90,_binary '\0',NULL),(335,'Seviper','Poison','',73,100,60,100,60,65,_binary '\0',NULL),(336,'Lunatone','Rock','Psychic',70,55,65,95,85,70,_binary '\0',NULL),(337,'Solrock','Rock','Psychic',70,95,85,55,65,70,_binary '\0',NULL),(338,'Barboach','Water','Ground',50,48,43,46,41,60,_binary '\0',NULL),(339,'Whiscash','Water','Ground',110,78,73,76,71,60,_binary '\0',NULL),(340,'Corphish','Water','',43,80,65,50,35,35,_binary '\0',NULL),(341,'Crawdaunt','Water','Dark',63,120,85,90,55,55,_binary '\0',NULL),(342,'Baltoy','Ground','Psychic',40,40,55,40,70,55,_binary '\0',NULL),(343,'Claydol','Ground','Psychic',60,70,105,70,120,75,_binary '\0',NULL),(344,'Lileep','Rock','Grass',66,41,77,61,87,23,_binary '\0',NULL),(345,'Cradily','Rock','Grass',86,81,97,81,107,43,_binary '\0',NULL),(346,'Anorith','Rock','Bug',45,95,50,40,50,75,_binary '\0',NULL),(347,'Armaldo','Rock','Bug',75,125,100,70,80,45,_binary '\0',NULL),(348,'Feebas','Water','',20,15,20,10,55,80,_binary '\0',NULL),(349,'Milotic','Water','',95,60,79,100,125,81,_binary '\0',NULL),(350,'Castform','Normal','',70,70,70,70,70,70,_binary '\0',NULL),(351,'Kecleon','Normal','',60,90,70,60,120,40,_binary '\0',NULL),(352,'Shuppet','Ghost','',44,75,35,63,33,45,_binary '\0',NULL),(353,'Banette','Ghost','',64,115,65,83,63,65,_binary '\0',NULL),(354,'Duskull','Ghost','',20,40,90,30,90,25,_binary '\0',NULL),(355,'Dusclops','Ghost','',40,70,130,60,130,25,_binary '\0',NULL),(356,'Tropius','Grass','Flying',99,68,83,72,87,51,_binary '\0',NULL),(357,'Chimecho','Psychic','',65,50,70,95,80,65,_binary '\0',NULL),(358,'Absol','Dark','',65,130,60,75,60,75,_binary '\0',NULL),(359,'Wynaut','Psychic','',95,23,48,23,48,23,_binary '\0',NULL),(360,'Snorunt','Ice','',50,50,50,50,50,50,_binary '\0',NULL),(361,'Glalie','Ice','',80,80,80,80,80,80,_binary '\0',NULL),(362,'Spheal','Ice','Water',70,40,50,55,50,25,_binary '\0',NULL),(363,'Sealeo','Ice','Water',90,60,70,75,70,45,_binary '\0',NULL),(364,'Walrein','Ice','Water',110,80,90,95,90,65,_binary '\0',NULL),(365,'Clamperl','Water','',35,64,85,74,55,32,_binary '\0',NULL),(366,'Huntail','Water','',55,104,105,94,75,52,_binary '\0',NULL),(367,'Gorebyss','Water','',55,84,105,114,75,52,_binary '\0',NULL),(368,'Relicanth','Water','Rock',100,90,130,45,65,55,_binary '\0',NULL),(369,'Luvdisc','Water','',43,30,55,40,65,97,_binary '\0',NULL),(370,'Bagon','Dragon','',45,75,60,40,30,50,_binary '\0',NULL),(371,'Shelgon','Dragon','',65,95,100,60,50,50,_binary '\0',NULL),(372,'Salamence','Dragon','Flying',95,135,80,110,80,100,_binary '\0',NULL),(373,'Beldum','Steel','Psychic',40,55,80,35,60,30,_binary '\0',NULL),(374,'Metang','Steel','Psychic',60,75,100,55,80,50,_binary '\0',NULL),(375,'Metagross','Steel','Psychic',80,135,130,95,90,70,_binary '\0',NULL),(376,'Regirock','Rock','',80,100,200,50,100,50,_binary '',NULL),(377,'Regice','Ice','',80,50,100,100,200,50,_binary '',NULL),(378,'Registeel','Steel','',80,75,150,75,150,50,_binary '',NULL),(379,'Latias','Dragon','Psychic',80,80,90,110,130,110,_binary '',NULL),(380,'Latios','Dragon','Psychic',80,90,80,130,110,110,_binary '',NULL),(381,'Kyogre','Water','',100,100,90,150,140,90,_binary '',NULL),(382,'KyogrePrimal Kyogre','Water','',100,150,90,180,160,90,_binary '',NULL),(383,'Groudon','Ground','',100,150,140,100,90,90,_binary '',NULL),(384,'GroudonPrimal Groudon','Ground','Fire',100,180,160,150,90,90,_binary '',NULL),(385,'Rayquaza','Dragon','Flying',105,150,90,150,90,95,_binary '',NULL),(386,'Jirachi','Steel','Psychic',100,100,100,100,100,100,_binary '',NULL),(387,'DeoxysNormal Forme','Psychic','',50,150,50,150,50,150,_binary '',NULL),(388,'DeoxysAttack Forme','Psychic','',50,180,20,180,20,150,_binary '',NULL),(389,'DeoxysDefense Forme','Psychic','',50,70,160,70,160,90,_binary '',NULL),(390,'DeoxysSpeed Forme','Psychic','',50,95,90,95,90,180,_binary '',NULL),(391,'Turtwig','Grass','',55,68,64,45,55,31,_binary '\0',NULL),(392,'Grotle','Grass','',75,89,85,55,65,36,_binary '\0',NULL),(393,'Torterra','Grass','Ground',95,109,105,75,85,56,_binary '\0',NULL),(394,'Chimchar','Fire','',44,58,44,58,44,61,_binary '\0',NULL),(395,'Monferno','Fire','Fighting',64,78,52,78,52,81,_binary '\0',NULL),(396,'Infernape','Fire','Fighting',76,104,71,104,71,108,_binary '\0',NULL),(397,'Piplup','Water','',53,51,53,61,56,40,_binary '\0',NULL),(398,'Prinplup','Water','',64,66,68,81,76,50,_binary '\0',NULL),(399,'Empoleon','Water','Steel',84,86,88,111,101,60,_binary '\0',NULL),(400,'Starly','Normal','Flying',40,55,30,30,30,60,_binary '\0',NULL),(401,'Staravia','Normal','Flying',55,75,50,40,40,80,_binary '\0',NULL),(402,'Staraptor','Normal','Flying',85,120,70,50,60,100,_binary '\0',NULL),(403,'Bidoof','Normal','',59,45,40,35,40,31,_binary '\0',NULL),(404,'Bibarel','Normal','Water',79,85,60,55,60,71,_binary '\0',NULL),(405,'Kricketot','Bug','',37,25,41,25,41,25,_binary '\0',NULL),(406,'Kricketune','Bug','',77,85,51,55,51,65,_binary '\0',NULL),(407,'Shinx','Electric','',45,65,34,40,34,45,_binary '\0',NULL),(408,'Luxio','Electric','',60,85,49,60,49,60,_binary '\0',NULL),(409,'Luxray','Electric','',80,120,79,95,79,70,_binary '\0',NULL),(410,'Budew','Grass','Poison',40,30,35,50,70,55,_binary '\0',NULL),(411,'Roserade','Grass','Poison',60,70,65,125,105,90,_binary '\0',NULL),(412,'Cranidos','Rock','',67,125,40,30,30,58,_binary '\0',NULL),(413,'Rampardos','Rock','',97,165,60,65,50,58,_binary '\0',NULL),(414,'Shieldon','Rock','Steel',30,42,118,42,88,30,_binary '\0',NULL),(415,'Bastiodon','Rock','Steel',60,52,168,47,138,30,_binary '\0',NULL),(416,'Burmy','Bug','',40,29,45,29,45,36,_binary '\0',NULL),(417,'WormadamPlant Cloak','Bug','Grass',60,59,85,79,105,36,_binary '\0',NULL),(418,'WormadamSandy Cloak','Bug','Ground',60,79,105,59,85,36,_binary '\0',NULL),(419,'WormadamTrash Cloak','Bug','Steel',60,69,95,69,95,36,_binary '\0',NULL),(420,'Mothim','Bug','Flying',70,94,50,94,50,66,_binary '\0',NULL),(421,'Combee','Bug','Flying',30,30,42,30,42,70,_binary '\0',NULL),(422,'Vespiquen','Bug','Flying',70,80,102,80,102,40,_binary '\0',NULL),(423,'Pachirisu','Electric','',60,45,70,45,90,95,_binary '\0',NULL),(424,'Buizel','Water','',55,65,35,60,30,85,_binary '\0',NULL),(425,'Floatzel','Water','',85,105,55,85,50,115,_binary '\0',NULL),(426,'Cherubi','Grass','',45,35,45,62,53,35,_binary '\0',NULL),(427,'Cherrim','Grass','',70,60,70,87,78,85,_binary '\0',NULL),(428,'Shellos','Water','',76,48,48,57,62,34,_binary '\0',NULL),(429,'Gastrodon','Water','Ground',111,83,68,92,82,39,_binary '\0',NULL),(430,'Ambipom','Normal','',75,100,66,60,66,115,_binary '\0',NULL),(431,'Drifloon','Ghost','Flying',90,50,34,60,44,70,_binary '\0',NULL),(432,'Drifblim','Ghost','Flying',150,80,44,90,54,80,_binary '\0',NULL),(433,'Buneary','Normal','',55,66,44,44,56,85,_binary '\0',NULL),(434,'Lopunny','Normal','',65,76,84,54,96,105,_binary '\0',NULL),(435,'Mismagius','Ghost','',60,60,60,105,105,105,_binary '\0',NULL),(436,'Honchkrow','Dark','Flying',100,125,52,105,52,71,_binary '\0',NULL),(437,'Glameow','Normal','',49,55,42,42,37,85,_binary '\0',NULL),(438,'Purugly','Normal','',71,82,64,64,59,112,_binary '\0',NULL),(439,'Chingling','Psychic','',45,30,50,65,50,45,_binary '\0',NULL),(440,'Stunky','Poison','Dark',63,63,47,41,41,74,_binary '\0',NULL),(441,'Skuntank','Poison','Dark',103,93,67,71,61,84,_binary '\0',NULL),(442,'Bronzor','Steel','Psychic',57,24,86,24,86,23,_binary '\0',NULL),(443,'Bronzong','Steel','Psychic',67,89,116,79,116,33,_binary '\0',NULL),(444,'Bonsly','Rock','',50,80,95,10,45,10,_binary '\0',NULL),(445,'Mime Jr.','Psychic','Fairy',20,25,45,70,90,60,_binary '\0',NULL),(446,'Happiny','Normal','',100,5,5,15,65,30,_binary '\0',NULL),(447,'Chatot','Normal','Flying',76,65,45,92,42,91,_binary '\0',NULL),(448,'Spiritomb','Ghost','Dark',50,92,108,92,108,35,_binary '\0',NULL),(449,'Gible','Dragon','Ground',58,70,45,40,45,42,_binary '\0',NULL),(450,'Gabite','Dragon','Ground',68,90,65,50,55,82,_binary '\0',NULL),(451,'Garchomp','Dragon','Ground',108,130,95,80,85,102,_binary '\0',NULL),(452,'Munchlax','Normal','',135,85,40,40,85,5,_binary '\0',NULL),(453,'Riolu','Fighting','',40,70,40,35,40,60,_binary '\0',NULL),(454,'Lucario','Fighting','Steel',70,110,70,115,70,90,_binary '\0',NULL),(455,'Hippopotas','Ground','',68,72,78,38,42,32,_binary '\0',NULL),(456,'Hippowdon','Ground','',108,112,118,68,72,47,_binary '\0',NULL),(457,'Skorupi','Poison','Bug',40,50,90,30,55,65,_binary '\0',NULL),(458,'Drapion','Poison','Dark',70,90,110,60,75,95,_binary '\0',NULL),(459,'Croagunk','Poison','Fighting',48,61,40,61,40,50,_binary '\0',NULL),(460,'Toxicroak','Poison','Fighting',83,106,65,86,65,85,_binary '\0',NULL),(461,'Carnivine','Grass','',74,100,72,90,72,46,_binary '\0',NULL),(462,'Finneon','Water','',49,49,56,49,61,66,_binary '\0',NULL),(463,'Lumineon','Water','',69,69,76,69,86,91,_binary '\0',NULL),(464,'Mantyke','Water','Flying',45,20,50,60,120,50,_binary '\0',NULL),(465,'Snover','Grass','Ice',60,62,50,62,60,40,_binary '\0',NULL),(466,'Abomasnow','Grass','Ice',90,92,75,92,85,60,_binary '\0',NULL),(467,'Weavile','Dark','Ice',70,120,65,45,85,125,_binary '\0',NULL),(468,'Magnezone','Electric','Steel',70,70,115,130,90,60,_binary '\0',NULL),(469,'Lickilicky','Normal','',110,85,95,80,95,50,_binary '\0',NULL),(470,'Rhyperior','Ground','Rock',115,140,130,55,55,40,_binary '\0',NULL),(471,'Tangrowth','Grass','',100,100,125,110,50,50,_binary '\0',NULL),(472,'Electivire','Electric','',75,123,67,95,85,95,_binary '\0',NULL),(473,'Magmortar','Fire','',75,95,67,125,95,83,_binary '\0',NULL),(474,'Togekiss','Fairy','Flying',85,50,95,120,115,80,_binary '\0',NULL),(475,'Leafeon','Grass','',65,110,130,60,65,95,_binary '\0',NULL),(476,'Glaceon','Ice','',65,60,110,130,95,65,_binary '\0',NULL),(477,'Gliscor','Ground','Flying',75,95,125,45,75,95,_binary '\0',NULL),(478,'Mamoswine','Ice','Ground',110,130,80,70,60,80,_binary '\0',NULL),(479,'Porygon-Z','Normal','',85,80,70,135,75,90,_binary '\0',NULL),(480,'Gallade','Psychic','Fighting',68,125,65,65,115,80,_binary '\0',NULL),(481,'Probopass','Rock','Steel',60,55,145,75,150,40,_binary '\0',NULL),(482,'Dusknoir','Ghost','',45,100,135,65,135,45,_binary '\0',NULL),(483,'Froslass','Ice','Ghost',70,80,70,80,70,110,_binary '\0',NULL),(484,'Rotom','Electric','Ghost',50,50,77,95,77,91,_binary '\0',NULL),(485,'RotomHeat Rotom','Electric','Fire',50,65,107,105,107,86,_binary '\0',NULL),(486,'RotomWash Rotom','Electric','Water',50,65,107,105,107,86,_binary '\0',NULL),(487,'RotomFrost Rotom','Electric','Ice',50,65,107,105,107,86,_binary '\0',NULL),(488,'RotomFan Rotom','Electric','Flying',50,65,107,105,107,86,_binary '\0',NULL),(489,'RotomMow Rotom','Electric','Grass',50,65,107,105,107,86,_binary '\0',NULL),(490,'Uxie','Psychic','',75,75,130,75,130,95,_binary '',NULL),(491,'Mesprit','Psychic','',80,105,105,105,105,80,_binary '',NULL),(492,'Azelf','Psychic','',75,125,70,125,70,115,_binary '',NULL),(493,'Dialga','Steel','Dragon',100,120,120,150,100,90,_binary '',NULL),(494,'Palkia','Water','Dragon',90,120,100,150,120,100,_binary '',NULL),(495,'Heatran','Fire','Steel',91,90,106,130,106,77,_binary '',NULL),(496,'Regigigas','Normal','',110,160,110,80,110,100,_binary '',NULL),(497,'GiratinaAltered Forme','Ghost','Dragon',150,100,120,100,120,90,_binary '',NULL),(498,'GiratinaOrigin Forme','Ghost','Dragon',150,120,100,120,100,90,_binary '',NULL),(499,'Cresselia','Psychic','',120,70,120,75,130,85,_binary '\0',NULL),(500,'Phione','Water','',80,80,80,80,80,80,_binary '\0',NULL),(501,'Manaphy','Water','',100,100,100,100,100,100,_binary '\0',NULL),(502,'Darkrai','Dark','',70,90,90,135,90,125,_binary '',NULL),(503,'ShayminLand Forme','Grass','',100,100,100,100,100,100,_binary '',NULL),(504,'ShayminSky Forme','Grass','Flying',100,103,75,120,75,127,_binary '',NULL),(505,'Arceus','Normal','',120,120,120,120,120,120,_binary '',NULL),(506,'Victini','Psychic','Fire',100,100,100,100,100,100,_binary '',NULL),(507,'Snivy','Grass','',45,45,55,45,55,63,_binary '\0',NULL),(508,'Servine','Grass','',60,60,75,60,75,83,_binary '\0',NULL),(509,'Serperior','Grass','',75,75,95,75,95,113,_binary '\0',NULL),(510,'Tepig','Fire','',65,63,45,45,45,45,_binary '\0',NULL),(511,'Pignite','Fire','Fighting',90,93,55,70,55,55,_binary '\0',NULL),(512,'Emboar','Fire','Fighting',110,123,65,100,65,65,_binary '\0',NULL),(513,'Oshawott','Water','',55,55,45,63,45,45,_binary '\0',NULL),(514,'Dewott','Water','',75,75,60,83,60,60,_binary '\0',NULL),(515,'Samurott','Water','',95,100,85,108,70,70,_binary '\0',NULL),(516,'Patrat','Normal','',45,55,39,35,39,42,_binary '\0',NULL),(517,'Watchog','Normal','',60,85,69,60,69,77,_binary '\0',NULL),(518,'Lillipup','Normal','',45,60,45,25,45,55,_binary '\0',NULL),(519,'Herdier','Normal','',65,80,65,35,65,60,_binary '\0',NULL),(520,'Stoutland','Normal','',85,110,90,45,90,80,_binary '\0',NULL),(521,'Purrloin','Dark','',41,50,37,50,37,66,_binary '\0',NULL),(522,'Liepard','Dark','',64,88,50,88,50,106,_binary '\0',NULL),(523,'Pansage','Grass','',50,53,48,53,48,64,_binary '\0',NULL),(524,'Simisage','Grass','',75,98,63,98,63,101,_binary '\0',NULL),(525,'Pansear','Fire','',50,53,48,53,48,64,_binary '\0',NULL),(526,'Simisear','Fire','',75,98,63,98,63,101,_binary '\0',NULL),(527,'Panpour','Water','',50,53,48,53,48,64,_binary '\0',NULL),(528,'Simipour','Water','',75,98,63,98,63,101,_binary '\0',NULL),(529,'Munna','Psychic','',76,25,45,67,55,24,_binary '\0',NULL),(530,'Musharna','Psychic','',116,55,85,107,95,29,_binary '\0',NULL),(531,'Pidove','Normal','Flying',50,55,50,36,30,43,_binary '\0',NULL),(532,'Tranquill','Normal','Flying',62,77,62,50,42,65,_binary '\0',NULL),(533,'Unfezant','Normal','Flying',80,115,80,65,55,93,_binary '\0',NULL),(534,'Blitzle','Electric','',45,60,32,50,32,76,_binary '\0',NULL),(535,'Zebstrika','Electric','',75,100,63,80,63,116,_binary '\0',NULL),(536,'Roggenrola','Rock','',55,75,85,25,25,15,_binary '\0',NULL),(537,'Boldore','Rock','',70,105,105,50,40,20,_binary '\0',NULL),(538,'Gigalith','Rock','',85,135,130,60,80,25,_binary '\0',NULL),(539,'Woobat','Psychic','Flying',55,45,43,55,43,72,_binary '\0',NULL),(540,'Swoobat','Psychic','Flying',67,57,55,77,55,114,_binary '\0',NULL),(541,'Drilbur','Ground','',60,85,40,30,45,68,_binary '\0',NULL),(542,'Excadrill','Ground','Steel',110,135,60,50,65,88,_binary '\0',NULL),(543,'Audino','Normal','',103,60,86,60,86,50,_binary '\0',NULL),(544,'Timburr','Fighting','',75,80,55,25,35,35,_binary '\0',NULL),(545,'Gurdurr','Fighting','',85,105,85,40,50,40,_binary '\0',NULL),(546,'Conkeldurr','Fighting','',105,140,95,55,65,45,_binary '\0',NULL),(547,'Tympole','Water','',50,50,40,50,40,64,_binary '\0',NULL),(548,'Palpitoad','Water','Ground',75,65,55,65,55,69,_binary '\0',NULL),(549,'Seismitoad','Water','Ground',105,95,75,85,75,74,_binary '\0',NULL),(550,'Throh','Fighting','',120,100,85,30,85,45,_binary '\0',NULL),(551,'Sawk','Fighting','',75,125,75,30,75,85,_binary '\0',NULL),(552,'Sewaddle','Bug','Grass',45,53,70,40,60,42,_binary '\0',NULL),(553,'Swadloon','Bug','Grass',55,63,90,50,80,42,_binary '\0',NULL),(554,'Leavanny','Bug','Grass',75,103,80,70,80,92,_binary '\0',NULL),(555,'Venipede','Bug','Poison',30,45,59,30,39,57,_binary '\0',NULL),(556,'Whirlipede','Bug','Poison',40,55,99,40,79,47,_binary '\0',NULL),(557,'Scolipede','Bug','Poison',60,100,89,55,69,112,_binary '\0',NULL),(558,'Cottonee','Grass','Fairy',40,27,60,37,50,66,_binary '\0',NULL),(559,'Whimsicott','Grass','Fairy',60,67,85,77,75,116,_binary '\0',NULL),(560,'Petilil','Grass','',45,35,50,70,50,30,_binary '\0',NULL),(561,'Lilligant','Grass','',70,60,75,110,75,90,_binary '\0',NULL),(562,'Basculin','Water','',70,92,65,80,55,98,_binary '\0',NULL),(563,'Sandile','Ground','Dark',50,72,35,35,35,65,_binary '\0',NULL),(564,'Krokorok','Ground','Dark',60,82,45,45,45,74,_binary '\0',NULL),(565,'Krookodile','Ground','Dark',95,117,80,65,70,92,_binary '\0',NULL),(566,'Darumaka','Fire','',70,90,45,15,45,50,_binary '\0',NULL),(567,'DarmanitanStandard Mode','Fire','',105,140,55,30,55,95,_binary '\0',NULL),(568,'DarmanitanZen Mode','Fire','Psychic',105,30,105,140,105,55,_binary '\0',NULL),(569,'Maractus','Grass','',75,86,67,106,67,60,_binary '\0',NULL),(570,'Dwebble','Bug','Rock',50,65,85,35,35,55,_binary '\0',NULL),(571,'Crustle','Bug','Rock',70,95,125,65,75,45,_binary '\0',NULL),(572,'Scraggy','Dark','Fighting',50,75,70,35,70,48,_binary '\0',NULL),(573,'Scrafty','Dark','Fighting',65,90,115,45,115,58,_binary '\0',NULL),(574,'Sigilyph','Psychic','Flying',72,58,80,103,80,97,_binary '\0',NULL),(575,'Yamask','Ghost','',38,30,85,55,65,30,_binary '\0',NULL),(576,'Cofagrigus','Ghost','',58,50,145,95,105,30,_binary '\0',NULL),(577,'Tirtouga','Water','Rock',54,78,103,53,45,22,_binary '\0',NULL),(578,'Carracosta','Water','Rock',74,108,133,83,65,32,_binary '\0',NULL),(579,'Archen','Rock','Flying',55,112,45,74,45,70,_binary '\0',NULL),(580,'Archeops','Rock','Flying',75,140,65,112,65,110,_binary '\0',NULL),(581,'Trubbish','Poison','',50,50,62,40,62,65,_binary '\0',NULL),(582,'Garbodor','Poison','',80,95,82,60,82,75,_binary '\0',NULL),(583,'Zorua','Dark','',40,65,40,80,40,65,_binary '\0',NULL),(584,'Zoroark','Dark','',60,105,60,120,60,105,_binary '\0',NULL),(585,'Minccino','Normal','',55,50,40,40,40,75,_binary '\0',NULL),(586,'Cinccino','Normal','',75,95,60,65,60,115,_binary '\0',NULL),(587,'Gothita','Psychic','',45,30,50,55,65,45,_binary '\0',NULL),(588,'Gothorita','Psychic','',60,45,70,75,85,55,_binary '\0',NULL),(589,'Gothitelle','Psychic','',70,55,95,95,110,65,_binary '\0',NULL),(590,'Solosis','Psychic','',45,30,40,105,50,20,_binary '\0',NULL),(591,'Duosion','Psychic','',65,40,50,125,60,30,_binary '\0',NULL),(592,'Reuniclus','Psychic','',110,65,75,125,85,30,_binary '\0',NULL),(593,'Ducklett','Water','Flying',62,44,50,44,50,55,_binary '\0',NULL),(594,'Swanna','Water','Flying',75,87,63,87,63,98,_binary '\0',NULL),(595,'Vanillite','Ice','',36,50,50,65,60,44,_binary '\0',NULL),(596,'Vanillish','Ice','',51,65,65,80,75,59,_binary '\0',NULL),(597,'Vanilluxe','Ice','',71,95,85,110,95,79,_binary '\0',NULL),(598,'Deerling','Normal','Grass',60,60,50,40,50,75,_binary '\0',NULL),(599,'Sawsbuck','Normal','Grass',80,100,70,60,70,95,_binary '\0',NULL),(600,'Emolga','Electric','Flying',55,75,60,75,60,103,_binary '\0',NULL),(601,'Karrablast','Bug','',50,75,45,40,45,60,_binary '\0',NULL),(602,'Escavalier','Bug','Steel',70,135,105,60,105,20,_binary '\0',NULL),(603,'Foongus','Grass','Poison',69,55,45,55,55,15,_binary '\0',NULL),(604,'Amoonguss','Grass','Poison',114,85,70,85,80,30,_binary '\0',NULL),(605,'Frillish','Water','Ghost',55,40,50,65,85,40,_binary '\0',NULL),(606,'Jellicent','Water','Ghost',100,60,70,85,105,60,_binary '\0',NULL),(607,'Alomomola','Water','',165,75,80,40,45,65,_binary '\0',NULL),(608,'Joltik','Bug','Electric',50,47,50,57,50,65,_binary '\0',NULL),(609,'Galvantula','Bug','Electric',70,77,60,97,60,108,_binary '\0',NULL),(610,'Ferroseed','Grass','Steel',44,50,91,24,86,10,_binary '\0',NULL),(611,'Ferrothorn','Grass','Steel',74,94,131,54,116,20,_binary '\0',NULL),(612,'Klink','Steel','',40,55,70,45,60,30,_binary '\0',NULL),(613,'Klang','Steel','',60,80,95,70,85,50,_binary '\0',NULL),(614,'Klinklang','Steel','',60,100,115,70,85,90,_binary '\0',NULL),(615,'Tynamo','Electric','',35,55,40,45,40,60,_binary '\0',NULL),(616,'Eelektrik','Electric','',65,85,70,75,70,40,_binary '\0',NULL),(617,'Eelektross','Electric','',85,115,80,105,80,50,_binary '\0',NULL),(618,'Elgyem','Psychic','',55,55,55,85,55,30,_binary '\0',NULL),(619,'Beheeyem','Psychic','',75,75,75,125,95,40,_binary '\0',NULL),(620,'Litwick','Ghost','Fire',50,30,55,65,55,20,_binary '\0',NULL),(621,'Lampent','Ghost','Fire',60,40,60,95,60,55,_binary '\0',NULL),(622,'Chandelure','Ghost','Fire',60,55,90,145,90,80,_binary '\0',NULL),(623,'Axew','Dragon','',46,87,60,30,40,57,_binary '\0',NULL),(624,'Fraxure','Dragon','',66,117,70,40,50,67,_binary '\0',NULL),(625,'Haxorus','Dragon','',76,147,90,60,70,97,_binary '\0',NULL),(626,'Cubchoo','Ice','',55,70,40,60,40,40,_binary '\0',NULL),(627,'Beartic','Ice','',95,110,80,70,80,50,_binary '\0',NULL),(628,'Cryogonal','Ice','',70,50,30,95,135,105,_binary '\0',NULL),(629,'Shelmet','Bug','',50,40,85,40,65,25,_binary '\0',NULL),(630,'Accelgor','Bug','',80,70,40,100,60,145,_binary '\0',NULL),(631,'Stunfisk','Ground','Electric',109,66,84,81,99,32,_binary '\0',NULL),(632,'Mienfoo','Fighting','',45,85,50,55,50,65,_binary '\0',NULL),(633,'Mienshao','Fighting','',65,125,60,95,60,105,_binary '\0',NULL),(634,'Druddigon','Dragon','',77,120,90,60,90,48,_binary '\0',NULL),(635,'Golett','Ground','Ghost',59,74,50,35,50,35,_binary '\0',NULL),(636,'Golurk','Ground','Ghost',89,124,80,55,80,55,_binary '\0',NULL),(637,'Pawniard','Dark','Steel',45,85,70,40,40,60,_binary '\0',NULL),(638,'Bisharp','Dark','Steel',65,125,100,60,70,70,_binary '\0',NULL),(639,'Bouffalant','Normal','',95,110,95,40,95,55,_binary '\0',NULL),(640,'Rufflet','Normal','Flying',70,83,50,37,50,60,_binary '\0',NULL),(641,'Braviary','Normal','Flying',100,123,75,57,75,80,_binary '\0',NULL),(642,'Vullaby','Dark','Flying',70,55,75,45,65,60,_binary '\0',NULL),(643,'Mandibuzz','Dark','Flying',110,65,105,55,95,80,_binary '\0',NULL),(644,'Heatmor','Fire','',85,97,66,105,66,65,_binary '\0',NULL),(645,'Durant','Bug','Steel',58,109,112,48,48,109,_binary '\0',NULL),(646,'Deino','Dark','Dragon',52,65,50,45,50,38,_binary '\0',NULL),(647,'Zweilous','Dark','Dragon',72,85,70,65,70,58,_binary '\0',NULL),(648,'Hydreigon','Dark','Dragon',92,105,90,125,90,98,_binary '\0',NULL),(649,'Larvesta','Bug','Fire',55,85,55,50,55,60,_binary '\0',NULL),(650,'Volcarona','Bug','Fire',85,60,65,135,105,100,_binary '\0',NULL),(651,'Cobalion','Steel','Fighting',91,90,129,90,72,108,_binary '',NULL),(652,'Terrakion','Rock','Fighting',91,129,90,72,90,108,_binary '',NULL),(653,'Virizion','Grass','Fighting',91,90,72,90,129,108,_binary '',NULL),(654,'TornadusIncarnate Forme','Flying','',79,115,70,125,80,111,_binary '',NULL),(655,'TornadusTherian Forme','Flying','',79,100,80,110,90,121,_binary '',NULL),(656,'ThundurusIncarnate Forme','Electric','Flying',79,115,70,125,80,111,_binary '',NULL),(657,'ThundurusTherian Forme','Electric','Flying',79,105,70,145,80,101,_binary '',NULL),(658,'Reshiram','Dragon','Fire',100,120,100,150,120,90,_binary '',NULL),(659,'Zekrom','Dragon','Electric',100,150,120,120,100,90,_binary '',NULL),(660,'LandorusIncarnate Forme','Ground','Flying',89,125,90,115,80,101,_binary '',NULL),(661,'LandorusTherian Forme','Ground','Flying',89,145,90,105,80,91,_binary '',NULL),(662,'Kyurem','Dragon','Ice',125,130,90,130,90,95,_binary '',NULL),(663,'KyuremBlack Kyurem','Dragon','Ice',125,170,100,120,90,95,_binary '',NULL),(664,'KyuremWhite Kyurem','Dragon','Ice',125,120,90,170,100,95,_binary '',NULL),(665,'KeldeoOrdinary Forme','Water','Fighting',91,72,90,129,90,108,_binary '\0',NULL),(666,'KeldeoResolute Forme','Water','Fighting',91,72,90,129,90,108,_binary '\0',NULL),(667,'MeloettaAria Forme','Normal','Psychic',100,77,77,128,128,90,_binary '\0',NULL),(668,'MeloettaPirouette Forme','Normal','Fighting',100,128,90,77,77,128,_binary '\0',NULL),(669,'Genesect','Bug','Steel',71,120,95,120,95,99,_binary '\0',NULL),(670,'Chespin','Grass','',56,61,65,48,45,38,_binary '\0',NULL),(671,'Quilladin','Grass','',61,78,95,56,58,57,_binary '\0',NULL),(672,'Chesnaught','Grass','Fighting',88,107,122,74,75,64,_binary '\0',NULL),(673,'Fennekin','Fire','',40,45,40,62,60,60,_binary '\0',NULL),(674,'Braixen','Fire','',59,59,58,90,70,73,_binary '\0',NULL),(675,'Delphox','Fire','Psychic',75,69,72,114,100,104,_binary '\0',NULL),(676,'Froakie','Water','',41,56,40,62,44,71,_binary '\0',NULL),(677,'Frogadier','Water','',54,63,52,83,56,97,_binary '\0',NULL),(678,'Greninja','Water','Dark',72,95,67,103,71,122,_binary '\0',NULL),(679,'Bunnelby','Normal','',38,36,38,32,36,57,_binary '\0',NULL),(680,'Diggersby','Normal','Ground',85,56,77,50,77,78,_binary '\0',NULL),(681,'Fletchling','Normal','Flying',45,50,43,40,38,62,_binary '\0',NULL),(682,'Fletchinder','Fire','Flying',62,73,55,56,52,84,_binary '\0',NULL),(683,'Talonflame','Fire','Flying',78,81,71,74,69,126,_binary '\0',NULL),(684,'Scatterbug','Bug','',38,35,40,27,25,35,_binary '\0',NULL),(685,'Spewpa','Bug','',45,22,60,27,30,29,_binary '\0',NULL),(686,'Vivillon','Bug','Flying',80,52,50,90,50,89,_binary '\0',NULL),(687,'Litleo','Fire','Normal',62,50,58,73,54,72,_binary '\0',NULL),(688,'Pyroar','Fire','Normal',86,68,72,109,66,106,_binary '\0',NULL),(689,'Flabébé','Fairy','',44,38,39,61,79,42,_binary '\0',NULL),(690,'Floette','Fairy','',54,45,47,75,98,52,_binary '\0',NULL),(691,'Florges','Fairy','',78,65,68,112,154,75,_binary '\0',NULL),(692,'Skiddo','Grass','',66,65,48,62,57,52,_binary '\0',NULL),(693,'Gogoat','Grass','',123,100,62,97,81,68,_binary '\0',NULL),(694,'Pancham','Fighting','',67,82,62,46,48,43,_binary '\0',NULL),(695,'Pangoro','Fighting','Dark',95,124,78,69,71,58,_binary '\0',NULL),(696,'Furfrou','Normal','',75,80,60,65,90,102,_binary '\0',NULL),(697,'Espurr','Psychic','',62,48,54,63,60,68,_binary '\0',NULL),(698,'MeowsticMale','Psychic','',74,48,76,83,81,104,_binary '\0',NULL),(699,'MeowsticFemale','Psychic','',74,48,76,83,81,104,_binary '\0',NULL),(700,'Honedge','Steel','Ghost',45,80,100,35,37,28,_binary '\0',NULL),(701,'Doublade','Steel','Ghost',59,110,150,45,49,35,_binary '\0',NULL),(702,'AegislashBlade Forme','Steel','Ghost',60,150,50,150,50,60,_binary '\0',NULL),(703,'AegislashShield Forme','Steel','Ghost',60,50,150,50,150,60,_binary '\0',NULL),(704,'Spritzee','Fairy','',78,52,60,63,65,23,_binary '\0',NULL),(705,'Aromatisse','Fairy','',101,72,72,99,89,29,_binary '\0',NULL),(706,'Swirlix','Fairy','',62,48,66,59,57,49,_binary '\0',NULL),(707,'Slurpuff','Fairy','',82,80,86,85,75,72,_binary '\0',NULL),(708,'Inkay','Dark','Psychic',53,54,53,37,46,45,_binary '\0',NULL),(709,'Malamar','Dark','Psychic',86,92,88,68,75,73,_binary '\0',NULL),(710,'Binacle','Rock','Water',42,52,67,39,56,50,_binary '\0',NULL),(711,'Barbaracle','Rock','Water',72,105,115,54,86,68,_binary '\0',NULL),(712,'Skrelp','Poison','Water',50,60,60,60,60,30,_binary '\0',NULL),(713,'Dragalge','Poison','Dragon',65,75,90,97,123,44,_binary '\0',NULL),(714,'Clauncher','Water','',50,53,62,58,63,44,_binary '\0',NULL),(715,'Clawitzer','Water','',71,73,88,120,89,59,_binary '\0',NULL),(716,'Helioptile','Electric','Normal',44,38,33,61,43,70,_binary '\0',NULL),(717,'Heliolisk','Electric','Normal',62,55,52,109,94,109,_binary '\0',NULL),(718,'Tyrunt','Rock','Dragon',58,89,77,45,45,48,_binary '\0',NULL),(719,'Tyrantrum','Rock','Dragon',82,121,119,69,59,71,_binary '\0',NULL),(720,'Amaura','Rock','Ice',77,59,50,67,63,46,_binary '\0',NULL),(721,'Aurorus','Rock','Ice',123,77,72,99,92,58,_binary '\0',NULL),(722,'Sylveon','Fairy','',95,65,65,110,130,60,_binary '\0',NULL),(723,'Hawlucha','Fighting','Flying',78,92,75,74,63,118,_binary '\0',NULL),(724,'Dedenne','Electric','Fairy',67,58,57,81,67,101,_binary '\0',NULL),(725,'Carbink','Rock','Fairy',50,50,150,50,150,50,_binary '\0',NULL),(726,'Goomy','Dragon','',45,50,35,55,75,40,_binary '\0',NULL),(727,'Sliggoo','Dragon','',68,75,53,83,113,60,_binary '\0',NULL),(728,'Goodra','Dragon','',90,100,70,110,150,80,_binary '\0',NULL),(729,'Klefki','Steel','Fairy',57,80,91,80,87,75,_binary '\0',NULL),(730,'Phantump','Ghost','Grass',43,70,48,50,60,38,_binary '\0',NULL),(731,'Trevenant','Ghost','Grass',85,110,76,65,82,56,_binary '\0',NULL),(732,'PumpkabooAverage Size','Ghost','Grass',49,66,70,44,55,51,_binary '\0',NULL),(733,'PumpkabooSmall Size','Ghost','Grass',44,66,70,44,55,56,_binary '\0',NULL),(734,'PumpkabooLarge Size','Ghost','Grass',54,66,70,44,55,46,_binary '\0',NULL),(735,'PumpkabooSuper Size','Ghost','Grass',59,66,70,44,55,41,_binary '\0',NULL),(736,'GourgeistAverage Size','Ghost','Grass',65,90,122,58,75,84,_binary '\0',NULL),(737,'GourgeistSmall Size','Ghost','Grass',55,85,122,58,75,99,_binary '\0',NULL),(738,'GourgeistLarge Size','Ghost','Grass',75,95,122,58,75,69,_binary '\0',NULL),(739,'GourgeistSuper Size','Ghost','Grass',85,100,122,58,75,54,_binary '\0',NULL),(740,'Bergmite','Ice','',55,69,85,32,35,28,_binary '\0',NULL),(741,'Avalugg','Ice','',95,117,184,44,46,28,_binary '\0',NULL),(742,'Noibat','Flying','Dragon',40,30,35,45,40,55,_binary '\0',NULL),(743,'Noivern','Flying','Dragon',85,70,80,97,80,123,_binary '\0',NULL),(744,'Xerneas','Fairy','',126,131,95,131,98,99,_binary '',NULL),(745,'Yveltal','Dark','Flying',126,131,95,131,98,99,_binary '',NULL),(746,'Zygarde50% Forme','Dragon','Ground',108,100,121,81,95,95,_binary '',NULL),(747,'Diancie','Rock','Fairy',50,100,150,100,150,50,_binary '',NULL),(748,'HoopaHoopa Confined','Psychic','Ghost',80,110,60,150,130,70,_binary '',NULL),(749,'HoopaHoopa Unbound','Psychic','Dark',80,160,60,170,130,80,_binary '',NULL),(750,'Volcanion','Fire','Water',80,110,120,130,90,70,_binary '',NULL);
/*!40000 ALTER TABLE `pokedex` ENABLE KEYS */;
UNLOCK TABLES;

--
-- Table structure for table `reply`
--

DROP TABLE IF EXISTS `reply`;
/*!40101 SET @saved_cs_client     = @@character_set_client */;
/*!50503 SET character_set_client = utf8mb4 */;
CREATE TABLE `reply` (
  `replyID` int NOT NULL AUTO_INCREMENT,
  `listingID` int NOT NULL,
  `instanceID` int NOT NULL,
  `respondantID` int NOT NULL,
  PRIMARY KEY (`replyID`)
) ENGINE=InnoDB DEFAULT CHARSET=utf8mb4 COLLATE=utf8mb4_0900_ai_ci;
/*!40101 SET character_set_client = @saved_cs_client */;

--
-- Dumping data for table `reply`
--

LOCK TABLES `reply` WRITE;
/*!40000 ALTER TABLE `reply` DISABLE KEYS */;
/*!40000 ALTER TABLE `reply` ENABLE KEYS */;
UNLOCK TABLES;

--
-- Table structure for table `trades`
--

DROP TABLE IF EXISTS `trades`;
/*!40101 SET @saved_cs_client     = @@character_set_client */;
/*!50503 SET character_set_client = utf8mb4 */;
CREATE TABLE `trades` (
  `tradeID` int NOT NULL AUTO_INCREMENT,
  `listingID` int NOT NULL,
  `replyID` int NOT NULL,
  PRIMARY KEY (`tradeID`),
  KEY `listingID` (`listingID`),
  KEY `replyID` (`replyID`),
  CONSTRAINT `trades_ibfk_1` FOREIGN KEY (`listingID`) REFERENCES `listing` (`listingID`),
  CONSTRAINT `trades_ibfk_2` FOREIGN KEY (`replyID`) REFERENCES `reply` (`replyID`)
) ENGINE=InnoDB DEFAULT CHARSET=utf8mb4 COLLATE=utf8mb4_0900_ai_ci;
/*!40101 SET character_set_client = @saved_cs_client */;

--
-- Dumping data for table `trades`
--

LOCK TABLES `trades` WRITE;
/*!40000 ALTER TABLE `trades` DISABLE KEYS */;
/*!40000 ALTER TABLE `trades` ENABLE KEYS */;
UNLOCK TABLES;

--
-- Table structure for table `typefx`
--

DROP TABLE IF EXISTS `typefx`;
/*!40101 SET @saved_cs_client     = @@character_set_client */;
/*!50503 SET character_set_client = utf8mb4 */;
CREATE TABLE `typefx` (
  `type1` varchar(10) NOT NULL,
  `type2` varchar(10) NOT NULL,
  `double_strength` bit(1) NOT NULL,
  `half_strength` bit(1) NOT NULL,
  `no_impact` bit(1) NOT NULL,
  PRIMARY KEY (`type1`,`type2`),
  CONSTRAINT `typefx_chk_1` CHECK ((((`half_strength` + `double_strength`) + `no_impact`) = 1))
) ENGINE=InnoDB DEFAULT CHARSET=utf8mb4 COLLATE=utf8mb4_0900_ai_ci;
/*!40101 SET character_set_client = @saved_cs_client */;

--
-- Dumping data for table `typefx`
--

LOCK TABLES `typefx` WRITE;
/*!40000 ALTER TABLE `typefx` DISABLE KEYS */;
INSERT INTO `typefx` VALUES ('Bug','Fighting',_binary '\0',_binary '',_binary '\0'),('Bug','Fire',_binary '\0',_binary '',_binary '\0'),('Bug','Flying',_binary '\0',_binary '',_binary '\0'),('Bug','Ghost',_binary '\0',_binary '',_binary '\0'),('Bug','Grass',_binary '',_binary '\0',_binary '\0'),('Bug','Poison',_binary '',_binary '\0',_binary '\0'),('Bug','Psychic',_binary '',_binary '\0',_binary '\0'),('Dragon','Dragon',_binary '',_binary '\0',_binary '\0'),('Electric','Dragon',_binary '\0',_binary '',_binary '\0'),('Electric','Electric',_binary '\0',_binary '',_binary '\0'),('Electric','Flying',_binary '',_binary '\0',_binary '\0'),('Electric','Grass',_binary '\0',_binary '',_binary '\0'),('Electric','Ground',_binary '\0',_binary '\0',_binary ''),('Electric','Water',_binary '',_binary '\0',_binary '\0'),('Fighting','Bug',_binary '\0',_binary '',_binary '\0'),('Fighting','Flying',_binary '\0',_binary '',_binary '\0'),('Fighting','Ghost',_binary '\0',_binary '\0',_binary ''),('Fighting','Ice',_binary '',_binary '\0',_binary '\0'),('Fighting','Normal',_binary '',_binary '\0',_binary '\0'),('Fighting','Poison',_binary '\0',_binary '',_binary '\0'),('Fighting','Psychic',_binary '\0',_binary '',_binary '\0'),('Fighting','Rock',_binary '',_binary '\0',_binary '\0'),('Fire','Bug',_binary '',_binary '\0',_binary '\0'),('Fire','Dragon',_binary '\0',_binary '',_binary '\0'),('Fire','Fire',_binary '\0',_binary '',_binary '\0'),('Fire','Grass',_binary '',_binary '\0',_binary '\0'),('Fire','Ice',_binary '',_binary '\0',_binary '\0'),('Fire','Rock',_binary '\0',_binary '',_binary '\0'),('Fire','Water',_binary '\0',_binary '',_binary '\0'),('Flying','Bug',_binary '',_binary '\0',_binary '\0'),('Flying','Electric',_binary '\0',_binary '',_binary '\0'),('Flying','Fighting',_binary '',_binary '\0',_binary '\0'),('Flying','Grass',_binary '',_binary '\0',_binary '\0'),('Flying','Rock',_binary '\0',_binary '',_binary '\0'),('Ghost','Ghost',_binary '',_binary '\0',_binary '\0'),('Ghost','Normal',_binary '\0',_binary '\0',_binary ''),('Ghost','Psychic',_binary '\0',_binary '\0',_binary ''),('Grass','Bug',_binary '\0',_binary '',_binary '\0'),('Grass','Dragon',_binary '\0',_binary '',_binary '\0'),('Grass','Fire',_binary '\0',_binary '',_binary '\0'),('Grass','Flying',_binary '\0',_binary '',_binary '\0'),('Grass','Grass',_binary '\0',_binary '',_binary '\0'),('Grass','Ground',_binary '',_binary '\0',_binary '\0'),('Grass','Poison',_binary '\0',_binary '',_binary '\0'),('Grass','Rock',_binary '',_binary '\0',_binary '\0'),('Grass','Water',_binary '',_binary '\0',_binary '\0'),('Ground','Bug',_binary '\0',_binary '',_binary '\0'),('Ground','Electric',_binary '',_binary '\0',_binary '\0'),('Ground','Fire',_binary '',_binary '\0',_binary '\0'),('Ground','Flying',_binary '\0',_binary '\0',_binary ''),('Ground','Grass',_binary '\0',_binary '',_binary '\0'),('Ground','Poison',_binary '',_binary '\0',_binary '\0'),('Ground','Rock',_binary '',_binary '\0',_binary '\0'),('Ice','Dragon',_binary '',_binary '\0',_binary '\0'),('Ice','Flying',_binary '',_binary '\0',_binary '\0'),('Ice','Grass',_binary '',_binary '\0',_binary '\0'),('Ice','Ground',_binary '',_binary '\0',_binary '\0'),('Ice','Ice',_binary '\0',_binary '',_binary '\0'),('Ice','Water',_binary '\0',_binary '',_binary '\0'),('Normal','Ghost',_binary '\0',_binary '\0',_binary ''),('Normal','Rock',_binary '\0',_binary '',_binary '\0'),('Poison','Bug',_binary '',_binary '\0',_binary '\0'),('Poison','Ghost',_binary '\0',_binary '',_binary '\0'),('Poison','Grass',_binary '',_binary '\0',_binary '\0'),('Poison','Ground',_binary '\0',_binary '',_binary '\0'),('Poison','Poison',_binary '\0',_binary '',_binary '\0'),('Poison','Rock',_binary '\0',_binary '',_binary '\0'),('Psychic','Fighting',_binary '',_binary '\0',_binary '\0'),('Psychic','Poison',_binary '',_binary '\0',_binary '\0'),('Psychic','Psychic',_binary '\0',_binary '',_binary '\0'),('Rock','Bug',_binary '',_binary '\0',_binary '\0'),('Rock','Fighting',_binary '\0',_binary '',_binary '\0'),('Rock','Fire',_binary '',_binary '\0',_binary '\0'),('Rock','Flying',_binary '',_binary '\0',_binary '\0'),('Rock','Ground',_binary '\0',_binary '',_binary '\0'),('Rock','Ice',_binary '',_binary '\0',_binary '\0'),('Water','Dragon',_binary '\0',_binary '',_binary '\0'),('Water','Fire',_binary '',_binary '\0',_binary '\0'),('Water','Grass',_binary '\0',_binary '',_binary '\0'),('Water','Ground',_binary '',_binary '\0',_binary '\0'),('Water','Rock',_binary '',_binary '\0',_binary '\0'),('Water','Water',_binary '\0',_binary '',_binary '\0');
/*!40000 ALTER TABLE `typefx` ENABLE KEYS */;
UNLOCK TABLES;

--
-- Table structure for table `types`
--

DROP TABLE IF EXISTS `types`;
/*!40101 SET @saved_cs_client     = @@character_set_client */;
/*!50503 SET character_set_client = utf8mb4 */;
CREATE TABLE `types` (
  `type` varchar(10) NOT NULL,
  PRIMARY KEY (`type`)
) ENGINE=InnoDB DEFAULT CHARSET=utf8mb4 COLLATE=utf8mb4_0900_ai_ci;
/*!40101 SET character_set_client = @saved_cs_client */;

--
-- Dumping data for table `types`
--

LOCK TABLES `types` WRITE;
/*!40000 ALTER TABLE `types` DISABLE KEYS */;
INSERT INTO `types` VALUES ('Bug'),('Dragon'),('Electric'),('Fighting'),('Fire'),('Flying'),('Ghost'),('Grass'),('Ground'),('Ice'),('Normal'),('Poison'),('Psychic'),('Rock'),('Water');
/*!40000 ALTER TABLE `types` ENABLE KEYS */;
UNLOCK TABLES;

--
-- Table structure for table `user`
--

DROP TABLE IF EXISTS `user`;
/*!40101 SET @saved_cs_client     = @@character_set_client */;
/*!50503 SET character_set_client = utf8mb4 */;
CREATE TABLE `user` (
  `uID` int NOT NULL AUTO_INCREMENT,
  `name` varchar(40) NOT NULL,
  `tradeCount` int NOT NULL,
  `username` varchar(30) NOT NULL,
  `password` varchar(20) NOT NULL,
  PRIMARY KEY (`uID`),
  UNIQUE KEY `username` (`username`),
  UNIQUE KEY `password` (`password`),
  CONSTRAINT `user_chk_1` CHECK (((length(`password`) > 7) and regexp_like(`password`,_utf8mb4'[0-9]') and regexp_like(`password`,_utf8mb4'[a-z]') and regexp_like(`password`,_utf8mb4'[A-Z]') and regexp_like(`password`,_utf8mb4'[^a-zA-Z0-9]')))
) ENGINE=InnoDB DEFAULT CHARSET=utf8mb4 COLLATE=utf8mb4_0900_ai_ci;
/*!40101 SET character_set_client = @saved_cs_client */;

--
-- Dumping data for table `user`
--

LOCK TABLES `user` WRITE;
/*!40000 ALTER TABLE `user` DISABLE KEYS */;
/*!40000 ALTER TABLE `user` ENABLE KEYS */;
UNLOCK TABLES;
/*!40103 SET TIME_ZONE=@OLD_TIME_ZONE */;

/*!40101 SET SQL_MODE=@OLD_SQL_MODE */;
/*!40014 SET FOREIGN_KEY_CHECKS=@OLD_FOREIGN_KEY_CHECKS */;
/*!40014 SET UNIQUE_CHECKS=@OLD_UNIQUE_CHECKS */;
/*!40101 SET CHARACTER_SET_CLIENT=@OLD_CHARACTER_SET_CLIENT */;
/*!40101 SET CHARACTER_SET_RESULTS=@OLD_CHARACTER_SET_RESULTS */;
/*!40101 SET COLLATION_CONNECTION=@OLD_COLLATION_CONNECTION */;
/*!40111 SET SQL_NOTES=@OLD_SQL_NOTES */;

-- Dump completed on 2025-07-08  2:33:54
